solid exported
	facet normal 0 -1 0
		outer loop
			vertex -464.11944580078125 84.29963684082031 16.933530807495117
			vertex -400.07080078125 84.29963684082031 15.933531761169434
			vertex -400.07080078125 84.29963684082031 16.933530807495117
		endloop
	endfacet
	facet normal 0 -1 0
		outer loop
			vertex -464.11944580078125 84.29963684082031 15.933531761169434
			vertex -400.07080078125 84.29963684082031 15.933531761169434
			vertex -464.11944580078125 84.29963684082031 16.933530807495117
		endloop
	endfacet
	facet normal -0.11520349731848592 -0.9933419120351208 0
		outer loop
			vertex -464.352783203125 84.32669830322266 15.933531761169434
			vertex -464.11944580078125 84.29963684082031 16.933530807495117
			vertex -464.352783203125 84.32669830322266 16.933530807495117
		endloop
	endfacet
	facet normal -0.11520349731848592 -0.9933419120351208 0
		outer loop
			vertex -464.352783203125 84.32669830322266 15.933531761169434
			vertex -464.11944580078125 84.29963684082031 15.933531761169434
			vertex -464.11944580078125 84.29963684082031 16.933530807495117
		endloop
	endfacet
	facet normal -0.34080081362286624 -0.9401355250356155 0
		outer loop
			vertex -464.5655212402344 84.40381622314453 15.933531761169434
			vertex -464.352783203125 84.32669830322266 16.933530807495117
			vertex -464.5655212402344 84.40381622314453 16.933530807495117
		endloop
	endfacet
	facet normal -0.34080081362286624 -0.9401355250356155 0
		outer loop
			vertex -464.5655212402344 84.40381622314453 15.933531761169434
			vertex -464.352783203125 84.32669830322266 15.933531761169434
			vertex -464.352783203125 84.32669830322266 16.933530807495117
		endloop
	endfacet
	facet normal -0.5454424738772672 -0.8381482611630515 0
		outer loop
			vertex -464.7515869140625 84.52490234375 15.933531761169434
			vertex -464.5655212402344 84.40381622314453 16.933530807495117
			vertex -464.7515869140625 84.52490234375 16.933530807495117
		endloop
	endfacet
	facet normal -0.5454424738772672 -0.8381482611630515 0
		outer loop
			vertex -464.7515869140625 84.52490234375 15.933531761169434
			vertex -464.5655212402344 84.40381622314453 15.933531761169434
			vertex -464.5655212402344 84.40381622314453 16.933530807495117
		endloop
	endfacet
	facet normal -0.7197727820752802 -0.6942097249272812 0
		outer loop
			vertex -464.9049072265625 84.68386840820312 15.933531761169434
			vertex -464.7515869140625 84.52490234375 16.933530807495117
			vertex -464.9049072265625 84.68386840820312 16.933530807495117
		endloop
	endfacet
	facet normal -0.7197727820752802 -0.6942097249272812 0
		outer loop
			vertex -464.9049072265625 84.68386840820312 15.933531761169434
			vertex -464.7515869140625 84.52490234375 15.933531761169434
			vertex -464.7515869140625 84.52490234375 16.933530807495117
		endloop
	endfacet
	facet normal -0.8575110827841437 -0.5144654924310917 0
		outer loop
			vertex -465.01934814453125 84.87461853027344 15.933531761169434
			vertex -464.9049072265625 84.68386840820312 16.933530807495117
			vertex -465.01934814453125 84.87461853027344 16.933530807495117
		endloop
	endfacet
	facet normal -0.8575110827841437 -0.5144654924310917 0
		outer loop
			vertex -465.01934814453125 84.87461853027344 15.933531761169434
			vertex -464.9049072265625 84.68386840820312 15.933531761169434
			vertex -464.9049072265625 84.68386840820312 16.933530807495117
		endloop
	endfacet
	facet normal -0.9491714636866548 -0.3147594836107934 0
		outer loop
			vertex -465.0851135253906 85.07293701171875 15.933531761169434
			vertex -465.01934814453125 84.87461853027344 16.933530807495117
			vertex -465.0851135253906 85.07293701171875 16.933530807495117
		endloop
	endfacet
	facet normal -0.9491714636866548 -0.3147594836107934 0
		outer loop
			vertex -465.0851135253906 85.07293701171875 15.933531761169434
			vertex -465.01934814453125 84.87461853027344 15.933531761169434
			vertex -465.01934814453125 84.87461853027344 16.933530807495117
		endloop
	endfacet
	facet normal -0.9943683131238558 -0.10597951620580938 0
		outer loop
			vertex -465.1080627441406 85.28826141357422 15.933531761169434
			vertex -465.0851135253906 85.07293701171875 16.933530807495117
			vertex -465.1080627441406 85.28826141357422 16.933530807495117
		endloop
	endfacet
	facet normal -0.9943683131238558 -0.10597951620580938 0
		outer loop
			vertex -465.1080627441406 85.28826141357422 15.933531761169434
			vertex -465.0851135253906 85.07293701171875 15.933531761169434
			vertex -465.0851135253906 85.07293701171875 16.933530807495117
		endloop
	endfacet
	facet normal -1 0 0
		outer loop
			vertex -465.1080627441406 136.65428161621094 16.933530807495117
			vertex -465.1080627441406 85.28826141357422 15.933531761169434
			vertex -465.1080627441406 85.28826141357422 16.933530807495117
		endloop
	endfacet
	facet normal -1 0 0
		outer loop
			vertex -465.1080627441406 136.65428161621094 15.933531761169434
			vertex -465.1080627441406 85.28826141357422 15.933531761169434
			vertex -465.1080627441406 136.65428161621094 16.933530807495117
		endloop
	endfacet
	facet normal -0.9933521971289924 0.11511477949856612 0
		outer loop
			vertex -465.0810241699219 136.88760375976562 15.933531761169434
			vertex -465.1080627441406 136.65428161621094 16.933530807495117
			vertex -465.0810241699219 136.88760375976562 16.933530807495117
		endloop
	endfacet
	facet normal -0.9933521971289924 0.11511477949856612 0
		outer loop
			vertex -465.0810241699219 136.88760375976562 15.933531761169434
			vertex -465.1080627441406 136.65428161621094 15.933531761169434
			vertex -465.1080627441406 136.65428161621094 16.933530807495117
		endloop
	endfacet
	facet normal -0.9401433561818601 0.34077920979295134 0
		outer loop
			vertex -465.00390625 137.10035705566406 15.933531761169434
			vertex -465.0810241699219 136.88760375976562 16.933530807495117
			vertex -465.00390625 137.10035705566406 16.933530807495117
		endloop
	endfacet
	facet normal -0.9401433561818601 0.34077920979295134 0
		outer loop
			vertex -465.00390625 137.10035705566406 15.933531761169434
			vertex -465.0810241699219 136.88760375976562 15.933531761169434
			vertex -465.0810241699219 136.88760375976562 16.933530807495117
		endloop
	endfacet
	facet normal -0.8381325497251176 0.5454666159273851 0
		outer loop
			vertex -464.8828125 137.2864227294922 15.933531761169434
			vertex -465.00390625 137.10035705566406 16.933530807495117
			vertex -464.8828125 137.2864227294922 16.933530807495117
		endloop
	endfacet
	facet normal -0.8381325497251176 0.5454666159273851 0
		outer loop
			vertex -464.8828125 137.2864227294922 15.933531761169434
			vertex -465.00390625 137.10035705566406 15.933531761169434
			vertex -465.00390625 137.10035705566406 16.933530807495117
		endloop
	endfacet
	facet normal -0.6941739290383498 0.71980730493894 0
		outer loop
			vertex -464.7238464355469 137.43972778320312 15.933531761169434
			vertex -464.8828125 137.2864227294922 16.933530807495117
			vertex -464.7238464355469 137.43972778320312 16.933530807495117
		endloop
	endfacet
	facet normal -0.6941739290383498 0.71980730493894 0
		outer loop
			vertex -464.7238464355469 137.43972778320312 15.933531761169434
			vertex -464.8828125 137.2864227294922 15.933531761169434
			vertex -464.8828125 137.2864227294922 16.933530807495117
		endloop
	endfacet
	facet normal -0.5144856687825237 0.8574989776188656 0
		outer loop
			vertex -464.5330810546875 137.55418395996094 15.933531761169434
			vertex -464.7238464355469 137.43972778320312 16.933530807495117
			vertex -464.5330810546875 137.55418395996094 16.933530807495117
		endloop
	endfacet
	facet normal -0.5144856687825237 0.8574989776188656 0
		outer loop
			vertex -464.5330810546875 137.55418395996094 15.933531761169434
			vertex -464.7238464355469 137.43972778320312 15.933531761169434
			vertex -464.7238464355469 137.43972778320312 16.933530807495117
		endloop
	endfacet
	facet normal -0.314715503023149 0.9491860471777314 0
		outer loop
			vertex -464.33477783203125 137.61993408203125 15.933531761169434
			vertex -464.5330810546875 137.55418395996094 16.933530807495117
			vertex -464.33477783203125 137.61993408203125 16.933530807495117
		endloop
	endfacet
	facet normal -0.10611514286879876 0.9943538487147996 0
		outer loop
			vertex -464.33477783203125 137.61993408203125 15.933531761169434
			vertex -464.33477783203125 137.61993408203125 16.933530807495117
			vertex -464.11944580078125 137.64291381835938 16.933530807495117
		endloop
	endfacet
	facet normal -0.314715503023149 0.9491860471777314 0
		outer loop
			vertex -464.33477783203125 137.61993408203125 15.933531761169434
			vertex -464.5330810546875 137.55418395996094 15.933531761169434
			vertex -464.5330810546875 137.55418395996094 16.933530807495117
		endloop
	endfacet
	facet normal -0.10611514286879876 0.9943538487147996 0
		outer loop
			vertex -464.11944580078125 137.64291381835938 15.933531761169434
			vertex -464.33477783203125 137.61993408203125 15.933531761169434
			vertex -464.11944580078125 137.64291381835938 16.933530807495117
		endloop
	endfacet
	facet normal 0 1 0
		outer loop
			vertex -400.5933532714844 137.64291381835938 15.933531761169434
			vertex -464.11944580078125 137.64291381835938 16.933530807495117
			vertex -400.5933532714844 137.64291381835938 16.933530807495117
		endloop
	endfacet
	facet normal 0 1 0
		outer loop
			vertex -400.5933532714844 137.64291381835938 15.933531761169434
			vertex -464.11944580078125 137.64291381835938 15.933531761169434
			vertex -464.11944580078125 137.64291381835938 16.933530807495117
		endloop
	endfacet
	facet normal 0.7071103180379306 0.7071032443174736 0
		outer loop
			vertex -399.06805419921875 136.1175994873047 15.933531761169434
			vertex -400.5933532714844 137.64291381835938 16.933530807495117
			vertex -399.06805419921875 136.1175994873047 16.933530807495117
		endloop
	endfacet
	facet normal 0.7071103180379306 0.7071032443174736 0
		outer loop
			vertex -399.06805419921875 136.1175994873047 15.933531761169434
			vertex -400.5933532714844 137.64291381835938 15.933531761169434
			vertex -400.5933532714844 137.64291381835938 16.933530807495117
		endloop
	endfacet
	facet normal 1 0 0
		outer loop
			vertex -399.06805419921875 124.69194793701172 15.933531761169434
			vertex -399.06805419921875 136.1175994873047 16.933530807495117
			vertex -399.06805419921875 124.69194793701172 16.933530807495117
		endloop
	endfacet
	facet normal 1 0 0
		outer loop
			vertex -399.06805419921875 124.69194793701172 15.933531761169434
			vertex -399.06805419921875 136.1175994873047 15.933531761169434
			vertex -399.06805419921875 136.1175994873047 16.933530807495117
		endloop
	endfacet
	facet normal 0.7071067811865476 0.7071067811865476 0
		outer loop
			vertex -396.52587890625 122.14977264404297 15.933531761169434
			vertex -399.06805419921875 124.69194793701172 16.933530807495117
			vertex -396.52587890625 122.14977264404297 16.933530807495117
		endloop
	endfacet
	facet normal 0.7071067811865476 0.7071067811865476 0
		outer loop
			vertex -396.52587890625 122.14977264404297 15.933531761169434
			vertex -399.06805419921875 124.69194793701172 15.933531761169434
			vertex -399.06805419921875 124.69194793701172 16.933530807495117
		endloop
	endfacet
	facet normal 1 0 0
		outer loop
			vertex -396.52587890625 89.38398742675781 15.933531761169434
			vertex -396.52587890625 122.14977264404297 16.933530807495117
			vertex -396.52587890625 89.38398742675781 16.933530807495117
		endloop
	endfacet
	facet normal 1 0 0
		outer loop
			vertex -396.52587890625 89.38398742675781 15.933531761169434
			vertex -396.52587890625 122.14977264404297 15.933531761169434
			vertex -396.52587890625 122.14977264404297 16.933530807495117
		endloop
	endfacet
	facet normal 0.7071067811865476 -0.7071067811865476 0
		outer loop
			vertex -399.06805419921875 86.84181213378906 16.933530807495117
			vertex -396.52587890625 89.38398742675781 15.933531761169434
			vertex -396.52587890625 89.38398742675781 16.933530807495117
		endloop
	endfacet
	facet normal 0.7071067811865476 -0.7071067811865476 0
		outer loop
			vertex -399.06805419921875 86.84181213378906 15.933531761169434
			vertex -396.52587890625 89.38398742675781 15.933531761169434
			vertex -399.06805419921875 86.84181213378906 16.933530807495117
		endloop
	endfacet
	facet normal 1 0 0
		outer loop
			vertex -399.06805419921875 85.28826141357422 16.933530807495117
			vertex -399.06805419921875 86.84181213378906 15.933531761169434
			vertex -399.06805419921875 86.84181213378906 16.933530807495117
		endloop
	endfacet
	facet normal 1 0 0
		outer loop
			vertex -399.06805419921875 85.28826141357422 15.933531761169434
			vertex -399.06805419921875 86.84181213378906 15.933531761169434
			vertex -399.06805419921875 85.28826141357422 16.933530807495117
		endloop
	endfacet
	facet normal 0.9933373320583938 -0.11524298130086917 0
		outer loop
			vertex -399.0951232910156 85.05493927001953 15.933531761169434
			vertex -399.06805419921875 85.28826141357422 16.933530807495117
			vertex -399.0951232910156 85.05493927001953 16.933530807495117
		endloop
	endfacet
	facet normal 0.9933373320583938 -0.11524298130086917 0
		outer loop
			vertex -399.0951232910156 85.05493927001953 15.933531761169434
			vertex -399.06805419921875 85.28826141357422 15.933531761169434
			vertex -399.06805419921875 85.28826141357422 16.933530807495117
		endloop
	endfacet
	facet normal 0.9401394407949039 -0.34079001138801823 0
		outer loop
			vertex -399.1722412109375 84.84219360351562 15.933531761169434
			vertex -399.0951232910156 85.05493927001953 16.933530807495117
			vertex -399.1722412109375 84.84219360351562 16.933530807495117
		endloop
	endfacet
	facet normal 0.9401394407949039 -0.34079001138801823 0
		outer loop
			vertex -399.1722412109375 84.84219360351562 15.933531761169434
			vertex -399.0951232910156 85.05493927001953 15.933531761169434
			vertex -399.0951232910156 85.05493927001953 16.933530807495117
		endloop
	endfacet
	facet normal 0.8381427745083251 -0.545450904792986 0
		outer loop
			vertex -399.2933349609375 84.65612030029297 15.933531761169434
			vertex -399.1722412109375 84.84219360351562 16.933530807495117
			vertex -399.2933349609375 84.65612030029297 16.933530807495117
		endloop
	endfacet
	facet normal 0.8381427745083251 -0.545450904792986 0
		outer loop
			vertex -399.2933349609375 84.65612030029297 15.933531761169434
			vertex -399.1722412109375 84.84219360351562 15.933531761169434
			vertex -399.1722412109375 84.84219360351562 16.933530807495117
		endloop
	endfacet
	facet normal 0.6941739290383498 -0.71980730493894 0
		outer loop
			vertex -399.4523010253906 84.50281524658203 15.933531761169434
			vertex -399.2933349609375 84.65612030029297 16.933530807495117
			vertex -399.4523010253906 84.50281524658203 16.933530807495117
		endloop
	endfacet
	facet normal 0.6941739290383498 -0.71980730493894 0
		outer loop
			vertex -399.4523010253906 84.50281524658203 15.933531761169434
			vertex -399.2933349609375 84.65612030029297 15.933531761169434
			vertex -399.2933349609375 84.65612030029297 16.933530807495117
		endloop
	endfacet
	facet normal 0.5145461935175079 -0.8574626608410676 0
		outer loop
			vertex -399.6430358886719 84.38835906982422 15.933531761169434
			vertex -399.4523010253906 84.50281524658203 16.933530807495117
			vertex -399.6430358886719 84.38835906982422 16.933530807495117
		endloop
	endfacet
	facet normal 0.5145461935175079 -0.8574626608410676 0
		outer loop
			vertex -399.6430358886719 84.38835906982422 15.933531761169434
			vertex -399.4523010253906 84.50281524658203 15.933531761169434
			vertex -399.4523010253906 84.50281524658203 16.933530807495117
		endloop
	endfacet
	facet normal 0.3146718731230226 -0.9492005121496978 0
		outer loop
			vertex -399.84136962890625 84.3226089477539 15.933531761169434
			vertex -399.6430358886719 84.38835906982422 16.933530807495117
			vertex -399.84136962890625 84.3226089477539 16.933530807495117
		endloop
	endfacet
	facet normal 0.3146718731230226 -0.9492005121496978 0
		outer loop
			vertex -399.84136962890625 84.3226089477539 15.933531761169434
			vertex -399.6430358886719 84.38835906982422 15.933531761169434
			vertex -399.6430358886719 84.38835906982422 16.933530807495117
		endloop
	endfacet
	facet normal 0.1060951755460237 -0.9943559793785416 0
		outer loop
			vertex -400.0566711425781 84.29963684082031 15.933531761169434
			vertex -399.84136962890625 84.3226089477539 16.933530807495117
			vertex -400.0566711425781 84.29963684082031 16.933530807495117
		endloop
	endfacet
	facet normal 0.1060951755460237 -0.9943559793785416 0
		outer loop
			vertex -400.0566711425781 84.29963684082031 15.933531761169434
			vertex -399.84136962890625 84.3226089477539 15.933531761169434
			vertex -399.84136962890625 84.3226089477539 16.933530807495117
		endloop
	endfacet
	facet normal 0 -1 0
		outer loop
			vertex -400.0566711425781 84.29963684082031 15.933531761169434
			vertex -400.0566711425781 84.29963684082031 16.933530807495117
			vertex -400.07080078125 84.29963684082031 16.933530807495117
		endloop
	endfacet
	facet normal 0 -1 0
		outer loop
			vertex -400.07080078125 84.29963684082031 15.933531761169434
			vertex -400.0566711425781 84.29963684082031 15.933531761169434
			vertex -400.07080078125 84.29963684082031 16.933530807495117
		endloop
	endfacet
	facet normal 0 0 1
		outer loop
			vertex -465.01934814453125 84.87461853027344 16.933530807495117
			vertex -464.7515869140625 84.52490234375 16.933530807495117
			vertex -464.5655212402344 84.40381622314453 16.933530807495117
		endloop
	endfacet
	facet normal 0 0 1
		outer loop
			vertex -465.01934814453125 84.87461853027344 16.933530807495117
			vertex -464.9049072265625 84.68386840820312 16.933530807495117
			vertex -464.7515869140625 84.52490234375 16.933530807495117
		endloop
	endfacet
	facet normal 0 0 1
		outer loop
			vertex -464.352783203125 84.32669830322266 16.933530807495117
			vertex -465.01934814453125 84.87461853027344 16.933530807495117
			vertex -464.5655212402344 84.40381622314453 16.933530807495117
		endloop
	endfacet
	facet normal 0 0 1
		outer loop
			vertex -465.0851135253906 85.07293701171875 16.933530807495117
			vertex -465.01934814453125 84.87461853027344 16.933530807495117
			vertex -464.352783203125 84.32669830322266 16.933530807495117
		endloop
	endfacet
	facet normal 0 0 1
		outer loop
			vertex -464.11944580078125 84.29963684082031 16.933530807495117
			vertex -465.0851135253906 85.07293701171875 16.933530807495117
			vertex -464.352783203125 84.32669830322266 16.933530807495117
		endloop
	endfacet
	facet normal 0 0 1
		outer loop
			vertex -465.1080627441406 85.28826141357422 16.933530807495117
			vertex -465.0851135253906 85.07293701171875 16.933530807495117
			vertex -464.11944580078125 84.29963684082031 16.933530807495117
		endloop
	endfacet
	facet normal 0 0 1
		outer loop
			vertex -452.4240417480469 85.89037322998047 16.933530807495117
			vertex -464.11944580078125 84.29963684082031 16.933530807495117
			vertex -452.186279296875 85.63356018066406 16.933530807495117
		endloop
	endfacet
	facet normal 0 0 1
		outer loop
			vertex -451.9007568359375 85.43585968017578 16.933530807495117
			vertex -452.186279296875 85.63356018066406 16.933530807495117
			vertex -464.11944580078125 84.29963684082031 16.933530807495117
		endloop
	endfacet
	facet normal 0 0 1
		outer loop
			vertex -452.59796142578125 86.18763732910156 16.933530807495117
			vertex -464.11944580078125 84.29963684082031 16.933530807495117
			vertex -452.4240417480469 85.89037322998047 16.933530807495117
		endloop
	endfacet
	facet normal 0 0 1
		outer loop
			vertex -451.5894775390625 85.30738830566406 16.933530807495117
			vertex -451.9007568359375 85.43585968017578 16.933530807495117
			vertex -464.11944580078125 84.29963684082031 16.933530807495117
		endloop
	endfacet
	facet normal 0 0 1
		outer loop
			vertex -452.7015380859375 86.50241088867188 16.933530807495117
			vertex -464.11944580078125 84.29963684082031 16.933530807495117
			vertex -452.59796142578125 86.18763732910156 16.933530807495117
		endloop
	endfacet
	facet normal 0 0 1
		outer loop
			vertex -452.729248046875 86.67464447021484 16.933530807495117
			vertex -464.11944580078125 84.29963684082031 16.933530807495117
			vertex -452.7015380859375 86.50241088867188 16.933530807495117
		endloop
	endfacet
	facet normal 0 0 1
		outer loop
			vertex -451.27532958984375 85.24828338623047 16.933530807495117
			vertex -451.5894775390625 85.30738830566406 16.933530807495117
			vertex -464.11944580078125 84.29963684082031 16.933530807495117
		endloop
	endfacet
	facet normal 0 0 1
		outer loop
			vertex -452.7380676269531 86.8423843383789 16.933530807495117
			vertex -464.11944580078125 84.29963684082031 16.933530807495117
			vertex -452.729248046875 86.67464447021484 16.933530807495117
		endloop
	endfacet
	facet normal 0 0 1
		outer loop
			vertex -450.9703369140625 85.25120544433594 16.933530807495117
			vertex -451.27532958984375 85.24828338623047 16.933530807495117
			vertex -464.11944580078125 84.29963684082031 16.933530807495117
		endloop
	endfacet
	facet normal 0 0 1
		outer loop
			vertex -452.7079772949219 87.15128326416016 16.933530807495117
			vertex -464.11944580078125 84.29963684082031 16.933530807495117
			vertex -452.7380676269531 86.8423843383789 16.933530807495117
		endloop
	endfacet
	facet normal 0 0 1
		outer loop
			vertex -452.6112976074219 87.4665298461914 16.933530807495117
			vertex -464.11944580078125 84.29963684082031 16.933530807495117
			vertex -452.7079772949219 87.15128326416016 16.933530807495117
		endloop
	endfacet
	facet normal 0 0 1
		outer loop
			vertex -452.6112976074219 87.4665298461914 16.933530807495117
			vertex -465.1080627441406 85.28826141357422 16.933530807495117
			vertex -464.11944580078125 84.29963684082031 16.933530807495117
		endloop
	endfacet
	facet normal 0 0 1
		outer loop
			vertex -452.4441833496094 87.76656341552734 16.933530807495117
			vertex -465.1080627441406 85.28826141357422 16.933530807495117
			vertex -452.6112976074219 87.4665298461914 16.933530807495117
		endloop
	endfacet
	facet normal 0 0 1
		outer loop
			vertex -452.2121276855469 88.02830505371094 16.933530807495117
			vertex -465.1080627441406 85.28826141357422 16.933530807495117
			vertex -452.4441833496094 87.76656341552734 16.933530807495117
		endloop
	endfacet
	facet normal 0 0 1
		outer loop
			vertex -451.9303894042969 88.23242950439453 16.933530807495117
			vertex -465.1080627441406 85.28826141357422 16.933530807495117
			vertex -452.2121276855469 88.02830505371094 16.933530807495117
		endloop
	endfacet
	facet normal 0 0 1
		outer loop
			vertex -465.1080627441406 136.65428161621094 16.933530807495117
			vertex -465.1080627441406 85.28826141357422 16.933530807495117
			vertex -451.9303894042969 88.23242950439453 16.933530807495117
		endloop
	endfacet
	facet normal 0 0 1
		outer loop
			vertex -464.5330810546875 137.55418395996094 16.933530807495117
			vertex -465.00390625 137.10035705566406 16.933530807495117
			vertex -465.0810241699219 136.88760375976562 16.933530807495117
		endloop
	endfacet
	facet normal 0 0 1
		outer loop
			vertex -464.5330810546875 137.55418395996094 16.933530807495117
			vertex -464.8828125 137.2864227294922 16.933530807495117
			vertex -465.00390625 137.10035705566406 16.933530807495117
		endloop
	endfacet
	facet normal 0 0 1
		outer loop
			vertex -464.5330810546875 137.55418395996094 16.933530807495117
			vertex -464.7238464355469 137.43972778320312 16.933530807495117
			vertex -464.8828125 137.2864227294922 16.933530807495117
		endloop
	endfacet
	facet normal 0 0 1
		outer loop
			vertex -464.33477783203125 137.61993408203125 16.933530807495117
			vertex -465.0810241699219 136.88760375976562 16.933530807495117
			vertex -465.1080627441406 136.65428161621094 16.933530807495117
		endloop
	endfacet
	facet normal 0 0 1
		outer loop
			vertex -464.33477783203125 137.61993408203125 16.933530807495117
			vertex -464.5330810546875 137.55418395996094 16.933530807495117
			vertex -465.0810241699219 136.88760375976562 16.933530807495117
		endloop
	endfacet
	facet normal 0 0 1
		outer loop
			vertex -464.11944580078125 137.64291381835938 16.933530807495117
			vertex -464.33477783203125 137.61993408203125 16.933530807495117
			vertex -465.1080627441406 136.65428161621094 16.933530807495117
		endloop
	endfacet
	facet normal 0 0 1
		outer loop
			vertex -451.1540222167969 134.15037536621094 16.933530807495117
			vertex -465.1080627441406 136.65428161621094 16.933530807495117
			vertex -450.9162902832031 133.8935546875 16.933530807495117
		endloop
	endfacet
	facet normal 0 0 1
		outer loop
			vertex -450.6307373046875 133.69586181640625 16.933530807495117
			vertex -451.9303894042969 88.23242950439453 16.933530807495117
			vertex -451.62060546875 88.36788177490234 16.933530807495117
		endloop
	endfacet
	facet normal 0 0 1
		outer loop
			vertex -450.6307373046875 133.69586181640625 16.933530807495117
			vertex -450.9162902832031 133.8935546875 16.933530807495117
			vertex -465.1080627441406 136.65428161621094 16.933530807495117
		endloop
	endfacet
	facet normal 0 0 1
		outer loop
			vertex -450.6307373046875 133.69586181640625 16.933530807495117
			vertex -465.1080627441406 136.65428161621094 16.933530807495117
			vertex -451.9303894042969 88.23242950439453 16.933530807495117
		endloop
	endfacet
	facet normal 0 0 1
		outer loop
			vertex -451.3279724121094 134.44764709472656 16.933530807495117
			vertex -464.11944580078125 137.64291381835938 16.933530807495117
			vertex -465.1080627441406 136.65428161621094 16.933530807495117
		endloop
	endfacet
	facet normal 0 0 1
		outer loop
			vertex -451.3279724121094 134.44764709472656 16.933530807495117
			vertex -465.1080627441406 136.65428161621094 16.933530807495117
			vertex -451.1540222167969 134.15037536621094 16.933530807495117
		endloop
	endfacet
	facet normal 0 0 1
		outer loop
			vertex -450.3194885253906 133.5673828125 16.933530807495117
			vertex -451.62060546875 88.36788177490234 16.933530807495117
			vertex -451.3058166503906 88.4335708618164 16.933530807495117
		endloop
	endfacet
	facet normal 0 0 1
		outer loop
			vertex -450.3194885253906 133.5673828125 16.933530807495117
			vertex -450.6307373046875 133.69586181640625 16.933530807495117
			vertex -451.62060546875 88.36788177490234 16.933530807495117
		endloop
	endfacet
	facet normal 0 0 1
		outer loop
			vertex -451.4315490722656 134.7624053955078 16.933530807495117
			vertex -464.11944580078125 137.64291381835938 16.933530807495117
			vertex -451.3279724121094 134.44764709472656 16.933530807495117
		endloop
	endfacet
	facet normal 0 0 1
		outer loop
			vertex -451.4592590332031 134.9346466064453 16.933530807495117
			vertex -464.11944580078125 137.64291381835938 16.933530807495117
			vertex -451.4315490722656 134.7624053955078 16.933530807495117
		endloop
	endfacet
	facet normal 0 0 1
		outer loop
			vertex -450.0053405761719 133.50828552246094 16.933530807495117
			vertex -451.3058166503906 88.4335708618164 16.933530807495117
			vertex -451.0008239746094 88.43648529052734 16.933530807495117
		endloop
	endfacet
	facet normal 0 0 1
		outer loop
			vertex -450.0053405761719 133.50828552246094 16.933530807495117
			vertex -450.3194885253906 133.5673828125 16.933530807495117
			vertex -451.3058166503906 88.4335708618164 16.933530807495117
		endloop
	endfacet
	facet normal 0 0 1
		outer loop
			vertex -451.46807861328125 135.10238647460938 16.933530807495117
			vertex -464.11944580078125 137.64291381835938 16.933530807495117
			vertex -451.4592590332031 134.9346466064453 16.933530807495117
		endloop
	endfacet
	facet normal 0 0 1
		outer loop
			vertex -449.7003173828125 133.51119995117188 16.933530807495117
			vertex -451.0008239746094 88.43648529052734 16.933530807495117
			vertex -450.6866455078125 88.37738037109375 16.933530807495117
		endloop
	endfacet
	facet normal 0 0 1
		outer loop
			vertex -449.7003173828125 133.51119995117188 16.933530807495117
			vertex -450.0053405761719 133.50828552246094 16.933530807495117
			vertex -451.0008239746094 88.43648529052734 16.933530807495117
		endloop
	endfacet
	facet normal 0 0 1
		outer loop
			vertex -451.4379577636719 135.41128540039062 16.933530807495117
			vertex -464.11944580078125 137.64291381835938 16.933530807495117
			vertex -451.46807861328125 135.10238647460938 16.933530807495117
		endloop
	endfacet
	facet normal 0 0 1
		outer loop
			vertex -449.3855285644531 133.57688903808594 16.933530807495117
			vertex -450.6866455078125 88.37738037109375 16.933530807495117
			vertex -450.3753967285156 88.24890899658203 16.933530807495117
		endloop
	endfacet
	facet normal 0 0 1
		outer loop
			vertex -449.3855285644531 133.57688903808594 16.933530807495117
			vertex -449.7003173828125 133.51119995117188 16.933530807495117
			vertex -450.6866455078125 88.37738037109375 16.933530807495117
		endloop
	endfacet
	facet normal 0 0 1
		outer loop
			vertex -400.07080078125 84.29963684082031 16.933530807495117
			vertex -450.34576416015625 85.45233917236328 16.933530807495117
			vertex -450.655517578125 85.31688690185547 16.933530807495117
		endloop
	endfacet
	facet normal 0 0 1
		outer loop
			vertex -400.07080078125 84.29963684082031 16.933530807495117
			vertex -450.655517578125 85.31688690185547 16.933530807495117
			vertex -450.9703369140625 85.25120544433594 16.933530807495117
		endloop
	endfacet
	facet normal 0 0 1
		outer loop
			vertex -400.07080078125 84.29963684082031 16.933530807495117
			vertex -449.5380859375 86.8423843383789 16.933530807495117
			vertex -449.56817626953125 86.53348541259766 16.933530807495117
		endloop
	endfacet
	facet normal 0 0 1
		outer loop
			vertex -400.07080078125 84.29963684082031 16.933530807495117
			vertex -449.56817626953125 86.53348541259766 16.933530807495117
			vertex -449.6648254394531 86.2182388305664 16.933530807495117
		endloop
	endfacet
	facet normal 0 0 1
		outer loop
			vertex -400.07080078125 84.29963684082031 16.933530807495117
			vertex -449.6648254394531 86.2182388305664 16.933530807495117
			vertex -449.83197021484375 85.91820526123047 16.933530807495117
		endloop
	endfacet
	facet normal 0 0 1
		outer loop
			vertex -400.07080078125 84.29963684082031 16.933530807495117
			vertex -449.83197021484375 85.91820526123047 16.933530807495117
			vertex -450.06402587890625 85.65646362304688 16.933530807495117
		endloop
	endfacet
	facet normal 0 0 1
		outer loop
			vertex -400.07080078125 84.29963684082031 16.933530807495117
			vertex -450.06402587890625 85.65646362304688 16.933530807495117
			vertex -450.34576416015625 85.45233917236328 16.933530807495117
		endloop
	endfacet
	facet normal 0 0 1
		outer loop
			vertex -451.34130859375 135.72653198242188 16.933530807495117
			vertex -464.11944580078125 137.64291381835938 16.933530807495117
			vertex -451.4379577636719 135.41128540039062 16.933530807495117
		endloop
	endfacet
	facet normal 0 0 1
		outer loop
			vertex -449.07574462890625 133.71234130859375 16.933530807495117
			vertex -450.3753967285156 88.24890899658203 16.933530807495117
			vertex -450.0898742675781 88.05120849609375 16.933530807495117
		endloop
	endfacet
	facet normal 0 0 1
		outer loop
			vertex -449.07574462890625 133.71234130859375 16.933530807495117
			vertex -449.3855285644531 133.57688903808594 16.933530807495117
			vertex -450.3753967285156 88.24890899658203 16.933530807495117
		endloop
	endfacet
	facet normal 0 0 1
		outer loop
			vertex -451.1741638183594 136.0265655517578 16.933530807495117
			vertex -464.11944580078125 137.64291381835938 16.933530807495117
			vertex -451.34130859375 135.72653198242188 16.933530807495117
		endloop
	endfacet
	facet normal 0 0 1
		outer loop
			vertex -448.79400634765625 133.91647338867188 16.933530807495117
			vertex -449.07574462890625 133.71234130859375 16.933530807495117
			vertex -450.0898742675781 88.05120849609375 16.933530807495117
		endloop
	endfacet
	facet normal 0 0 1
		outer loop
			vertex -450.942138671875 136.28829956054688 16.933530807495117
			vertex -464.11944580078125 137.64291381835938 16.933530807495117
			vertex -451.1741638183594 136.0265655517578 16.933530807495117
		endloop
	endfacet
	facet normal 0 0 1
		outer loop
			vertex -399.2933349609375 84.65612030029297 16.933530807495117
			vertex -399.6430358886719 84.38835906982422 16.933530807495117
			vertex -399.4523010253906 84.50281524658203 16.933530807495117
		endloop
	endfacet
	facet normal 0 0 1
		outer loop
			vertex -399.1722412109375 84.84219360351562 16.933530807495117
			vertex -399.6430358886719 84.38835906982422 16.933530807495117
			vertex -399.2933349609375 84.65612030029297 16.933530807495117
		endloop
	endfacet
	facet normal 0 0 1
		outer loop
			vertex -450.660400390625 136.492431640625 16.933530807495117
			vertex -464.11944580078125 137.64291381835938 16.933530807495117
			vertex -450.942138671875 136.28829956054688 16.933530807495117
		endloop
	endfacet
	facet normal 0 0 1
		outer loop
			vertex -399.0951232910156 85.05493927001953 16.933530807495117
			vertex -399.84136962890625 84.3226089477539 16.933530807495117
			vertex -399.6430358886719 84.38835906982422 16.933530807495117
		endloop
	endfacet
	facet normal 0 0 1
		outer loop
			vertex -399.0951232910156 85.05493927001953 16.933530807495117
			vertex -399.6430358886719 84.38835906982422 16.933530807495117
			vertex -399.1722412109375 84.84219360351562 16.933530807495117
		endloop
	endfacet
	facet normal 0 0 1
		outer loop
			vertex -399.06805419921875 85.28826141357422 16.933530807495117
			vertex -400.07080078125 84.29963684082031 16.933530807495117
			vertex -400.0566711425781 84.29963684082031 16.933530807495117
		endloop
	endfacet
	facet normal 0 0 1
		outer loop
			vertex -399.06805419921875 85.28826141357422 16.933530807495117
			vertex -399.84136962890625 84.3226089477539 16.933530807495117
			vertex -399.0951232910156 85.05493927001953 16.933530807495117
		endloop
	endfacet
	facet normal 0 0 1
		outer loop
			vertex -399.06805419921875 85.28826141357422 16.933530807495117
			vertex -400.0566711425781 84.29963684082031 16.933530807495117
			vertex -399.84136962890625 84.3226089477539 16.933530807495117
		endloop
	endfacet
	facet normal 0 0 1
		outer loop
			vertex -450.3506164550781 136.6278839111328 16.933530807495117
			vertex -464.11944580078125 137.64291381835938 16.933530807495117
			vertex -450.660400390625 136.492431640625 16.933530807495117
		endloop
	endfacet
	facet normal 0 0 1
		outer loop
			vertex -450.03582763671875 136.69357299804688 16.933530807495117
			vertex -464.11944580078125 137.64291381835938 16.933530807495117
			vertex -450.3506164550781 136.6278839111328 16.933530807495117
		endloop
	endfacet
	facet normal 0 0 1
		outer loop
			vertex -399.06805419921875 86.84181213378906 16.933530807495117
			vertex -400.07080078125 84.29963684082031 16.933530807495117
			vertex -399.06805419921875 85.28826141357422 16.933530807495117
		endloop
	endfacet
	facet normal 0 0 1
		outer loop
			vertex -400.3540344238281 90.97037506103516 16.933530807495117
			vertex -400.07080078125 84.29963684082031 16.933530807495117
			vertex -399.06805419921875 86.84181213378906 16.933530807495117
		endloop
	endfacet
	facet normal 0 0 1
		outer loop
			vertex -400.3540344238281 90.97037506103516 16.933530807495117
			vertex -399.06805419921875 86.84181213378906 16.933530807495117
			vertex -400.11627197265625 90.71355438232422 16.933530807495117
		endloop
	endfacet
	facet normal 0 0 1
		outer loop
			vertex -399.83074951171875 90.51585388183594 16.933530807495117
			vertex -400.11627197265625 90.71355438232422 16.933530807495117
			vertex -399.06805419921875 86.84181213378906 16.933530807495117
		endloop
	endfacet
	facet normal 0 0 1
		outer loop
			vertex -400.5279846191406 91.26763916015625 16.933530807495117
			vertex -400.07080078125 84.29963684082031 16.933530807495117
			vertex -400.3540344238281 90.97037506103516 16.933530807495117
		endloop
	endfacet
	facet normal 0 0 1
		outer loop
			vertex -399.5195007324219 90.38738250732422 16.933530807495117
			vertex -399.83074951171875 90.51585388183594 16.933530807495117
			vertex -399.06805419921875 86.84181213378906 16.933530807495117
		endloop
	endfacet
	facet normal 0 0 1
		outer loop
			vertex -400.63153076171875 91.58241271972656 16.933530807495117
			vertex -449.5380859375 86.8423843383789 16.933530807495117
			vertex -400.07080078125 84.29963684082031 16.933530807495117
		endloop
	endfacet
	facet normal 0 0 1
		outer loop
			vertex -400.63153076171875 91.58241271972656 16.933530807495117
			vertex -400.07080078125 84.29963684082031 16.933530807495117
			vertex -400.5279846191406 91.26763916015625 16.933530807495117
		endloop
	endfacet
	facet normal 0 0 1
		outer loop
			vertex -400.65924072265625 91.754638671875 16.933530807495117
			vertex -449.5380859375 86.8423843383789 16.933530807495117
			vertex -400.63153076171875 91.58241271972656 16.933530807495117
		endloop
	endfacet
	facet normal 0 0 1
		outer loop
			vertex -400.65924072265625 91.754638671875 16.933530807495117
			vertex -449.546875 87.01012420654297 16.933530807495117
			vertex -449.5380859375 86.8423843383789 16.933530807495117
		endloop
	endfacet
	facet normal 0 0 1
		outer loop
			vertex -399.205322265625 90.32828521728516 16.933530807495117
			vertex -399.5195007324219 90.38738250732422 16.933530807495117
			vertex -399.06805419921875 86.84181213378906 16.933530807495117
		endloop
	endfacet
	facet normal 0 0 1
		outer loop
			vertex -400.6680603027344 91.9223861694336 16.933530807495117
			vertex -449.546875 87.01012420654297 16.933530807495117
			vertex -400.65924072265625 91.754638671875 16.933530807495117
		endloop
	endfacet
	facet normal 0 0 1
		outer loop
			vertex -400.6680603027344 91.9223861694336 16.933530807495117
			vertex -449.5746154785156 87.18235778808594 16.933530807495117
			vertex -449.546875 87.01012420654297 16.933530807495117
		endloop
	endfacet
	facet normal 0 0 1
		outer loop
			vertex -398.90032958984375 90.3311996459961 16.933530807495117
			vertex -399.205322265625 90.32828521728516 16.933530807495117
			vertex -399.06805419921875 86.84181213378906 16.933530807495117
		endloop
	endfacet
	facet normal 0 0 1
		outer loop
			vertex -400.6379699707031 92.23127746582031 16.933530807495117
			vertex -449.5746154785156 87.18235778808594 16.933530807495117
			vertex -400.6680603027344 91.9223861694336 16.933530807495117
		endloop
	endfacet
	facet normal 0 0 1
		outer loop
			vertex -400.6379699707031 92.23127746582031 16.933530807495117
			vertex -449.67816162109375 87.49713134765625 16.933530807495117
			vertex -449.5746154785156 87.18235778808594 16.933530807495117
		endloop
	endfacet
	facet normal 0 0 1
		outer loop
			vertex -398.58551025390625 90.39688110351562 16.933530807495117
			vertex -398.90032958984375 90.3311996459961 16.933530807495117
			vertex -399.06805419921875 86.84181213378906 16.933530807495117
		endloop
	endfacet
	facet normal 0 0 1
		outer loop
			vertex -400.54132080078125 92.5465316772461 16.933530807495117
			vertex -449.85211181640625 87.79439544677734 16.933530807495117
			vertex -449.67816162109375 87.49713134765625 16.933530807495117
		endloop
	endfacet
	facet normal 0 0 1
		outer loop
			vertex -400.54132080078125 92.5465316772461 16.933530807495117
			vertex -449.67816162109375 87.49713134765625 16.933530807495117
			vertex -400.6379699707031 92.23127746582031 16.933530807495117
		endloop
	endfacet
	facet normal 0 0 1
		outer loop
			vertex -396.52587890625 89.38398742675781 16.933530807495117
			vertex -397.9940185546875 90.73646545410156 16.933530807495117
			vertex -398.2757568359375 90.53233337402344 16.933530807495117
		endloop
	endfacet
	facet normal 0 0 1
		outer loop
			vertex -396.52587890625 89.38398742675781 16.933530807495117
			vertex -398.2757568359375 90.53233337402344 16.933530807495117
			vertex -398.58551025390625 90.39688110351562 16.933530807495117
		endloop
	endfacet
	facet normal 0 0 1
		outer loop
			vertex -396.52587890625 89.38398742675781 16.933530807495117
			vertex -398.58551025390625 90.39688110351562 16.933530807495117
			vertex -399.06805419921875 86.84181213378906 16.933530807495117
		endloop
	endfacet
	facet normal 0 0 1
		outer loop
			vertex -397.761962890625 90.99820709228516 16.933530807495117
			vertex -397.9940185546875 90.73646545410156 16.933530807495117
			vertex -396.52587890625 89.38398742675781 16.933530807495117
		endloop
	endfacet
	facet normal 0 0 1
		outer loop
			vertex -397.5948181152344 91.29823303222656 16.933530807495117
			vertex -397.761962890625 90.99820709228516 16.933530807495117
			vertex -396.52587890625 89.38398742675781 16.933530807495117
		endloop
	endfacet
	facet normal 0 0 1
		outer loop
			vertex -397.4981689453125 91.61348724365234 16.933530807495117
			vertex -397.5948181152344 91.29823303222656 16.933530807495117
			vertex -396.52587890625 89.38398742675781 16.933530807495117
		endloop
	endfacet
	facet normal 0 0 1
		outer loop
			vertex -397.46807861328125 91.9223861694336 16.933530807495117
			vertex -397.4981689453125 91.61348724365234 16.933530807495117
			vertex -396.52587890625 89.38398742675781 16.933530807495117
		endloop
	endfacet
	facet normal 0 0 1
		outer loop
			vertex -397.4768981933594 92.09012603759766 16.933530807495117
			vertex -397.46807861328125 91.9223861694336 16.933530807495117
			vertex -396.52587890625 89.38398742675781 16.933530807495117
		endloop
	endfacet
	facet normal 0 0 1
		outer loop
			vertex -397.5046081542969 92.26235961914062 16.933530807495117
			vertex -397.4768981933594 92.09012603759766 16.933530807495117
			vertex -396.52587890625 89.38398742675781 16.933530807495117
		endloop
	endfacet
	facet normal 0 0 1
		outer loop
			vertex -400.11627197265625 118.65355682373047 16.933530807495117
			vertex -400.1421203613281 93.1082992553711 16.933530807495117
			vertex -399.8603820800781 93.31243133544922 16.933530807495117
		endloop
	endfacet
	facet normal 0 0 1
		outer loop
			vertex -400.3540344238281 118.9103775024414 16.933530807495117
			vertex -400.3741760253906 92.8465576171875 16.933530807495117
			vertex -400.1421203613281 93.1082992553711 16.933530807495117
		endloop
	endfacet
	facet normal 0 0 1
		outer loop
			vertex -400.3540344238281 118.9103775024414 16.933530807495117
			vertex -400.1421203613281 93.1082992553711 16.933530807495117
			vertex -400.11627197265625 118.65355682373047 16.933530807495117
		endloop
	endfacet
	facet normal 0 0 1
		outer loop
			vertex -399.83074951171875 118.45585632324219 16.933530807495117
			vertex -399.8603820800781 93.31243133544922 16.933530807495117
			vertex -399.5506286621094 93.44788360595703 16.933530807495117
		endloop
	endfacet
	facet normal 0 0 1
		outer loop
			vertex -399.83074951171875 118.45585632324219 16.933530807495117
			vertex -400.11627197265625 118.65355682373047 16.933530807495117
			vertex -399.8603820800781 93.31243133544922 16.933530807495117
		endloop
	endfacet
	facet normal 0 0 1
		outer loop
			vertex -400.5279846191406 119.2076416015625 16.933530807495117
			vertex -400.3741760253906 92.8465576171875 16.933530807495117
			vertex -400.3540344238281 118.9103775024414 16.933530807495117
		endloop
	endfacet
	facet normal 0 0 1
		outer loop
			vertex -400.5279846191406 119.2076416015625 16.933530807495117
			vertex -450.0898742675781 88.05120849609375 16.933530807495117
			vertex -449.85211181640625 87.79439544677734 16.933530807495117
		endloop
	endfacet
	facet normal 0 0 1
		outer loop
			vertex -400.5279846191406 119.2076416015625 16.933530807495117
			vertex -400.54132080078125 92.5465316772461 16.933530807495117
			vertex -400.3741760253906 92.8465576171875 16.933530807495117
		endloop
	endfacet
	facet normal 0 0 1
		outer loop
			vertex -400.5279846191406 119.2076416015625 16.933530807495117
			vertex -449.85211181640625 87.79439544677734 16.933530807495117
			vertex -400.54132080078125 92.5465316772461 16.933530807495117
		endloop
	endfacet
	facet normal 0 0 1
		outer loop
			vertex -399.5195007324219 118.32738494873047 16.933530807495117
			vertex -399.83074951171875 118.45585632324219 16.933530807495117
			vertex -399.5506286621094 93.44788360595703 16.933530807495117
		endloop
	endfacet
	facet normal 0 0 1
		outer loop
			vertex -399.5195007324219 118.32738494873047 16.933530807495117
			vertex -399.5506286621094 93.44788360595703 16.933530807495117
			vertex -399.2358093261719 93.51356506347656 16.933530807495117
		endloop
	endfacet
	facet normal 0 0 1
		outer loop
			vertex -400.63153076171875 119.52241516113281 16.933530807495117
			vertex -450.0898742675781 88.05120849609375 16.933530807495117
			vertex -400.5279846191406 119.2076416015625 16.933530807495117
		endloop
	endfacet
	facet normal 0 0 1
		outer loop
			vertex -400.63153076171875 119.52241516113281 16.933530807495117
			vertex -448.79400634765625 133.91647338867188 16.933530807495117
			vertex -450.0898742675781 88.05120849609375 16.933530807495117
		endloop
	endfacet
	facet normal 0 0 1
		outer loop
			vertex -400.65924072265625 119.69464111328125 16.933530807495117
			vertex -448.5619812011719 134.17820739746094 16.933530807495117
			vertex -448.79400634765625 133.91647338867188 16.933530807495117
		endloop
	endfacet
	facet normal 0 0 1
		outer loop
			vertex -400.65924072265625 119.69464111328125 16.933530807495117
			vertex -448.79400634765625 133.91647338867188 16.933530807495117
			vertex -400.63153076171875 119.52241516113281 16.933530807495117
		endloop
	endfacet
	facet normal 0 0 1
		outer loop
			vertex -399.205322265625 118.26828002929688 16.933530807495117
			vertex -399.2358093261719 93.51356506347656 16.933530807495117
			vertex -398.9308166503906 93.51648712158203 16.933530807495117
		endloop
	endfacet
	facet normal 0 0 1
		outer loop
			vertex -399.205322265625 118.26828002929688 16.933530807495117
			vertex -399.5195007324219 118.32738494873047 16.933530807495117
			vertex -399.2358093261719 93.51356506347656 16.933530807495117
		endloop
	endfacet
	facet normal 0 0 1
		outer loop
			vertex -400.6680603027344 119.86238098144531 16.933530807495117
			vertex -448.5619812011719 134.17820739746094 16.933530807495117
			vertex -400.65924072265625 119.69464111328125 16.933530807495117
		endloop
	endfacet
	facet normal 0 0 1
		outer loop
			vertex -400.6680603027344 119.86238098144531 16.933530807495117
			vertex -448.39483642578125 134.47824096679688 16.933530807495117
			vertex -448.5619812011719 134.17820739746094 16.933530807495117
		endloop
	endfacet
	facet normal 0 0 1
		outer loop
			vertex -398.90032958984375 118.27120208740234 16.933530807495117
			vertex -399.205322265625 118.26828002929688 16.933530807495117
			vertex -398.9308166503906 93.51648712158203 16.933530807495117
		endloop
	endfacet
	facet normal 0 0 1
		outer loop
			vertex -398.90032958984375 118.27120208740234 16.933530807495117
			vertex -398.9308166503906 93.51648712158203 16.933530807495117
			vertex -398.6166687011719 93.45738220214844 16.933530807495117
		endloop
	endfacet
	facet normal 0 0 1
		outer loop
			vertex -400.6379699707031 120.17127990722656 16.933530807495117
			vertex -448.39483642578125 134.47824096679688 16.933530807495117
			vertex -400.6680603027344 119.86238098144531 16.933530807495117
		endloop
	endfacet
	facet normal 0 0 1
		outer loop
			vertex -400.6379699707031 120.17127990722656 16.933530807495117
			vertex -448.2981872558594 134.79348754882812 16.933530807495117
			vertex -448.39483642578125 134.47824096679688 16.933530807495117
		endloop
	endfacet
	facet normal 0 0 1
		outer loop
			vertex -398.58551025390625 118.33688354492188 16.933530807495117
			vertex -398.6166687011719 93.45738220214844 16.933530807495117
			vertex -398.3053894042969 93.32891082763672 16.933530807495117
		endloop
	endfacet
	facet normal 0 0 1
		outer loop
			vertex -398.58551025390625 118.33688354492188 16.933530807495117
			vertex -398.90032958984375 118.27120208740234 16.933530807495117
			vertex -398.6166687011719 93.45738220214844 16.933530807495117
		endloop
	endfacet
	facet normal 0 0 1
		outer loop
			vertex -400.54132080078125 120.48653411865234 16.933530807495117
			vertex -448.2981872558594 134.79348754882812 16.933530807495117
			vertex -400.6379699707031 120.17127990722656 16.933530807495117
		endloop
	endfacet
	facet normal 0 0 1
		outer loop
			vertex -398.2757568359375 118.47233581542969 16.933530807495117
			vertex -398.3053894042969 93.32891082763672 16.933530807495117
			vertex -398.0198669433594 93.13121032714844 16.933530807495117
		endloop
	endfacet
	facet normal 0 0 1
		outer loop
			vertex -398.2757568359375 118.47233581542969 16.933530807495117
			vertex -398.58551025390625 118.33688354492188 16.933530807495117
			vertex -398.3053894042969 93.32891082763672 16.933530807495117
		endloop
	endfacet
	facet normal 0 0 1
		outer loop
			vertex -397.9940185546875 118.67646789550781 16.933530807495117
			vertex -398.2757568359375 118.47233581542969 16.933530807495117
			vertex -398.0198669433594 93.13121032714844 16.933530807495117
		endloop
	endfacet
	facet normal 0 0 1
		outer loop
			vertex -397.9940185546875 118.67646789550781 16.933530807495117
			vertex -398.0198669433594 93.13121032714844 16.933530807495117
			vertex -397.7821044921875 92.8743896484375 16.933530807495117
		endloop
	endfacet
	facet normal 0 0 1
		outer loop
			vertex -397.761962890625 118.9382095336914 16.933530807495117
			vertex -397.7821044921875 92.8743896484375 16.933530807495117
			vertex -397.6081848144531 92.5771255493164 16.933530807495117
		endloop
	endfacet
	facet normal 0 0 1
		outer loop
			vertex -397.761962890625 118.9382095336914 16.933530807495117
			vertex -397.9940185546875 118.67646789550781 16.933530807495117
			vertex -397.7821044921875 92.8743896484375 16.933530807495117
		endloop
	endfacet
	facet normal 0 0 1
		outer loop
			vertex -397.5948181152344 119.23823547363281 16.933530807495117
			vertex -397.761962890625 118.9382095336914 16.933530807495117
			vertex -397.6081848144531 92.5771255493164 16.933530807495117
		endloop
	endfacet
	facet normal 0 0 1
		outer loop
			vertex -396.52587890625 122.14977264404297 16.933530807495117
			vertex -397.5948181152344 119.23823547363281 16.933530807495117
			vertex -397.6081848144531 92.5771255493164 16.933530807495117
		endloop
	endfacet
	facet normal 0 0 1
		outer loop
			vertex -396.52587890625 122.14977264404297 16.933530807495117
			vertex -397.6081848144531 92.5771255493164 16.933530807495117
			vertex -397.5046081542969 92.26235961914062 16.933530807495117
		endloop
	endfacet
	facet normal 0 0 1
		outer loop
			vertex -396.52587890625 122.14977264404297 16.933530807495117
			vertex -398.6166687011719 121.39738464355469 16.933530807495117
			vertex -398.3053894042969 121.26891326904297 16.933530807495117
		endloop
	endfacet
	facet normal 0 0 1
		outer loop
			vertex -396.52587890625 122.14977264404297 16.933530807495117
			vertex -398.3053894042969 121.26891326904297 16.933530807495117
			vertex -398.0198669433594 121.07121276855469 16.933530807495117
		endloop
	endfacet
	facet normal 0 0 1
		outer loop
			vertex -396.52587890625 122.14977264404297 16.933530807495117
			vertex -398.0198669433594 121.07121276855469 16.933530807495117
			vertex -397.7821044921875 120.81439208984375 16.933530807495117
		endloop
	endfacet
	facet normal 0 0 1
		outer loop
			vertex -396.52587890625 122.14977264404297 16.933530807495117
			vertex -397.7821044921875 120.81439208984375 16.933530807495117
			vertex -397.6081848144531 120.51712799072266 16.933530807495117
		endloop
	endfacet
	facet normal 0 0 1
		outer loop
			vertex -396.52587890625 122.14977264404297 16.933530807495117
			vertex -397.6081848144531 120.51712799072266 16.933530807495117
			vertex -397.5046081542969 120.20235443115234 16.933530807495117
		endloop
	endfacet
	facet normal 0 0 1
		outer loop
			vertex -396.52587890625 122.14977264404297 16.933530807495117
			vertex -397.5046081542969 120.20235443115234 16.933530807495117
			vertex -397.4768981933594 120.0301284790039 16.933530807495117
		endloop
	endfacet
	facet normal 0 0 1
		outer loop
			vertex -396.52587890625 122.14977264404297 16.933530807495117
			vertex -397.4768981933594 120.0301284790039 16.933530807495117
			vertex -397.46807861328125 119.86238098144531 16.933530807495117
		endloop
	endfacet
	facet normal 0 0 1
		outer loop
			vertex -396.52587890625 122.14977264404297 16.933530807495117
			vertex -397.46807861328125 119.86238098144531 16.933530807495117
			vertex -397.4981689453125 119.5534896850586 16.933530807495117
		endloop
	endfacet
	facet normal 0 0 1
		outer loop
			vertex -396.52587890625 122.14977264404297 16.933530807495117
			vertex -397.4981689453125 119.5534896850586 16.933530807495117
			vertex -397.5948181152344 119.23823547363281 16.933530807495117
		endloop
	endfacet
	facet normal 0 0 1
		outer loop
			vertex -396.52587890625 122.14977264404297 16.933530807495117
			vertex -397.5046081542969 92.26235961914062 16.933530807495117
			vertex -396.52587890625 89.38398742675781 16.933530807495117
		endloop
	endfacet
	facet normal 0 0 1
		outer loop
			vertex -399.06805419921875 124.69194793701172 16.933530807495117
			vertex -398.6166687011719 121.39738464355469 16.933530807495117
			vertex -396.52587890625 122.14977264404297 16.933530807495117
		endloop
	endfacet
	facet normal 0 0 1
		outer loop
			vertex -399.06805419921875 124.69194793701172 16.933530807495117
			vertex -400.54132080078125 120.48653411865234 16.933530807495117
			vertex -400.3741760253906 120.78656005859375 16.933530807495117
		endloop
	endfacet
	facet normal 0 0 1
		outer loop
			vertex -399.06805419921875 124.69194793701172 16.933530807495117
			vertex -400.3741760253906 120.78656005859375 16.933530807495117
			vertex -400.1421203613281 121.04830169677734 16.933530807495117
		endloop
	endfacet
	facet normal 0 0 1
		outer loop
			vertex -399.06805419921875 124.69194793701172 16.933530807495117
			vertex -400.1421203613281 121.04830169677734 16.933530807495117
			vertex -399.8603820800781 121.25243377685547 16.933530807495117
		endloop
	endfacet
	facet normal 0 0 1
		outer loop
			vertex -399.06805419921875 124.69194793701172 16.933530807495117
			vertex -399.8603820800781 121.25243377685547 16.933530807495117
			vertex -399.5506286621094 121.38788604736328 16.933530807495117
		endloop
	endfacet
	facet normal 0 0 1
		outer loop
			vertex -399.06805419921875 124.69194793701172 16.933530807495117
			vertex -399.5506286621094 121.38788604736328 16.933530807495117
			vertex -399.2358093261719 121.45356750488281 16.933530807495117
		endloop
	endfacet
	facet normal 0 0 1
		outer loop
			vertex -399.06805419921875 124.69194793701172 16.933530807495117
			vertex -399.2358093261719 121.45356750488281 16.933530807495117
			vertex -398.9308166503906 121.45648956298828 16.933530807495117
		endloop
	endfacet
	facet normal 0 0 1
		outer loop
			vertex -399.06805419921875 124.69194793701172 16.933530807495117
			vertex -398.9308166503906 121.45648956298828 16.933530807495117
			vertex -398.6166687011719 121.39738464355469 16.933530807495117
		endloop
	endfacet
	facet normal 0 0 1
		outer loop
			vertex -400.5933532714844 137.64291381835938 16.933530807495117
			vertex -448.2981872558594 134.79348754882812 16.933530807495117
			vertex -400.54132080078125 120.48653411865234 16.933530807495117
		endloop
	endfacet
	facet normal 0 0 1
		outer loop
			vertex -400.5933532714844 137.64291381835938 16.933530807495117
			vertex -399.06805419921875 124.69194793701172 16.933530807495117
			vertex -399.06805419921875 136.1175994873047 16.933530807495117
		endloop
	endfacet
	facet normal 0 0 1
		outer loop
			vertex -400.5933532714844 137.64291381835938 16.933530807495117
			vertex -448.26806640625 135.10238647460938 16.933530807495117
			vertex -448.2981872558594 134.79348754882812 16.933530807495117
		endloop
	endfacet
	facet normal 0 0 1
		outer loop
			vertex -400.5933532714844 137.64291381835938 16.933530807495117
			vertex -400.54132080078125 120.48653411865234 16.933530807495117
			vertex -399.06805419921875 124.69194793701172 16.933530807495117
		endloop
	endfacet
	facet normal 0 0 1
		outer loop
			vertex -400.5933532714844 137.64291381835938 16.933530807495117
			vertex -448.8198547363281 136.31121826171875 16.933530807495117
			vertex -448.5821228027344 136.0543975830078 16.933530807495117
		endloop
	endfacet
	facet normal 0 0 1
		outer loop
			vertex -400.5933532714844 137.64291381835938 16.933530807495117
			vertex -448.5821228027344 136.0543975830078 16.933530807495117
			vertex -448.4081726074219 135.7571258544922 16.933530807495117
		endloop
	endfacet
	facet normal 0 0 1
		outer loop
			vertex -400.5933532714844 137.64291381835938 16.933530807495117
			vertex -448.4081726074219 135.7571258544922 16.933530807495117
			vertex -448.3045959472656 135.44235229492188 16.933530807495117
		endloop
	endfacet
	facet normal 0 0 1
		outer loop
			vertex -400.5933532714844 137.64291381835938 16.933530807495117
			vertex -448.3045959472656 135.44235229492188 16.933530807495117
			vertex -448.2768859863281 135.27012634277344 16.933530807495117
		endloop
	endfacet
	facet normal 0 0 1
		outer loop
			vertex -400.5933532714844 137.64291381835938 16.933530807495117
			vertex -448.2768859863281 135.27012634277344 16.933530807495117
			vertex -448.26806640625 135.10238647460938 16.933530807495117
		endloop
	endfacet
	facet normal 0 0 1
		outer loop
			vertex -400.5933532714844 137.64291381835938 16.933530807495117
			vertex -464.11944580078125 137.64291381835938 16.933530807495117
			vertex -449.7308044433594 136.6964874267578 16.933530807495117
		endloop
	endfacet
	facet normal 0 0 1
		outer loop
			vertex -449.7308044433594 136.6964874267578 16.933530807495117
			vertex -464.11944580078125 137.64291381835938 16.933530807495117
			vertex -450.03582763671875 136.69357299804688 16.933530807495117
		endloop
	endfacet
	facet normal 0 0 1
		outer loop
			vertex -400.5933532714844 137.64291381835938 16.933530807495117
			vertex -449.7308044433594 136.6964874267578 16.933530807495117
			vertex -449.4166564941406 136.63739013671875 16.933530807495117
		endloop
	endfacet
	facet normal 0 0 1
		outer loop
			vertex -400.5933532714844 137.64291381835938 16.933530807495117
			vertex -449.4166564941406 136.63739013671875 16.933530807495117
			vertex -449.1053771972656 136.5089111328125 16.933530807495117
		endloop
	endfacet
	facet normal 0 0 1
		outer loop
			vertex -400.5933532714844 137.64291381835938 16.933530807495117
			vertex -449.1053771972656 136.5089111328125 16.933530807495117
			vertex -448.8198547363281 136.31121826171875 16.933530807495117
		endloop
	endfacet
	facet normal 0 0 1
		outer loop
			vertex -464.11944580078125 84.29963684082031 16.933530807495117
			vertex -400.07080078125 84.29963684082031 16.933530807495117
			vertex -450.9703369140625 85.25120544433594 16.933530807495117
		endloop
	endfacet
	facet normal 0 0 -1
		outer loop
			vertex -399.6430358886719 84.38835906982422 15.933531761169434
			vertex -399.1722412109375 84.84219360351562 15.933531761169434
			vertex -399.2933349609375 84.65612030029297 15.933531761169434
		endloop
	endfacet
	facet normal 0 0 -1
		outer loop
			vertex -399.6430358886719 84.38835906982422 15.933531761169434
			vertex -399.2933349609375 84.65612030029297 15.933531761169434
			vertex -399.4523010253906 84.50281524658203 15.933531761169434
		endloop
	endfacet
	facet normal 0 0 -1
		outer loop
			vertex -399.0951232910156 85.05493927001953 15.933531761169434
			vertex -399.1722412109375 84.84219360351562 15.933531761169434
			vertex -399.6430358886719 84.38835906982422 15.933531761169434
		endloop
	endfacet
	facet normal 0 0 -1
		outer loop
			vertex -399.84136962890625 84.3226089477539 15.933531761169434
			vertex -399.0951232910156 85.05493927001953 15.933531761169434
			vertex -399.6430358886719 84.38835906982422 15.933531761169434
		endloop
	endfacet
	facet normal 0 0 -1
		outer loop
			vertex -399.06805419921875 85.28826141357422 15.933531761169434
			vertex -399.0951232910156 85.05493927001953 15.933531761169434
			vertex -399.84136962890625 84.3226089477539 15.933531761169434
		endloop
	endfacet
	facet normal 0 0 -1
		outer loop
			vertex -400.0566711425781 84.29963684082031 15.933531761169434
			vertex -399.06805419921875 85.28826141357422 15.933531761169434
			vertex -399.84136962890625 84.3226089477539 15.933531761169434
		endloop
	endfacet
	facet normal 0 0 -1
		outer loop
			vertex -400.07080078125 84.29963684082031 15.933531761169434
			vertex -399.06805419921875 85.28826141357422 15.933531761169434
			vertex -400.0566711425781 84.29963684082031 15.933531761169434
		endloop
	endfacet
	facet normal 0 0 -1
		outer loop
			vertex -399.06805419921875 86.84181213378906 15.933531761169434
			vertex -399.06805419921875 85.28826141357422 15.933531761169434
			vertex -400.07080078125 84.29963684082031 15.933531761169434
		endloop
	endfacet
	facet normal 0 0 -1
		outer loop
			vertex -397.7821044921875 90.97037506103516 15.933531761169434
			vertex -396.52587890625 89.38398742675781 15.933531761169434
			vertex -398.0198669433594 90.71355438232422 15.933531761169434
		endloop
	endfacet
	facet normal 0 0 -1
		outer loop
			vertex -398.3053894042969 90.51585388183594 15.933531761169434
			vertex -398.0198669433594 90.71355438232422 15.933531761169434
			vertex -396.52587890625 89.38398742675781 15.933531761169434
		endloop
	endfacet
	facet normal 0 0 -1
		outer loop
			vertex -397.6081848144531 91.26763916015625 15.933531761169434
			vertex -396.52587890625 89.38398742675781 15.933531761169434
			vertex -397.7821044921875 90.97037506103516 15.933531761169434
		endloop
	endfacet
	facet normal 0 0 -1
		outer loop
			vertex -398.6166687011719 90.38738250732422 15.933531761169434
			vertex -396.52587890625 89.38398742675781 15.933531761169434
			vertex -399.06805419921875 86.84181213378906 15.933531761169434
		endloop
	endfacet
	facet normal 0 0 -1
		outer loop
			vertex -398.6166687011719 90.38738250732422 15.933531761169434
			vertex -398.3053894042969 90.51585388183594 15.933531761169434
			vertex -396.52587890625 89.38398742675781 15.933531761169434
		endloop
	endfacet
	facet normal 0 0 -1
		outer loop
			vertex -397.5046081542969 91.58241271972656 15.933531761169434
			vertex -396.52587890625 89.38398742675781 15.933531761169434
			vertex -397.6081848144531 91.26763916015625 15.933531761169434
		endloop
	endfacet
	facet normal 0 0 -1
		outer loop
			vertex -397.4768981933594 91.754638671875 15.933531761169434
			vertex -396.52587890625 89.38398742675781 15.933531761169434
			vertex -397.5046081542969 91.58241271972656 15.933531761169434
		endloop
	endfacet
	facet normal 0 0 -1
		outer loop
			vertex -398.9308166503906 90.32828521728516 15.933531761169434
			vertex -398.6166687011719 90.38738250732422 15.933531761169434
			vertex -399.06805419921875 86.84181213378906 15.933531761169434
		endloop
	endfacet
	facet normal 0 0 -1
		outer loop
			vertex -397.46807861328125 91.9223861694336 15.933531761169434
			vertex -396.52587890625 89.38398742675781 15.933531761169434
			vertex -397.4768981933594 91.754638671875 15.933531761169434
		endloop
	endfacet
	facet normal 0 0 -1
		outer loop
			vertex -399.2358093261719 90.3311996459961 15.933531761169434
			vertex -398.9308166503906 90.32828521728516 15.933531761169434
			vertex -399.06805419921875 86.84181213378906 15.933531761169434
		endloop
	endfacet
	facet normal 0 0 -1
		outer loop
			vertex -397.4981689453125 92.23127746582031 15.933531761169434
			vertex -396.52587890625 89.38398742675781 15.933531761169434
			vertex -397.46807861328125 91.9223861694336 15.933531761169434
		endloop
	endfacet
	facet normal 0 0 -1
		outer loop
			vertex -399.5506286621094 90.39688110351562 15.933531761169434
			vertex -399.2358093261719 90.3311996459961 15.933531761169434
			vertex -399.06805419921875 86.84181213378906 15.933531761169434
		endloop
	endfacet
	facet normal 0 0 -1
		outer loop
			vertex -399.8603820800781 90.53233337402344 15.933531761169434
			vertex -399.5506286621094 90.39688110351562 15.933531761169434
			vertex -399.06805419921875 86.84181213378906 15.933531761169434
		endloop
	endfacet
	facet normal 0 0 -1
		outer loop
			vertex -400.1421203613281 90.73646545410156 15.933531761169434
			vertex -399.8603820800781 90.53233337402344 15.933531761169434
			vertex -399.06805419921875 86.84181213378906 15.933531761169434
		endloop
	endfacet
	facet normal 0 0 -1
		outer loop
			vertex -400.3741760253906 90.99820709228516 15.933531761169434
			vertex -400.1421203613281 90.73646545410156 15.933531761169434
			vertex -399.06805419921875 86.84181213378906 15.933531761169434
		endloop
	endfacet
	facet normal 0 0 -1
		outer loop
			vertex -400.3741760253906 90.99820709228516 15.933531761169434
			vertex -399.06805419921875 86.84181213378906 15.933531761169434
			vertex -400.07080078125 84.29963684082031 15.933531761169434
		endloop
	endfacet
	facet normal 0 0 -1
		outer loop
			vertex -400.54132080078125 91.29823303222656 15.933531761169434
			vertex -400.3741760253906 90.99820709228516 15.933531761169434
			vertex -400.07080078125 84.29963684082031 15.933531761169434
		endloop
	endfacet
	facet normal 0 0 -1
		outer loop
			vertex -400.6379699707031 91.61348724365234 15.933531761169434
			vertex -400.54132080078125 91.29823303222656 15.933531761169434
			vertex -400.07080078125 84.29963684082031 15.933531761169434
		endloop
	endfacet
	facet normal 0 0 -1
		outer loop
			vertex -398.0198669433594 118.65355682373047 15.933531761169434
			vertex -397.9940185546875 93.1082992553711 15.933531761169434
			vertex -398.2757568359375 93.31243133544922 15.933531761169434
		endloop
	endfacet
	facet normal 0 0 -1
		outer loop
			vertex -397.7821044921875 118.9103775024414 15.933531761169434
			vertex -397.9940185546875 93.1082992553711 15.933531761169434
			vertex -398.0198669433594 118.65355682373047 15.933531761169434
		endloop
	endfacet
	facet normal 0 0 -1
		outer loop
			vertex -397.7821044921875 118.9103775024414 15.933531761169434
			vertex -397.761962890625 92.8465576171875 15.933531761169434
			vertex -397.9940185546875 93.1082992553711 15.933531761169434
		endloop
	endfacet
	facet normal 0 0 -1
		outer loop
			vertex -398.3053894042969 118.45585632324219 15.933531761169434
			vertex -398.0198669433594 118.65355682373047 15.933531761169434
			vertex -398.2757568359375 93.31243133544922 15.933531761169434
		endloop
	endfacet
	facet normal 0 0 -1
		outer loop
			vertex -398.3053894042969 118.45585632324219 15.933531761169434
			vertex -398.2757568359375 93.31243133544922 15.933531761169434
			vertex -398.58551025390625 93.44788360595703 15.933531761169434
		endloop
	endfacet
	facet normal 0 0 -1
		outer loop
			vertex -397.6081848144531 119.2076416015625 15.933531761169434
			vertex -397.761962890625 92.8465576171875 15.933531761169434
			vertex -397.7821044921875 118.9103775024414 15.933531761169434
		endloop
	endfacet
	facet normal 0 0 -1
		outer loop
			vertex -397.6081848144531 119.2076416015625 15.933531761169434
			vertex -397.5948181152344 92.5465316772461 15.933531761169434
			vertex -397.761962890625 92.8465576171875 15.933531761169434
		endloop
	endfacet
	facet normal 0 0 -1
		outer loop
			vertex -398.6166687011719 118.32738494873047 15.933531761169434
			vertex -398.3053894042969 118.45585632324219 15.933531761169434
			vertex -398.58551025390625 93.44788360595703 15.933531761169434
		endloop
	endfacet
	facet normal 0 0 -1
		outer loop
			vertex -398.6166687011719 118.32738494873047 15.933531761169434
			vertex -398.58551025390625 93.44788360595703 15.933531761169434
			vertex -398.90032958984375 93.51356506347656 15.933531761169434
		endloop
	endfacet
	facet normal 0 0 -1
		outer loop
			vertex -398.9308166503906 118.26828002929688 15.933531761169434
			vertex -398.6166687011719 118.32738494873047 15.933531761169434
			vertex -398.90032958984375 93.51356506347656 15.933531761169434
		endloop
	endfacet
	facet normal 0 0 -1
		outer loop
			vertex -398.9308166503906 118.26828002929688 15.933531761169434
			vertex -398.90032958984375 93.51356506347656 15.933531761169434
			vertex -399.205322265625 93.51648712158203 15.933531761169434
		endloop
	endfacet
	facet normal 0 0 -1
		outer loop
			vertex -399.2358093261719 118.27120208740234 15.933531761169434
			vertex -399.205322265625 93.51648712158203 15.933531761169434
			vertex -399.5195007324219 93.45738220214844 15.933531761169434
		endloop
	endfacet
	facet normal 0 0 -1
		outer loop
			vertex -399.2358093261719 118.27120208740234 15.933531761169434
			vertex -398.9308166503906 118.26828002929688 15.933531761169434
			vertex -399.205322265625 93.51648712158203 15.933531761169434
		endloop
	endfacet
	facet normal 0 0 -1
		outer loop
			vertex -399.5506286621094 118.33688354492188 15.933531761169434
			vertex -399.5195007324219 93.45738220214844 15.933531761169434
			vertex -399.83074951171875 93.32891082763672 15.933531761169434
		endloop
	endfacet
	facet normal 0 0 -1
		outer loop
			vertex -399.5506286621094 118.33688354492188 15.933531761169434
			vertex -399.2358093261719 118.27120208740234 15.933531761169434
			vertex -399.5195007324219 93.45738220214844 15.933531761169434
		endloop
	endfacet
	facet normal 0 0 -1
		outer loop
			vertex -399.8603820800781 118.47233581542969 15.933531761169434
			vertex -399.5506286621094 118.33688354492188 15.933531761169434
			vertex -399.83074951171875 93.32891082763672 15.933531761169434
		endloop
	endfacet
	facet normal 0 0 -1
		outer loop
			vertex -399.8603820800781 118.47233581542969 15.933531761169434
			vertex -399.83074951171875 93.32891082763672 15.933531761169434
			vertex -400.11627197265625 93.13121032714844 15.933531761169434
		endloop
	endfacet
	facet normal 0 0 -1
		outer loop
			vertex -396.52587890625 122.14977264404297 15.933531761169434
			vertex -397.4981689453125 92.23127746582031 15.933531761169434
			vertex -397.5948181152344 92.5465316772461 15.933531761169434
		endloop
	endfacet
	facet normal 0 0 -1
		outer loop
			vertex -396.52587890625 122.14977264404297 15.933531761169434
			vertex -397.5948181152344 92.5465316772461 15.933531761169434
			vertex -397.6081848144531 119.2076416015625 15.933531761169434
		endloop
	endfacet
	facet normal 0 0 -1
		outer loop
			vertex -396.52587890625 122.14977264404297 15.933531761169434
			vertex -397.46807861328125 119.86238098144531 15.933531761169434
			vertex -397.4981689453125 120.17127990722656 15.933531761169434
		endloop
	endfacet
	facet normal 0 0 -1
		outer loop
			vertex -396.52587890625 122.14977264404297 15.933531761169434
			vertex -397.4981689453125 120.17127990722656 15.933531761169434
			vertex -397.5948181152344 120.48653411865234 15.933531761169434
		endloop
	endfacet
	facet normal 0 0 -1
		outer loop
			vertex -396.52587890625 122.14977264404297 15.933531761169434
			vertex -397.5948181152344 120.48653411865234 15.933531761169434
			vertex -397.761962890625 120.78656005859375 15.933531761169434
		endloop
	endfacet
	facet normal 0 0 -1
		outer loop
			vertex -396.52587890625 122.14977264404297 15.933531761169434
			vertex -396.52587890625 89.38398742675781 15.933531761169434
			vertex -397.4981689453125 92.23127746582031 15.933531761169434
		endloop
	endfacet
	facet normal 0 0 -1
		outer loop
			vertex -396.52587890625 122.14977264404297 15.933531761169434
			vertex -397.6081848144531 119.2076416015625 15.933531761169434
			vertex -397.5046081542969 119.52241516113281 15.933531761169434
		endloop
	endfacet
	facet normal 0 0 -1
		outer loop
			vertex -396.52587890625 122.14977264404297 15.933531761169434
			vertex -397.5046081542969 119.52241516113281 15.933531761169434
			vertex -397.4768981933594 119.69464111328125 15.933531761169434
		endloop
	endfacet
	facet normal 0 0 -1
		outer loop
			vertex -396.52587890625 122.14977264404297 15.933531761169434
			vertex -397.4768981933594 119.69464111328125 15.933531761169434
			vertex -397.46807861328125 119.86238098144531 15.933531761169434
		endloop
	endfacet
	facet normal 0 0 -1
		outer loop
			vertex -400.1421203613281 118.67646789550781 15.933531761169434
			vertex -399.8603820800781 118.47233581542969 15.933531761169434
			vertex -400.11627197265625 93.13121032714844 15.933531761169434
		endloop
	endfacet
	facet normal 0 0 -1
		outer loop
			vertex -400.1421203613281 118.67646789550781 15.933531761169434
			vertex -400.11627197265625 93.13121032714844 15.933531761169434
			vertex -400.3540344238281 92.8743896484375 15.933531761169434
		endloop
	endfacet
	facet normal 0 0 -1
		outer loop
			vertex -397.9940185546875 121.04830169677734 15.933531761169434
			vertex -396.52587890625 122.14977264404297 15.933531761169434
			vertex -397.761962890625 120.78656005859375 15.933531761169434
		endloop
	endfacet
	facet normal 0 0 -1
		outer loop
			vertex -400.3741760253906 118.9382095336914 15.933531761169434
			vertex -400.1421203613281 118.67646789550781 15.933531761169434
			vertex -400.3540344238281 92.8743896484375 15.933531761169434
		endloop
	endfacet
	facet normal 0 0 -1
		outer loop
			vertex -400.3741760253906 118.9382095336914 15.933531761169434
			vertex -400.3540344238281 92.8743896484375 15.933531761169434
			vertex -400.5279846191406 92.5771255493164 15.933531761169434
		endloop
	endfacet
	facet normal 0 0 -1
		outer loop
			vertex -398.2757568359375 121.25243377685547 15.933531761169434
			vertex -396.52587890625 122.14977264404297 15.933531761169434
			vertex -397.9940185546875 121.04830169677734 15.933531761169434
		endloop
	endfacet
	facet normal 0 0 -1
		outer loop
			vertex -400.54132080078125 119.23823547363281 15.933531761169434
			vertex -400.3741760253906 118.9382095336914 15.933531761169434
			vertex -400.5279846191406 92.5771255493164 15.933531761169434
		endloop
	endfacet
	facet normal 0 0 -1
		outer loop
			vertex -398.58551025390625 121.38788604736328 15.933531761169434
			vertex -396.52587890625 122.14977264404297 15.933531761169434
			vertex -398.2757568359375 121.25243377685547 15.933531761169434
		endloop
	endfacet
	facet normal 0 0 -1
		outer loop
			vertex -399.06805419921875 124.69194793701172 15.933531761169434
			vertex -398.58551025390625 121.38788604736328 15.933531761169434
			vertex -398.90032958984375 121.45356750488281 15.933531761169434
		endloop
	endfacet
	facet normal 0 0 -1
		outer loop
			vertex -399.06805419921875 124.69194793701172 15.933531761169434
			vertex -398.90032958984375 121.45356750488281 15.933531761169434
			vertex -399.205322265625 121.45648956298828 15.933531761169434
		endloop
	endfacet
	facet normal 0 0 -1
		outer loop
			vertex -399.06805419921875 124.69194793701172 15.933531761169434
			vertex -399.205322265625 121.45648956298828 15.933531761169434
			vertex -399.5195007324219 121.39738464355469 15.933531761169434
		endloop
	endfacet
	facet normal 0 0 -1
		outer loop
			vertex -399.06805419921875 124.69194793701172 15.933531761169434
			vertex -399.5195007324219 121.39738464355469 15.933531761169434
			vertex -399.83074951171875 121.26891326904297 15.933531761169434
		endloop
	endfacet
	facet normal 0 0 -1
		outer loop
			vertex -399.06805419921875 124.69194793701172 15.933531761169434
			vertex -399.83074951171875 121.26891326904297 15.933531761169434
			vertex -400.11627197265625 121.07121276855469 15.933531761169434
		endloop
	endfacet
	facet normal 0 0 -1
		outer loop
			vertex -399.06805419921875 124.69194793701172 15.933531761169434
			vertex -400.11627197265625 121.07121276855469 15.933531761169434
			vertex -400.3540344238281 120.81439208984375 15.933531761169434
		endloop
	endfacet
	facet normal 0 0 -1
		outer loop
			vertex -399.06805419921875 124.69194793701172 15.933531761169434
			vertex -400.3540344238281 120.81439208984375 15.933531761169434
			vertex -400.5279846191406 120.51712799072266 15.933531761169434
		endloop
	endfacet
	facet normal 0 0 -1
		outer loop
			vertex -399.06805419921875 124.69194793701172 15.933531761169434
			vertex -396.52587890625 122.14977264404297 15.933531761169434
			vertex -398.58551025390625 121.38788604736328 15.933531761169434
		endloop
	endfacet
	facet normal 0 0 -1
		outer loop
			vertex -449.85211181640625 85.89037322998047 15.933531761169434
			vertex -400.07080078125 84.29963684082031 15.933531761169434
			vertex -450.0898742675781 85.63356018066406 15.933531761169434
		endloop
	endfacet
	facet normal 0 0 -1
		outer loop
			vertex -450.3753967285156 85.43585968017578 15.933531761169434
			vertex -450.0898742675781 85.63356018066406 15.933531761169434
			vertex -400.07080078125 84.29963684082031 15.933531761169434
		endloop
	endfacet
	facet normal 0 0 -1
		outer loop
			vertex -449.67816162109375 86.18763732910156 15.933531761169434
			vertex -400.07080078125 84.29963684082031 15.933531761169434
			vertex -449.85211181640625 85.89037322998047 15.933531761169434
		endloop
	endfacet
	facet normal 0 0 -1
		outer loop
			vertex -450.6866455078125 85.30738830566406 15.933531761169434
			vertex -450.3753967285156 85.43585968017578 15.933531761169434
			vertex -400.07080078125 84.29963684082031 15.933531761169434
		endloop
	endfacet
	facet normal 0 0 -1
		outer loop
			vertex -449.5746154785156 86.50241088867188 15.933531761169434
			vertex -400.07080078125 84.29963684082031 15.933531761169434
			vertex -449.67816162109375 86.18763732910156 15.933531761169434
		endloop
	endfacet
	facet normal 0 0 -1
		outer loop
			vertex -449.546875 86.67464447021484 15.933531761169434
			vertex -400.07080078125 84.29963684082031 15.933531761169434
			vertex -449.5746154785156 86.50241088867188 15.933531761169434
		endloop
	endfacet
	facet normal 0 0 -1
		outer loop
			vertex -451.0008239746094 85.24828338623047 15.933531761169434
			vertex -450.6866455078125 85.30738830566406 15.933531761169434
			vertex -400.07080078125 84.29963684082031 15.933531761169434
		endloop
	endfacet
	facet normal 0 0 -1
		outer loop
			vertex -449.5380859375 86.8423843383789 15.933531761169434
			vertex -400.6379699707031 91.61348724365234 15.933531761169434
			vertex -400.07080078125 84.29963684082031 15.933531761169434
		endloop
	endfacet
	facet normal 0 0 -1
		outer loop
			vertex -449.5380859375 86.8423843383789 15.933531761169434
			vertex -400.07080078125 84.29963684082031 15.933531761169434
			vertex -449.546875 86.67464447021484 15.933531761169434
		endloop
	endfacet
	facet normal 0 0 -1
		outer loop
			vertex -449.56817626953125 87.15128326416016 15.933531761169434
			vertex -400.6680603027344 91.9223861694336 15.933531761169434
			vertex -400.6379699707031 91.61348724365234 15.933531761169434
		endloop
	endfacet
	facet normal 0 0 -1
		outer loop
			vertex -449.56817626953125 87.15128326416016 15.933531761169434
			vertex -400.6379699707031 91.61348724365234 15.933531761169434
			vertex -449.5380859375 86.8423843383789 15.933531761169434
		endloop
	endfacet
	facet normal 0 0 -1
		outer loop
			vertex -449.56817626953125 87.15128326416016 15.933531761169434
			vertex -400.65924072265625 92.09012603759766 15.933531761169434
			vertex -400.6680603027344 91.9223861694336 15.933531761169434
		endloop
	endfacet
	facet normal 0 0 -1
		outer loop
			vertex -449.6648254394531 87.4665298461914 15.933531761169434
			vertex -400.65924072265625 92.09012603759766 15.933531761169434
			vertex -449.56817626953125 87.15128326416016 15.933531761169434
		endloop
	endfacet
	facet normal 0 0 -1
		outer loop
			vertex -449.6648254394531 87.4665298461914 15.933531761169434
			vertex -400.63153076171875 92.26235961914062 15.933531761169434
			vertex -400.65924072265625 92.09012603759766 15.933531761169434
		endloop
	endfacet
	facet normal 0 0 -1
		outer loop
			vertex -449.83197021484375 87.76656341552734 15.933531761169434
			vertex -400.63153076171875 92.26235961914062 15.933531761169434
			vertex -449.6648254394531 87.4665298461914 15.933531761169434
		endloop
	endfacet
	facet normal 0 0 -1
		outer loop
			vertex -449.83197021484375 87.76656341552734 15.933531761169434
			vertex -400.5279846191406 92.5771255493164 15.933531761169434
			vertex -400.63153076171875 92.26235961914062 15.933531761169434
		endloop
	endfacet
	facet normal 0 0 -1
		outer loop
			vertex -449.83197021484375 87.76656341552734 15.933531761169434
			vertex -400.54132080078125 119.23823547363281 15.933531761169434
			vertex -400.5279846191406 92.5771255493164 15.933531761169434
		endloop
	endfacet
	facet normal 0 0 -1
		outer loop
			vertex -450.06402587890625 88.02830505371094 15.933531761169434
			vertex -400.54132080078125 119.23823547363281 15.933531761169434
			vertex -449.83197021484375 87.76656341552734 15.933531761169434
		endloop
	endfacet
	facet normal 0 0 -1
		outer loop
			vertex -400.5933532714844 137.64291381835938 15.933531761169434
			vertex -399.06805419921875 124.69194793701172 15.933531761169434
			vertex -400.5279846191406 120.51712799072266 15.933531761169434
		endloop
	endfacet
	facet normal 0 0 -1
		outer loop
			vertex -400.5933532714844 137.64291381835938 15.933531761169434
			vertex -399.06805419921875 136.1175994873047 15.933531761169434
			vertex -399.06805419921875 124.69194793701172 15.933531761169434
		endloop
	endfacet
	facet normal 0 0 -1
		outer loop
			vertex -464.11944580078125 84.29963684082031 15.933531761169434
			vertex -451.9303894042969 85.45233917236328 15.933531761169434
			vertex -451.62060546875 85.31688690185547 15.933531761169434
		endloop
	endfacet
	facet normal 0 0 -1
		outer loop
			vertex -464.11944580078125 84.29963684082031 15.933531761169434
			vertex -451.62060546875 85.31688690185547 15.933531761169434
			vertex -451.3058166503906 85.25120544433594 15.933531761169434
		endloop
	endfacet
	facet normal 0 0 -1
		outer loop
			vertex -464.11944580078125 84.29963684082031 15.933531761169434
			vertex -451.3058166503906 85.25120544433594 15.933531761169434
			vertex -451.0008239746094 85.24828338623047 15.933531761169434
		endloop
	endfacet
	facet normal 0 0 -1
		outer loop
			vertex -464.11944580078125 84.29963684082031 15.933531761169434
			vertex -452.59796142578125 87.49713134765625 15.933531761169434
			vertex -452.7015380859375 87.18235778808594 15.933531761169434
		endloop
	endfacet
	facet normal 0 0 -1
		outer loop
			vertex -464.11944580078125 84.29963684082031 15.933531761169434
			vertex -452.7015380859375 87.18235778808594 15.933531761169434
			vertex -452.729248046875 87.01012420654297 15.933531761169434
		endloop
	endfacet
	facet normal 0 0 -1
		outer loop
			vertex -464.11944580078125 84.29963684082031 15.933531761169434
			vertex -452.729248046875 87.01012420654297 15.933531761169434
			vertex -452.7380676269531 86.8423843383789 15.933531761169434
		endloop
	endfacet
	facet normal 0 0 -1
		outer loop
			vertex -464.11944580078125 84.29963684082031 15.933531761169434
			vertex -452.7380676269531 86.8423843383789 15.933531761169434
			vertex -452.7079772949219 86.53348541259766 15.933531761169434
		endloop
	endfacet
	facet normal 0 0 -1
		outer loop
			vertex -464.11944580078125 84.29963684082031 15.933531761169434
			vertex -452.7079772949219 86.53348541259766 15.933531761169434
			vertex -452.6112976074219 86.2182388305664 15.933531761169434
		endloop
	endfacet
	facet normal 0 0 -1
		outer loop
			vertex -464.11944580078125 84.29963684082031 15.933531761169434
			vertex -452.6112976074219 86.2182388305664 15.933531761169434
			vertex -452.4441833496094 85.91820526123047 15.933531761169434
		endloop
	endfacet
	facet normal 0 0 -1
		outer loop
			vertex -464.11944580078125 84.29963684082031 15.933531761169434
			vertex -452.4441833496094 85.91820526123047 15.933531761169434
			vertex -452.2121276855469 85.65646362304688 15.933531761169434
		endloop
	endfacet
	facet normal 0 0 -1
		outer loop
			vertex -464.11944580078125 84.29963684082031 15.933531761169434
			vertex -452.2121276855469 85.65646362304688 15.933531761169434
			vertex -451.9303894042969 85.45233917236328 15.933531761169434
		endloop
	endfacet
	facet normal 0 0 -1
		outer loop
			vertex -465.01934814453125 84.87461853027344 15.933531761169434
			vertex -464.352783203125 84.32669830322266 15.933531761169434
			vertex -464.5655212402344 84.40381622314453 15.933531761169434
		endloop
	endfacet
	facet normal 0 0 -1
		outer loop
			vertex -465.01934814453125 84.87461853027344 15.933531761169434
			vertex -464.5655212402344 84.40381622314453 15.933531761169434
			vertex -464.7515869140625 84.52490234375 15.933531761169434
		endloop
	endfacet
	facet normal 0 0 -1
		outer loop
			vertex -465.01934814453125 84.87461853027344 15.933531761169434
			vertex -464.7515869140625 84.52490234375 15.933531761169434
			vertex -464.9049072265625 84.68386840820312 15.933531761169434
		endloop
	endfacet
	facet normal 0 0 -1
		outer loop
			vertex -465.0851135253906 85.07293701171875 15.933531761169434
			vertex -464.11944580078125 84.29963684082031 15.933531761169434
			vertex -464.352783203125 84.32669830322266 15.933531761169434
		endloop
	endfacet
	facet normal 0 0 -1
		outer loop
			vertex -465.0851135253906 85.07293701171875 15.933531761169434
			vertex -464.352783203125 84.32669830322266 15.933531761169434
			vertex -465.01934814453125 84.87461853027344 15.933531761169434
		endloop
	endfacet
	facet normal 0 0 -1
		outer loop
			vertex -465.1080627441406 85.28826141357422 15.933531761169434
			vertex -451.9007568359375 88.24890899658203 15.933531761169434
			vertex -452.186279296875 88.05120849609375 15.933531761169434
		endloop
	endfacet
	facet normal 0 0 -1
		outer loop
			vertex -465.1080627441406 85.28826141357422 15.933531761169434
			vertex -452.186279296875 88.05120849609375 15.933531761169434
			vertex -452.4240417480469 87.79439544677734 15.933531761169434
		endloop
	endfacet
	facet normal 0 0 -1
		outer loop
			vertex -465.1080627441406 85.28826141357422 15.933531761169434
			vertex -452.4240417480469 87.79439544677734 15.933531761169434
			vertex -452.59796142578125 87.49713134765625 15.933531761169434
		endloop
	endfacet
	facet normal 0 0 -1
		outer loop
			vertex -465.1080627441406 85.28826141357422 15.933531761169434
			vertex -452.59796142578125 87.49713134765625 15.933531761169434
			vertex -464.11944580078125 84.29963684082031 15.933531761169434
		endloop
	endfacet
	facet normal 0 0 -1
		outer loop
			vertex -465.1080627441406 85.28826141357422 15.933531761169434
			vertex -464.11944580078125 84.29963684082031 15.933531761169434
			vertex -465.0851135253906 85.07293701171875 15.933531761169434
		endloop
	endfacet
	facet normal 0 0 -1
		outer loop
			vertex -448.8198547363281 133.8935546875 15.933531761169434
			vertex -400.54132080078125 119.23823547363281 15.933531761169434
			vertex -450.06402587890625 88.02830505371094 15.933531761169434
		endloop
	endfacet
	facet normal 0 0 -1
		outer loop
			vertex -448.8198547363281 133.8935546875 15.933531761169434
			vertex -400.6379699707031 119.5534896850586 15.933531761169434
			vertex -400.54132080078125 119.23823547363281 15.933531761169434
		endloop
	endfacet
	facet normal 0 0 -1
		outer loop
			vertex -448.5821228027344 134.15037536621094 15.933531761169434
			vertex -400.6379699707031 119.5534896850586 15.933531761169434
			vertex -448.8198547363281 133.8935546875 15.933531761169434
		endloop
	endfacet
	facet normal 0 0 -1
		outer loop
			vertex -448.5821228027344 134.15037536621094 15.933531761169434
			vertex -400.65924072265625 120.0301284790039 15.933531761169434
			vertex -400.6680603027344 119.86238098144531 15.933531761169434
		endloop
	endfacet
	facet normal 0 0 -1
		outer loop
			vertex -448.5821228027344 134.15037536621094 15.933531761169434
			vertex -400.6680603027344 119.86238098144531 15.933531761169434
			vertex -400.6379699707031 119.5534896850586 15.933531761169434
		endloop
	endfacet
	facet normal 0 0 -1
		outer loop
			vertex -449.1053771972656 133.69586181640625 15.933531761169434
			vertex -450.06402587890625 88.02830505371094 15.933531761169434
			vertex -450.34576416015625 88.23242950439453 15.933531761169434
		endloop
	endfacet
	facet normal 0 0 -1
		outer loop
			vertex -449.1053771972656 133.69586181640625 15.933531761169434
			vertex -448.8198547363281 133.8935546875 15.933531761169434
			vertex -450.06402587890625 88.02830505371094 15.933531761169434
		endloop
	endfacet
	facet normal 0 0 -1
		outer loop
			vertex -448.4081726074219 134.44764709472656 15.933531761169434
			vertex -400.65924072265625 120.0301284790039 15.933531761169434
			vertex -448.5821228027344 134.15037536621094 15.933531761169434
		endloop
	endfacet
	facet normal 0 0 -1
		outer loop
			vertex -448.4081726074219 134.44764709472656 15.933531761169434
			vertex -400.63153076171875 120.20235443115234 15.933531761169434
			vertex -400.65924072265625 120.0301284790039 15.933531761169434
		endloop
	endfacet
	facet normal 0 0 -1
		outer loop
			vertex -449.4166564941406 133.5673828125 15.933531761169434
			vertex -450.34576416015625 88.23242950439453 15.933531761169434
			vertex -450.655517578125 88.36788177490234 15.933531761169434
		endloop
	endfacet
	facet normal 0 0 -1
		outer loop
			vertex -449.4166564941406 133.5673828125 15.933531761169434
			vertex -449.1053771972656 133.69586181640625 15.933531761169434
			vertex -450.34576416015625 88.23242950439453 15.933531761169434
		endloop
	endfacet
	facet normal 0 0 -1
		outer loop
			vertex -448.3045959472656 134.7624053955078 15.933531761169434
			vertex -400.63153076171875 120.20235443115234 15.933531761169434
			vertex -448.4081726074219 134.44764709472656 15.933531761169434
		endloop
	endfacet
	facet normal 0 0 -1
		outer loop
			vertex -448.3045959472656 134.7624053955078 15.933531761169434
			vertex -400.5279846191406 120.51712799072266 15.933531761169434
			vertex -400.63153076171875 120.20235443115234 15.933531761169434
		endloop
	endfacet
	facet normal 0 0 -1
		outer loop
			vertex -448.3045959472656 134.7624053955078 15.933531761169434
			vertex -400.5933532714844 137.64291381835938 15.933531761169434
			vertex -400.5279846191406 120.51712799072266 15.933531761169434
		endloop
	endfacet
	facet normal 0 0 -1
		outer loop
			vertex -448.2768859863281 134.9346466064453 15.933531761169434
			vertex -400.5933532714844 137.64291381835938 15.933531761169434
			vertex -448.3045959472656 134.7624053955078 15.933531761169434
		endloop
	endfacet
	facet normal 0 0 -1
		outer loop
			vertex -449.7308044433594 133.50828552246094 15.933531761169434
			vertex -449.4166564941406 133.5673828125 15.933531761169434
			vertex -450.655517578125 88.36788177490234 15.933531761169434
		endloop
	endfacet
	facet normal 0 0 -1
		outer loop
			vertex -449.7308044433594 133.50828552246094 15.933531761169434
			vertex -450.655517578125 88.36788177490234 15.933531761169434
			vertex -450.9703369140625 88.4335708618164 15.933531761169434
		endloop
	endfacet
	facet normal 0 0 -1
		outer loop
			vertex -448.26806640625 135.10238647460938 15.933531761169434
			vertex -400.5933532714844 137.64291381835938 15.933531761169434
			vertex -448.2768859863281 134.9346466064453 15.933531761169434
		endloop
	endfacet
	facet normal 0 0 -1
		outer loop
			vertex -450.03582763671875 133.51119995117188 15.933531761169434
			vertex -450.9703369140625 88.4335708618164 15.933531761169434
			vertex -451.27532958984375 88.43648529052734 15.933531761169434
		endloop
	endfacet
	facet normal 0 0 -1
		outer loop
			vertex -450.03582763671875 133.51119995117188 15.933531761169434
			vertex -449.7308044433594 133.50828552246094 15.933531761169434
			vertex -450.9703369140625 88.4335708618164 15.933531761169434
		endloop
	endfacet
	facet normal 0 0 -1
		outer loop
			vertex -448.2981872558594 135.41128540039062 15.933531761169434
			vertex -400.5933532714844 137.64291381835938 15.933531761169434
			vertex -448.26806640625 135.10238647460938 15.933531761169434
		endloop
	endfacet
	facet normal 0 0 -1
		outer loop
			vertex -450.3506164550781 133.57688903808594 15.933531761169434
			vertex -450.03582763671875 133.51119995117188 15.933531761169434
			vertex -451.27532958984375 88.43648529052734 15.933531761169434
		endloop
	endfacet
	facet normal 0 0 -1
		outer loop
			vertex -450.3506164550781 133.57688903808594 15.933531761169434
			vertex -451.27532958984375 88.43648529052734 15.933531761169434
			vertex -451.5894775390625 88.37738037109375 15.933531761169434
		endloop
	endfacet
	facet normal 0 0 -1
		outer loop
			vertex -448.39483642578125 135.72653198242188 15.933531761169434
			vertex -400.5933532714844 137.64291381835938 15.933531761169434
			vertex -448.2981872558594 135.41128540039062 15.933531761169434
		endloop
	endfacet
	facet normal 0 0 -1
		outer loop
			vertex -450.660400390625 133.71234130859375 15.933531761169434
			vertex -451.5894775390625 88.37738037109375 15.933531761169434
			vertex -451.9007568359375 88.24890899658203 15.933531761169434
		endloop
	endfacet
	facet normal 0 0 -1
		outer loop
			vertex -450.660400390625 133.71234130859375 15.933531761169434
			vertex -450.3506164550781 133.57688903808594 15.933531761169434
			vertex -451.5894775390625 88.37738037109375 15.933531761169434
		endloop
	endfacet
	facet normal 0 0 -1
		outer loop
			vertex -448.5619812011719 136.0265655517578 15.933531761169434
			vertex -400.5933532714844 137.64291381835938 15.933531761169434
			vertex -448.39483642578125 135.72653198242188 15.933531761169434
		endloop
	endfacet
	facet normal 0 0 -1
		outer loop
			vertex -448.79400634765625 136.28829956054688 15.933531761169434
			vertex -400.5933532714844 137.64291381835938 15.933531761169434
			vertex -448.5619812011719 136.0265655517578 15.933531761169434
		endloop
	endfacet
	facet normal 0 0 -1
		outer loop
			vertex -465.1080627441406 136.65428161621094 15.933531761169434
			vertex -450.660400390625 133.71234130859375 15.933531761169434
			vertex -451.9007568359375 88.24890899658203 15.933531761169434
		endloop
	endfacet
	facet normal 0 0 -1
		outer loop
			vertex -465.1080627441406 136.65428161621094 15.933531761169434
			vertex -451.34130859375 134.47824096679688 15.933531761169434
			vertex -451.1741638183594 134.17820739746094 15.933531761169434
		endloop
	endfacet
	facet normal 0 0 -1
		outer loop
			vertex -465.1080627441406 136.65428161621094 15.933531761169434
			vertex -451.1741638183594 134.17820739746094 15.933531761169434
			vertex -450.942138671875 133.91647338867188 15.933531761169434
		endloop
	endfacet
	facet normal 0 0 -1
		outer loop
			vertex -465.1080627441406 136.65428161621094 15.933531761169434
			vertex -450.942138671875 133.91647338867188 15.933531761169434
			vertex -450.660400390625 133.71234130859375 15.933531761169434
		endloop
	endfacet
	facet normal 0 0 -1
		outer loop
			vertex -465.1080627441406 136.65428161621094 15.933531761169434
			vertex -451.9007568359375 88.24890899658203 15.933531761169434
			vertex -465.1080627441406 85.28826141357422 15.933531761169434
		endloop
	endfacet
	facet normal 0 0 -1
		outer loop
			vertex -464.11944580078125 137.64291381835938 15.933531761169434
			vertex -451.46807861328125 135.10238647460938 15.933531761169434
			vertex -451.4379577636719 134.79348754882812 15.933531761169434
		endloop
	endfacet
	facet normal 0 0 -1
		outer loop
			vertex -464.11944580078125 137.64291381835938 15.933531761169434
			vertex -451.4379577636719 134.79348754882812 15.933531761169434
			vertex -451.34130859375 134.47824096679688 15.933531761169434
		endloop
	endfacet
	facet normal 0 0 -1
		outer loop
			vertex -464.11944580078125 137.64291381835938 15.933531761169434
			vertex -451.34130859375 134.47824096679688 15.933531761169434
			vertex -465.1080627441406 136.65428161621094 15.933531761169434
		endloop
	endfacet
	facet normal 0 0 -1
		outer loop
			vertex -464.11944580078125 137.64291381835938 15.933531761169434
			vertex -450.0053405761719 136.6964874267578 15.933531761169434
			vertex -450.3194885253906 136.63739013671875 15.933531761169434
		endloop
	endfacet
	facet normal 0 0 -1
		outer loop
			vertex -464.11944580078125 137.64291381835938 15.933531761169434
			vertex -450.3194885253906 136.63739013671875 15.933531761169434
			vertex -450.6307373046875 136.5089111328125 15.933531761169434
		endloop
	endfacet
	facet normal 0 0 -1
		outer loop
			vertex -464.11944580078125 137.64291381835938 15.933531761169434
			vertex -450.6307373046875 136.5089111328125 15.933531761169434
			vertex -450.9162902832031 136.31121826171875 15.933531761169434
		endloop
	endfacet
	facet normal 0 0 -1
		outer loop
			vertex -464.11944580078125 137.64291381835938 15.933531761169434
			vertex -450.9162902832031 136.31121826171875 15.933531761169434
			vertex -451.1540222167969 136.0543975830078 15.933531761169434
		endloop
	endfacet
	facet normal 0 0 -1
		outer loop
			vertex -464.11944580078125 137.64291381835938 15.933531761169434
			vertex -451.1540222167969 136.0543975830078 15.933531761169434
			vertex -451.3279724121094 135.7571258544922 15.933531761169434
		endloop
	endfacet
	facet normal 0 0 -1
		outer loop
			vertex -464.11944580078125 137.64291381835938 15.933531761169434
			vertex -451.3279724121094 135.7571258544922 15.933531761169434
			vertex -451.4315490722656 135.44235229492188 15.933531761169434
		endloop
	endfacet
	facet normal 0 0 -1
		outer loop
			vertex -464.11944580078125 137.64291381835938 15.933531761169434
			vertex -451.4315490722656 135.44235229492188 15.933531761169434
			vertex -451.4592590332031 135.27012634277344 15.933531761169434
		endloop
	endfacet
	facet normal 0 0 -1
		outer loop
			vertex -464.11944580078125 137.64291381835938 15.933531761169434
			vertex -451.4592590332031 135.27012634277344 15.933531761169434
			vertex -451.46807861328125 135.10238647460938 15.933531761169434
		endloop
	endfacet
	facet normal 0 0 -1
		outer loop
			vertex -464.33477783203125 137.61993408203125 15.933531761169434
			vertex -464.11944580078125 137.64291381835938 15.933531761169434
			vertex -465.1080627441406 136.65428161621094 15.933531761169434
		endloop
	endfacet
	facet normal 0 0 -1
		outer loop
			vertex -465.0810241699219 136.88760375976562 15.933531761169434
			vertex -464.33477783203125 137.61993408203125 15.933531761169434
			vertex -465.1080627441406 136.65428161621094 15.933531761169434
		endloop
	endfacet
	facet normal 0 0 -1
		outer loop
			vertex -464.5330810546875 137.55418395996094 15.933531761169434
			vertex -464.33477783203125 137.61993408203125 15.933531761169434
			vertex -465.0810241699219 136.88760375976562 15.933531761169434
		endloop
	endfacet
	facet normal 0 0 -1
		outer loop
			vertex -465.00390625 137.10035705566406 15.933531761169434
			vertex -464.5330810546875 137.55418395996094 15.933531761169434
			vertex -465.0810241699219 136.88760375976562 15.933531761169434
		endloop
	endfacet
	facet normal 0 0 -1
		outer loop
			vertex -464.8828125 137.2864227294922 15.933531761169434
			vertex -464.7238464355469 137.43972778320312 15.933531761169434
			vertex -464.5330810546875 137.55418395996094 15.933531761169434
		endloop
	endfacet
	facet normal 0 0 -1
		outer loop
			vertex -464.8828125 137.2864227294922 15.933531761169434
			vertex -464.5330810546875 137.55418395996094 15.933531761169434
			vertex -465.00390625 137.10035705566406 15.933531761169434
		endloop
	endfacet
	facet normal 0 0 -1
		outer loop
			vertex -400.07080078125 84.29963684082031 15.933531761169434
			vertex -464.11944580078125 84.29963684082031 15.933531761169434
			vertex -451.0008239746094 85.24828338623047 15.933531761169434
		endloop
	endfacet
	facet normal 0 0 -1
		outer loop
			vertex -464.11944580078125 137.64291381835938 15.933531761169434
			vertex -400.5933532714844 137.64291381835938 15.933531761169434
			vertex -450.0053405761719 136.6964874267578 15.933531761169434
		endloop
	endfacet
	facet normal 0 0 -1
		outer loop
			vertex -450.0053405761719 136.6964874267578 15.933531761169434
			vertex -400.5933532714844 137.64291381835938 15.933531761169434
			vertex -449.7003173828125 136.69357299804688 15.933531761169434
		endloop
	endfacet
	facet normal 0 0 -1
		outer loop
			vertex -449.7003173828125 136.69357299804688 15.933531761169434
			vertex -400.5933532714844 137.64291381835938 15.933531761169434
			vertex -449.3855285644531 136.6278839111328 15.933531761169434
		endloop
	endfacet
	facet normal 0 0 -1
		outer loop
			vertex -449.3855285644531 136.6278839111328 15.933531761169434
			vertex -400.5933532714844 137.64291381835938 15.933531761169434
			vertex -449.07574462890625 136.492431640625 15.933531761169434
		endloop
	endfacet
	facet normal 0 0 -1
		outer loop
			vertex -449.07574462890625 136.492431640625 15.933531761169434
			vertex -400.5933532714844 137.64291381835938 15.933531761169434
			vertex -448.79400634765625 136.28829956054688 15.933531761169434
		endloop
	endfacet
	facet normal 0.9952514996287207 -0.09704734539948107 -0.0075010157776577895
		outer loop
			vertex -451.4592590332031 135.27012634277344 15.933531761169434
			vertex -451.4379577636719 135.41128540039062 16.933530807495117
			vertex -451.46807861328125 135.10238647460938 16.933530807495117
		endloop
	endfacet
	facet normal 0.998620588332267 -0.05250638588702359 0
		outer loop
			vertex -451.4592590332031 135.27012634277344 15.933531761169434
			vertex -451.46807861328125 135.10238647460938 16.933530807495117
			vertex -451.46807861328125 135.10238647460938 15.933531761169434
		endloop
	endfacet
	facet normal 0.9560724471464334 -0.2931153378618349 -0.0029790128520736253
		outer loop
			vertex -451.4315490722656 135.44235229492188 15.933531761169434
			vertex -451.34130859375 135.72653198242188 16.933530807495117
			vertex -451.4379577636719 135.41128540039062 16.933530807495117
		endloop
	endfacet
	facet normal 0.9873017463250982 -0.15885000188946383 0.0013923372898967511
		outer loop
			vertex -451.4315490722656 135.44235229492188 15.933531761169434
			vertex -451.4379577636719 135.41128540039062 16.933530807495117
			vertex -451.4592590332031 135.27012634277344 15.933531761169434
		endloop
	endfacet
	facet normal 0.8735841724109128 -0.48666231117271724 -0.0032386103763932615
		outer loop
			vertex -451.3279724121094 135.7571258544922 15.933531761169434
			vertex -451.1741638183594 136.0265655517578 16.933530807495117
			vertex -451.34130859375 135.72653198242188 16.933530807495117
		endloop
	endfacet
	facet normal 0.9498918913532687 -0.3125631954290556 0.003105415348754267
		outer loop
			vertex -451.3279724121094 135.7571258544922 15.933531761169434
			vertex -451.34130859375 135.72653198242188 16.933530807495117
			vertex -451.4315490722656 135.44235229492188 15.933531761169434
		endloop
	endfacet
	facet normal 0.7482948967790652 -0.6633575584692163 -0.0033907338687187366
		outer loop
			vertex -451.1540222167969 136.0543975830078 15.933531761169434
			vertex -450.942138671875 136.28829956054688 16.933530807495117
			vertex -451.1741638183594 136.0265655517578 16.933530807495117
		endloop
	endfacet
	facet normal 0.863088823200575 -0.5050411962060649 0.0033276720081237376
		outer loop
			vertex -451.1540222167969 136.0543975830078 15.933531761169434
			vertex -451.1741638183594 136.0265655517578 16.933530807495117
			vertex -451.3279724121094 135.7571258544922 15.933531761169434
		endloop
	endfacet
	facet normal 0.586722690484881 -0.8097808160496968 -0.003393291627593732
		outer loop
			vertex -450.9162902832031 136.31121826171875 15.933531761169434
			vertex -450.660400390625 136.492431640625 16.933530807495117
			vertex -450.942138671875 136.28829956054688 16.933530807495117
		endloop
	endfacet
	facet normal 0.7338490056769056 -0.6793041119628179 0.003400049620843915
		outer loop
			vertex -450.9162902832031 136.31121826171875 15.933531761169434
			vertex -450.942138671875 136.28829956054688 16.933530807495117
			vertex -451.1540222167969 136.0543975830078 15.933531761169434
		endloop
	endfacet
	facet normal 0.4006226182539282 -0.9162375121990819 -0.003215428836878576
		outer loop
			vertex -450.6307373046875 136.5089111328125 15.933531761169434
			vertex -450.3506164550781 136.6278839111328 16.933530807495117
			vertex -450.660400390625 136.492431640625 16.933530807495117
		endloop
	endfacet
	facet normal 0.569211381793159 -0.8221844549920638 0.0033353870128808687
		outer loop
			vertex -450.6307373046875 136.5089111328125 15.933531761169434
			vertex -450.660400390625 136.492431640625 16.933530807495117
			vertex -450.9162902832031 136.31121826171875 15.933531761169434
		endloop
	endfacet
	facet normal 0.20427548561163564 -0.9789090053816593 -0.0029470596907999833
		outer loop
			vertex -450.3194885253906 136.63739013671875 15.933531761169434
			vertex -450.03582763671875 136.69357299804688 16.933530807495117
			vertex -450.3506164550781 136.6278839111328 16.933530807495117
		endloop
	endfacet
	facet normal 0.38155466909156194 -0.9243411092790594 0.003090014755124733
		outer loop
			vertex -450.3194885253906 136.63739013671875 15.933531761169434
			vertex -450.3506164550781 136.6278839111328 16.933530807495117
			vertex -450.6307373046875 136.5089111328125 15.933531761169434
		endloop
	endfacet
	facet normal 0.009554308404984271 -0.9999509163122282 -0.002623005382695212
		outer loop
			vertex -450.0053405761719 136.6964874267578 15.933531761169434
			vertex -449.7308044433594 136.6964874267578 16.933530807495117
			vertex -450.03582763671875 136.69357299804688 16.933530807495117
		endloop
	endfacet
	facet normal 0.184875738969653 -0.9827579948120879 0.0027721423753533387
		outer loop
			vertex -450.0053405761719 136.6964874267578 15.933531761169434
			vertex -450.03582763671875 136.69357299804688 16.933530807495117
			vertex -450.3194885253906 136.63739013671875 15.933531761169434
		endloop
	endfacet
	facet normal -0.184875738969653 -0.9827579948120879 -0.0027721423753533387
		outer loop
			vertex -449.7003173828125 136.69357299804688 15.933531761169434
			vertex -449.4166564941406 136.63739013671875 16.933530807495117
			vertex -449.7308044433594 136.6964874267578 16.933530807495117
		endloop
	endfacet
	facet normal -0.009554308404984271 -0.9999509163122282 0.002623005382695212
		outer loop
			vertex -449.7003173828125 136.69357299804688 15.933531761169434
			vertex -449.7308044433594 136.6964874267578 16.933530807495117
			vertex -450.0053405761719 136.6964874267578 15.933531761169434
		endloop
	endfacet
	facet normal -0.3815227083653714 -0.9243543053032751 -0.0030888944384356637
		outer loop
			vertex -449.3855285644531 136.6278839111328 15.933531761169434
			vertex -449.1053771972656 136.5089111328125 16.933530807495117
			vertex -449.4166564941406 136.63739013671875 16.933530807495117
		endloop
	endfacet
	facet normal -0.20427548561163564 -0.9789090053816593 0.0029470596907999833
		outer loop
			vertex -449.3855285644531 136.6278839111328 15.933531761169434
			vertex -449.4166564941406 136.63739013671875 16.933530807495117
			vertex -449.7003173828125 136.69357299804688 15.933531761169434
		endloop
	endfacet
	facet normal -0.5692525363341971 -0.8221560249988807 -0.003319704071712102
		outer loop
			vertex -449.07574462890625 136.492431640625 15.933531761169434
			vertex -448.8198547363281 136.31121826171875 16.933530807495117
			vertex -449.1053771972656 136.5089111328125 16.933530807495117
		endloop
	endfacet
	facet normal -0.4006226024747216 -0.9162374761115013 0.003227654753462742
		outer loop
			vertex -449.07574462890625 136.492431640625 15.933531761169434
			vertex -449.1053771972656 136.5089111328125 16.933530807495117
			vertex -449.3855285644531 136.6278839111328 15.933531761169434
		endloop
	endfacet
	facet normal -0.7338490056769056 -0.6793041119628179 -0.003400049620843915
		outer loop
			vertex -448.79400634765625 136.28829956054688 15.933531761169434
			vertex -448.5821228027344 136.0543975830078 16.933530807495117
			vertex -448.8198547363281 136.31121826171875 16.933530807495117
		endloop
	endfacet
	facet normal -0.586722690484881 -0.8097808160496968 0.003393291627593732
		outer loop
			vertex -448.79400634765625 136.28829956054688 15.933531761169434
			vertex -448.8198547363281 136.31121826171875 16.933530807495117
			vertex -449.07574462890625 136.492431640625 15.933531761169434
		endloop
	endfacet
	facet normal -0.863088823200575 -0.5050411962060649 -0.0033276720081237376
		outer loop
			vertex -448.5619812011719 136.0265655517578 15.933531761169434
			vertex -448.4081726074219 135.7571258544922 16.933530807495117
			vertex -448.5821228027344 136.0543975830078 16.933530807495117
		endloop
	endfacet
	facet normal -0.7482948967790652 -0.6633575584692163 0.0033907338687187366
		outer loop
			vertex -448.5619812011719 136.0265655517578 15.933531761169434
			vertex -448.5821228027344 136.0543975830078 16.933530807495117
			vertex -448.79400634765625 136.28829956054688 15.933531761169434
		endloop
	endfacet
	facet normal -0.9498918913532687 -0.3125631954290556 -0.003105415348754267
		outer loop
			vertex -448.39483642578125 135.72653198242188 15.933531761169434
			vertex -448.3045959472656 135.44235229492188 16.933530807495117
			vertex -448.4081726074219 135.7571258544922 16.933530807495117
		endloop
	endfacet
	facet normal -0.8735841724109128 -0.48666231117271724 0.0032386103763932615
		outer loop
			vertex -448.39483642578125 135.72653198242188 15.933531761169434
			vertex -448.4081726074219 135.7571258544922 16.933530807495117
			vertex -448.5619812011719 136.0265655517578 15.933531761169434
		endloop
	endfacet
	facet normal -0.9873017463250982 -0.15885000188946383 -0.0013923372898967511
		outer loop
			vertex -448.2981872558594 135.41128540039062 15.933531761169434
			vertex -448.2768859863281 135.27012634277344 16.933530807495117
			vertex -448.3045959472656 135.44235229492188 16.933530807495117
		endloop
	endfacet
	facet normal -0.9560724471464334 -0.2931153378618349 0.0029790128520736253
		outer loop
			vertex -448.2981872558594 135.41128540039062 15.933531761169434
			vertex -448.3045959472656 135.44235229492188 16.933530807495117
			vertex -448.39483642578125 135.72653198242188 15.933531761169434
		endloop
	endfacet
	facet normal -0.998620588332267 -0.05250638588702359 0
		outer loop
			vertex -448.26806640625 135.10238647460938 15.933531761169434
			vertex -448.26806640625 135.10238647460938 16.933530807495117
			vertex -448.2768859863281 135.27012634277344 16.933530807495117
		endloop
	endfacet
	facet normal -0.9952514996287207 -0.09704734539948107 0.0075010157776577895
		outer loop
			vertex -448.26806640625 135.10238647460938 15.933531761169434
			vertex -448.2768859863281 135.27012634277344 16.933530807495117
			vertex -448.2981872558594 135.41128540039062 15.933531761169434
		endloop
	endfacet
	facet normal -0.9952514996287207 0.09704734539948107 -0.0075010157776577895
		outer loop
			vertex -448.2768859863281 134.9346466064453 15.933531761169434
			vertex -448.2981872558594 134.79348754882812 16.933530807495117
			vertex -448.26806640625 135.10238647460938 16.933530807495117
		endloop
	endfacet
	facet normal -0.998620588332267 0.05250638588702359 0
		outer loop
			vertex -448.2768859863281 134.9346466064453 15.933531761169434
			vertex -448.26806640625 135.10238647460938 16.933530807495117
			vertex -448.26806640625 135.10238647460938 15.933531761169434
		endloop
	endfacet
	facet normal -0.9560724343982561 0.2931153339534634 -0.00298348540166893
		outer loop
			vertex -448.3045959472656 134.7624053955078 15.933531761169434
			vertex -448.39483642578125 134.47824096679688 16.933530807495117
			vertex -448.2981872558594 134.79348754882812 16.933530807495117
		endloop
	endfacet
	facet normal -0.9873039559890177 0.15883628491106094 0.0013903539436138567
		outer loop
			vertex -448.3045959472656 134.7624053955078 15.933531761169434
			vertex -448.2981872558594 134.79348754882812 16.933530807495117
			vertex -448.2768859863281 134.9346466064453 15.933531761169434
		endloop
	endfacet
	facet normal -0.8735841724109128 0.48666231117271724 -0.0032386103763932615
		outer loop
			vertex -448.4081726074219 134.44764709472656 15.933531761169434
			vertex -448.5619812011719 134.17820739746094 16.933530807495117
			vertex -448.39483642578125 134.47824096679688 16.933530807495117
		endloop
	endfacet
	facet normal -0.94988739388445 0.3125768678343827 0.003104937077417592
		outer loop
			vertex -448.4081726074219 134.44764709472656 15.933531761169434
			vertex -448.39483642578125 134.47824096679688 16.933530807495117
			vertex -448.3045959472656 134.7624053955078 15.933531761169434
		endloop
	endfacet
	facet normal -0.7482948967790652 0.6633575584692163 -0.0033907338687187366
		outer loop
			vertex -448.5821228027344 134.15037536621094 15.933531761169434
			vertex -448.79400634765625 133.91647338867188 16.933530807495117
			vertex -448.5619812011719 134.17820739746094 16.933530807495117
		endloop
	endfacet
	facet normal -0.863088823200575 0.5050411962060649 0.0033276720081237376
		outer loop
			vertex -448.5821228027344 134.15037536621094 15.933531761169434
			vertex -448.5619812011719 134.17820739746094 16.933530807495117
			vertex -448.4081726074219 134.44764709472656 15.933531761169434
		endloop
	endfacet
	facet normal -0.586722690484881 0.8097808160496968 -0.003393291627593732
		outer loop
			vertex -448.8198547363281 133.8935546875 15.933531761169434
			vertex -449.07574462890625 133.71234130859375 16.933530807495117
			vertex -448.79400634765625 133.91647338867188 16.933530807495117
		endloop
	endfacet
	facet normal -0.7338490056769056 0.6793041119628179 0.003400049620843915
		outer loop
			vertex -448.8198547363281 133.8935546875 15.933531761169434
			vertex -448.79400634765625 133.91647338867188 16.933530807495117
			vertex -448.5821228027344 134.15037536621094 15.933531761169434
		endloop
	endfacet
	facet normal -0.4006226024747216 0.9162374761115013 -0.003227654753462742
		outer loop
			vertex -449.1053771972656 133.69586181640625 15.933531761169434
			vertex -449.3855285644531 133.57688903808594 16.933530807495117
			vertex -449.07574462890625 133.71234130859375 16.933530807495117
		endloop
	endfacet
	facet normal -0.5692525363341971 0.8221560249988807 0.003319704071712102
		outer loop
			vertex -449.1053771972656 133.69586181640625 15.933531761169434
			vertex -449.07574462890625 133.71234130859375 16.933530807495117
			vertex -448.8198547363281 133.8935546875 15.933531761169434
		endloop
	endfacet
	facet normal -0.20427548561163564 0.9789090053816593 -0.0029470596907999833
		outer loop
			vertex -449.4166564941406 133.5673828125 15.933531761169434
			vertex -449.7003173828125 133.51119995117188 16.933530807495117
			vertex -449.3855285644531 133.57688903808594 16.933530807495117
		endloop
	endfacet
	facet normal -0.3815227083653714 0.9243543053032751 0.0030888944384356637
		outer loop
			vertex -449.4166564941406 133.5673828125 15.933531761169434
			vertex -449.3855285644531 133.57688903808594 16.933530807495117
			vertex -449.1053771972656 133.69586181640625 15.933531761169434
		endloop
	endfacet
	facet normal -0.009554308404984271 0.9999509163122282 -0.002623005382695212
		outer loop
			vertex -449.7308044433594 133.50828552246094 15.933531761169434
			vertex -450.0053405761719 133.50828552246094 16.933530807495117
			vertex -449.7003173828125 133.51119995117188 16.933530807495117
		endloop
	endfacet
	facet normal -0.184875738969653 0.9827579948120879 0.0027721423753533387
		outer loop
			vertex -449.7308044433594 133.50828552246094 15.933531761169434
			vertex -449.7003173828125 133.51119995117188 16.933530807495117
			vertex -449.4166564941406 133.5673828125 15.933531761169434
		endloop
	endfacet
	facet normal 0.184875738969653 0.9827579948120879 -0.0027721423753533387
		outer loop
			vertex -450.03582763671875 133.51119995117188 15.933531761169434
			vertex -450.3194885253906 133.5673828125 16.933530807495117
			vertex -450.0053405761719 133.50828552246094 16.933530807495117
		endloop
	endfacet
	facet normal 0.009554308404984271 0.9999509163122282 0.002623005382695212
		outer loop
			vertex -450.03582763671875 133.51119995117188 15.933531761169434
			vertex -450.0053405761719 133.50828552246094 16.933530807495117
			vertex -449.7308044433594 133.50828552246094 15.933531761169434
		endloop
	endfacet
	facet normal 0.38155466909156194 0.9243411092790594 -0.003090014755124733
		outer loop
			vertex -450.3506164550781 133.57688903808594 15.933531761169434
			vertex -450.6307373046875 133.69586181640625 16.933530807495117
			vertex -450.3194885253906 133.5673828125 16.933530807495117
		endloop
	endfacet
	facet normal 0.20427548561163564 0.9789090053816593 0.0029470596907999833
		outer loop
			vertex -450.3506164550781 133.57688903808594 15.933531761169434
			vertex -450.3194885253906 133.5673828125 16.933530807495117
			vertex -450.03582763671875 133.51119995117188 15.933531761169434
		endloop
	endfacet
	facet normal 0.569211381793159 0.8221844549920638 -0.0033353870128808687
		outer loop
			vertex -450.660400390625 133.71234130859375 15.933531761169434
			vertex -450.9162902832031 133.8935546875 16.933530807495117
			vertex -450.6307373046875 133.69586181640625 16.933530807495117
		endloop
	endfacet
	facet normal 0.4006226182539282 0.9162375121990819 0.003215428836878576
		outer loop
			vertex -450.660400390625 133.71234130859375 15.933531761169434
			vertex -450.6307373046875 133.69586181640625 16.933530807495117
			vertex -450.3506164550781 133.57688903808594 15.933531761169434
		endloop
	endfacet
	facet normal 0.7338490056769056 0.6793041119628179 -0.003400049620843915
		outer loop
			vertex -450.942138671875 133.91647338867188 15.933531761169434
			vertex -451.1540222167969 134.15037536621094 16.933530807495117
			vertex -450.9162902832031 133.8935546875 16.933530807495117
		endloop
	endfacet
	facet normal 0.586722690484881 0.8097808160496968 0.003393291627593732
		outer loop
			vertex -450.942138671875 133.91647338867188 15.933531761169434
			vertex -450.9162902832031 133.8935546875 16.933530807495117
			vertex -450.660400390625 133.71234130859375 15.933531761169434
		endloop
	endfacet
	facet normal 0.863088823200575 0.5050411962060649 -0.0033276720081237376
		outer loop
			vertex -451.1741638183594 134.17820739746094 15.933531761169434
			vertex -451.3279724121094 134.44764709472656 16.933530807495117
			vertex -451.1540222167969 134.15037536621094 16.933530807495117
		endloop
	endfacet
	facet normal 0.7482948967790652 0.6633575584692163 0.0033907338687187366
		outer loop
			vertex -451.1741638183594 134.17820739746094 15.933531761169434
			vertex -451.1540222167969 134.15037536621094 16.933530807495117
			vertex -450.942138671875 133.91647338867188 15.933531761169434
		endloop
	endfacet
	facet normal 0.94988739388445 0.3125768678343827 -0.003104937077417592
		outer loop
			vertex -451.34130859375 134.47824096679688 15.933531761169434
			vertex -451.4315490722656 134.7624053955078 16.933530807495117
			vertex -451.3279724121094 134.44764709472656 16.933530807495117
		endloop
	endfacet
	facet normal 0.8735841724109128 0.48666231117271724 0.0032386103763932615
		outer loop
			vertex -451.34130859375 134.47824096679688 15.933531761169434
			vertex -451.3279724121094 134.44764709472656 16.933530807495117
			vertex -451.1741638183594 134.17820739746094 15.933531761169434
		endloop
	endfacet
	facet normal 0.9873039559890177 0.15883628491106094 -0.0013903539436138567
		outer loop
			vertex -451.4379577636719 134.79348754882812 15.933531761169434
			vertex -451.4592590332031 134.9346466064453 16.933530807495117
			vertex -451.4315490722656 134.7624053955078 16.933530807495117
		endloop
	endfacet
	facet normal 0.9560724343982561 0.2931153339534634 0.00298348540166893
		outer loop
			vertex -451.4379577636719 134.79348754882812 15.933531761169434
			vertex -451.4315490722656 134.7624053955078 16.933530807495117
			vertex -451.34130859375 134.47824096679688 15.933531761169434
		endloop
	endfacet
	facet normal 0.998620588332267 0.05250638588702359 0
		outer loop
			vertex -451.46807861328125 135.10238647460938 15.933531761169434
			vertex -451.46807861328125 135.10238647460938 16.933530807495117
			vertex -451.4592590332031 134.9346466064453 16.933530807495117
		endloop
	endfacet
	facet normal 0.9952514996287207 0.09704734539948107 0.0075010157776577895
		outer loop
			vertex -451.46807861328125 135.10238647460938 15.933531761169434
			vertex -451.4592590332031 134.9346466064453 16.933530807495117
			vertex -451.4379577636719 134.79348754882812 15.933531761169434
		endloop
	endfacet
	facet normal -0.9952608808238712 0.09695232825275639 -0.007484994860512272
		outer loop
			vertex -397.4768981933594 119.69464111328125 15.933531761169434
			vertex -397.4981689453125 119.5534896850586 16.933530807495117
			vertex -397.46807861328125 119.86238098144531 16.933530807495117
		endloop
	endfacet
	facet normal -0.998620588332267 0.05250638588702359 0
		outer loop
			vertex -397.4768981933594 119.69464111328125 15.933531761169434
			vertex -397.46807861328125 119.86238098144531 16.933530807495117
			vertex -397.46807861328125 119.86238098144531 15.933531761169434
		endloop
	endfacet
	facet normal -0.9560745120471786 0.2931088772927485 -0.0029518580476974613
		outer loop
			vertex -397.5046081542969 119.52241516113281 15.933531761169434
			vertex -397.5948181152344 119.23823547363281 16.933530807495117
			vertex -397.4981689453125 119.5534896850586 16.933530807495117
		endloop
	endfacet
	facet normal -0.987301706159733 0.1588499954271352 0.0014212553884965248
		outer loop
			vertex -397.5046081542969 119.52241516113281 15.933531761169434
			vertex -397.4981689453125 119.5534896850586 16.933530807495117
			vertex -397.4768981933594 119.69464111328125 15.933531761169434
		endloop
	endfacet
	facet normal -0.8735789851624767 0.4866717967435356 -0.0032123102148109103
		outer loop
			vertex -397.6081848144531 119.2076416015625 15.933531761169434
			vertex -397.761962890625 118.9382095336914 16.933530807495117
			vertex -397.5948181152344 119.23823547363281 16.933530807495117
		endloop
	endfacet
	facet normal -0.9498918054438487 0.31256316716044624 0.0031344034929250354
		outer loop
			vertex -397.6081848144531 119.2076416015625 15.933531761169434
			vertex -397.5948181152344 119.23823547363281 16.933530807495117
			vertex -397.5046081542969 119.52241516113281 15.933531761169434
		endloop
	endfacet
	facet normal -0.7482611824018154 0.6633955788595219 -0.0033924711166201235
		outer loop
			vertex -397.7821044921875 118.9103775024414 15.933531761169434
			vertex -397.9940185546875 118.67646789550781 16.933530807495117
			vertex -397.761962890625 118.9382095336914 16.933530807495117
		endloop
	endfacet
	facet normal -0.8631217894094745 0.5049848397551108 0.0033299045170015963
		outer loop
			vertex -397.7821044921875 118.9103775024414 15.933531761169434
			vertex -397.761962890625 118.9382095336914 16.933530807495117
			vertex -397.6081848144531 119.2076416015625 15.933531761169434
		endloop
	endfacet
	facet normal -0.5867227027738803 0.8097808330106836 -0.0033871135553159406
		outer loop
			vertex -398.0198669433594 118.65355682373047 15.933531761169434
			vertex -398.2757568359375 118.47233581542969 16.933530807495117
			vertex -397.9940185546875 118.67646789550781 16.933530807495117
		endloop
	endfacet
	facet normal -0.7338055279900214 0.6793510627497186 0.0034030327817679245
		outer loop
			vertex -398.0198669433594 118.65355682373047 15.933531761169434
			vertex -397.9940185546875 118.67646789550781 16.933530807495117
			vertex -397.7821044921875 118.9103775024414 15.933531761169434
		endloop
	endfacet
	facet normal -0.4006557385002655 0.9162229910505113 -0.0032264341403071663
		outer loop
			vertex -398.3053894042969 118.45585632324219 15.933531761169434
			vertex -398.58551025390625 118.33688354492188 16.933530807495117
			vertex -398.2757568359375 118.47233581542969 16.933530807495117
		endloop
	endfacet
	facet normal -0.569267384591218 0.8221457415560429 0.0033203135302004166
		outer loop
			vertex -398.3053894042969 118.45585632324219 15.933531761169434
			vertex -398.2757568359375 118.47233581542969 16.933530807495117
			vertex -398.0198669433594 118.65355682373047 15.933531761169434
		endloop
	endfacet
	facet normal -0.20423378381096627 0.9789177436607867 -0.0029347395676890494
		outer loop
			vertex -398.6166687011719 118.32738494873047 15.933531761169434
			vertex -398.90032958984375 118.27120208740234 16.933530807495117
			vertex -398.58551025390625 118.33688354492188 16.933530807495117
		endloop
	endfacet
	facet normal -0.38150332887058197 0.9243622434776261 0.003106910631878978
		outer loop
			vertex -398.6166687011719 118.32738494873047 15.933531761169434
			vertex -398.58551025390625 118.33688354492188 16.933530807495117
			vertex -398.3053894042969 118.45585632324219 15.933531761169434
		endloop
	endfacet
	facet normal -0.00958027563824485 0.9999506499072484 -0.0026298419662040364
		outer loop
			vertex -398.9308166503906 118.26828002929688 15.933531761169434
			vertex -399.205322265625 118.26828002929688 16.933530807495117
			vertex -398.90032958984375 118.27120208740234 16.933530807495117
		endloop
	endfacet
	facet normal -0.18489879377587462 0.982753676586474 0.002765360011793342
		outer loop
			vertex -398.9308166503906 118.26828002929688 15.933531761169434
			vertex -398.90032958984375 118.27120208740234 16.933530807495117
			vertex -398.6166687011719 118.32738494873047 15.933531761169434
		endloop
	endfacet
	facet normal 0.1848814479223336 0.982756941453685 -0.0027648216470610777
		outer loop
			vertex -399.2358093261719 118.27120208740234 15.933531761169434
			vertex -399.5195007324219 118.32738494873047 16.933530807495117
			vertex -399.205322265625 118.26828002929688 16.933530807495117
		endloop
	endfacet
	facet normal 0.00958027563824485 0.9999506499072484 0.0026298419662040364
		outer loop
			vertex -399.2358093261719 118.27120208740234 15.933531761169434
			vertex -399.205322265625 118.26828002929688 16.933530807495117
			vertex -398.9308166503906 118.26828002929688 15.933531761169434
		endloop
	endfacet
	facet normal 0.3815353022985475 0.9243490820459376 -0.003096388345942876
		outer loop
			vertex -399.5506286621094 118.33688354492188 15.933531761169434
			vertex -399.83074951171875 118.45585632324219 16.933530807495117
			vertex -399.5195007324219 118.32738494873047 16.933530807495117
		endloop
	endfacet
	facet normal 0.20423378007127171 0.9789177257359689 0.002940972240234548
		outer loop
			vertex -399.5506286621094 118.33688354492188 15.933531761169434
			vertex -399.5195007324219 118.32738494873047 16.933530807495117
			vertex -399.2358093261719 118.27120208740234 15.933531761169434
		endloop
	endfacet
	facet normal 0.569267384591218 0.8221457415560429 -0.0033203135302004166
		outer loop
			vertex -399.8603820800781 118.47233581542969 15.933531761169434
			vertex -400.11627197265625 118.65355682373047 16.933530807495117
			vertex -399.83074951171875 118.45585632324219 16.933530807495117
		endloop
	endfacet
	facet normal 0.4006557385002655 0.9162229910505113 0.0032264341403071663
		outer loop
			vertex -399.8603820800781 118.47233581542969 15.933531761169434
			vertex -399.83074951171875 118.45585632324219 16.933530807495117
			vertex -399.5506286621094 118.33688354492188 15.933531761169434
		endloop
	endfacet
	facet normal 0.7338055279900214 0.6793510627497186 -0.0034030327817679245
		outer loop
			vertex -400.1421203613281 118.67646789550781 15.933531761169434
			vertex -400.3540344238281 118.9103775024414 16.933530807495117
			vertex -400.11627197265625 118.65355682373047 16.933530807495117
		endloop
	endfacet
	facet normal 0.5867227027738803 0.8097808330106836 0.0033871135553159406
		outer loop
			vertex -400.1421203613281 118.67646789550781 15.933531761169434
			vertex -400.11627197265625 118.65355682373047 16.933530807495117
			vertex -399.8603820800781 118.47233581542969 15.933531761169434
		endloop
	endfacet
	facet normal 0.8630831741120668 0.5050508525974674 -0.0033272894690817172
		outer loop
			vertex -400.3741760253906 118.9382095336914 15.933531761169434
			vertex -400.5279846191406 119.2076416015625 16.933530807495117
			vertex -400.3540344238281 118.9103775024414 16.933530807495117
		endloop
	endfacet
	facet normal 0.7482611824018154 0.6633955788595219 0.0033924711166201235
		outer loop
			vertex -400.3741760253906 118.9382095336914 15.933531761169434
			vertex -400.3540344238281 118.9103775024414 16.933530807495117
			vertex -400.1421203613281 118.67646789550781 15.933531761169434
		endloop
	endfacet
	facet normal 0.9499192226772518 0.31248009331949345 -0.0031083222623363507
		outer loop
			vertex -400.54132080078125 119.23823547363281 15.933531761169434
			vertex -400.63153076171875 119.52241516113281 16.933530807495117
			vertex -400.5279846191406 119.2076416015625 16.933530807495117
		endloop
	endfacet
	facet normal 0.8735789100398659 0.48667175489264797 0.0032389694766312973
		outer loop
			vertex -400.54132080078125 119.23823547363281 15.933531761169434
			vertex -400.5279846191406 119.2076416015625 16.933530807495117
			vertex -400.3741760253906 118.9382095336914 15.933531761169434
		endloop
	endfacet
	facet normal 0.987301706159733 0.1588499954271352 -0.0014212553884965248
		outer loop
			vertex -400.6379699707031 119.5534896850586 15.933531761169434
			vertex -400.65924072265625 119.69464111328125 16.933530807495117
			vertex -400.63153076171875 119.52241516113281 16.933530807495117
		endloop
	endfacet
	facet normal 0.9560745120471786 0.2931088772927485 0.0029518580476974613
		outer loop
			vertex -400.6379699707031 119.5534896850586 15.933531761169434
			vertex -400.63153076171875 119.52241516113281 16.933530807495117
			vertex -400.54132080078125 119.23823547363281 15.933531761169434
		endloop
	endfacet
	facet normal 0.998620588332267 0.05250638588702359 0
		outer loop
			vertex -400.6680603027344 119.86238098144531 15.933531761169434
			vertex -400.6680603027344 119.86238098144531 16.933530807495117
			vertex -400.65924072265625 119.69464111328125 16.933530807495117
		endloop
	endfacet
	facet normal 0.9952608808238712 0.09695232825275639 0.007484994860512272
		outer loop
			vertex -400.6680603027344 119.86238098144531 15.933531761169434
			vertex -400.65924072265625 119.69464111328125 16.933530807495117
			vertex -400.6379699707031 119.5534896850586 15.933531761169434
		endloop
	endfacet
	facet normal 0.9952611093643337 -0.09694995592108606 -0.007485334580067228
		outer loop
			vertex -400.65924072265625 120.0301284790039 15.933531761169434
			vertex -400.6379699707031 120.17127990722656 16.933530807495117
			vertex -400.6680603027344 119.86238098144531 16.933530807495117
		endloop
	endfacet
	facet normal 0.9986207135451446 -0.052504004405247974 0
		outer loop
			vertex -400.65924072265625 120.0301284790039 15.933531761169434
			vertex -400.6680603027344 119.86238098144531 16.933530807495117
			vertex -400.6680603027344 119.86238098144531 15.933531761169434
		endloop
	endfacet
	facet normal 0.9560745120471786 -0.2931088772927485 -0.0029518580476974613
		outer loop
			vertex -400.63153076171875 120.20235443115234 15.933531761169434
			vertex -400.54132080078125 120.48653411865234 16.933530807495117
			vertex -400.6379699707031 120.17127990722656 16.933530807495117
		endloop
	endfacet
	facet normal 0.987301706159733 -0.1588499954271352 0.0014212553884965248
		outer loop
			vertex -400.63153076171875 120.20235443115234 15.933531761169434
			vertex -400.6379699707031 120.17127990722656 16.933530807495117
			vertex -400.65924072265625 120.0301284790039 15.933531761169434
		endloop
	endfacet
	facet normal 0.8735789100398659 -0.48667175489264797 -0.0032389694766312973
		outer loop
			vertex -400.5279846191406 120.51712799072266 15.933531761169434
			vertex -400.3741760253906 120.78656005859375 16.933530807495117
			vertex -400.54132080078125 120.48653411865234 16.933530807495117
		endloop
	endfacet
	facet normal 0.9499192226772518 -0.31248009331949345 0.0031083222623363507
		outer loop
			vertex -400.5279846191406 120.51712799072266 15.933531761169434
			vertex -400.54132080078125 120.48653411865234 16.933530807495117
			vertex -400.63153076171875 120.20235443115234 15.933531761169434
		endloop
	endfacet
	facet normal 0.7482611824018154 -0.6633955788595219 -0.0033924711166201235
		outer loop
			vertex -400.3540344238281 120.81439208984375 15.933531761169434
			vertex -400.1421203613281 121.04830169677734 16.933530807495117
			vertex -400.3741760253906 120.78656005859375 16.933530807495117
		endloop
	endfacet
	facet normal 0.8630831741120668 -0.5050508525974674 0.0033272894690817172
		outer loop
			vertex -400.3540344238281 120.81439208984375 15.933531761169434
			vertex -400.3741760253906 120.78656005859375 16.933530807495117
			vertex -400.5279846191406 120.51712799072266 15.933531761169434
		endloop
	endfacet
	facet normal 0.5867227027738803 -0.8097808330106836 -0.0033871135553159406
		outer loop
			vertex -400.11627197265625 121.07121276855469 15.933531761169434
			vertex -399.8603820800781 121.25243377685547 16.933530807495117
			vertex -400.1421203613281 121.04830169677734 16.933530807495117
		endloop
	endfacet
	facet normal 0.7338055279900214 -0.6793510627497186 0.0034030327817679245
		outer loop
			vertex -400.11627197265625 121.07121276855469 15.933531761169434
			vertex -400.1421203613281 121.04830169677734 16.933530807495117
			vertex -400.3540344238281 120.81439208984375 15.933531761169434
		endloop
	endfacet
	facet normal 0.4006557385002655 -0.9162229910505113 -0.0032264341403071663
		outer loop
			vertex -399.83074951171875 121.26891326904297 15.933531761169434
			vertex -399.5506286621094 121.38788604736328 16.933530807495117
			vertex -399.8603820800781 121.25243377685547 16.933530807495117
		endloop
	endfacet
	facet normal 0.569267384591218 -0.8221457415560429 0.0033203135302004166
		outer loop
			vertex -399.83074951171875 121.26891326904297 15.933531761169434
			vertex -399.8603820800781 121.25243377685547 16.933530807495117
			vertex -400.11627197265625 121.07121276855469 15.933531761169434
		endloop
	endfacet
	facet normal 0.20423378007127171 -0.9789177257359689 -0.002940972240234548
		outer loop
			vertex -399.5195007324219 121.39738464355469 15.933531761169434
			vertex -399.2358093261719 121.45356750488281 16.933530807495117
			vertex -399.5506286621094 121.38788604736328 16.933530807495117
		endloop
	endfacet
	facet normal 0.3815353022985475 -0.9243490820459376 0.003096388345942876
		outer loop
			vertex -399.5195007324219 121.39738464355469 15.933531761169434
			vertex -399.5506286621094 121.38788604736328 16.933530807495117
			vertex -399.83074951171875 121.26891326904297 15.933531761169434
		endloop
	endfacet
	facet normal 0.00958027563824485 -0.9999506499072484 -0.0026298419662040364
		outer loop
			vertex -399.205322265625 121.45648956298828 15.933531761169434
			vertex -398.9308166503906 121.45648956298828 16.933530807495117
			vertex -399.2358093261719 121.45356750488281 16.933530807495117
		endloop
	endfacet
	facet normal 0.1848814479223336 -0.982756941453685 0.0027648216470610777
		outer loop
			vertex -399.205322265625 121.45648956298828 15.933531761169434
			vertex -399.2358093261719 121.45356750488281 16.933530807495117
			vertex -399.5195007324219 121.39738464355469 15.933531761169434
		endloop
	endfacet
	facet normal -0.18489879377587462 -0.982753676586474 -0.002765360011793342
		outer loop
			vertex -398.90032958984375 121.45356750488281 15.933531761169434
			vertex -398.6166687011719 121.39738464355469 16.933530807495117
			vertex -398.9308166503906 121.45648956298828 16.933530807495117
		endloop
	endfacet
	facet normal -0.00958027563824485 -0.9999506499072484 0.0026298419662040364
		outer loop
			vertex -398.90032958984375 121.45356750488281 15.933531761169434
			vertex -398.9308166503906 121.45648956298828 16.933530807495117
			vertex -399.205322265625 121.45648956298828 15.933531761169434
		endloop
	endfacet
	facet normal -0.38150332887058197 -0.9243622434776261 -0.003106910631878978
		outer loop
			vertex -398.58551025390625 121.38788604736328 15.933531761169434
			vertex -398.3053894042969 121.26891326904297 16.933530807495117
			vertex -398.6166687011719 121.39738464355469 16.933530807495117
		endloop
	endfacet
	facet normal -0.20423378381096627 -0.9789177436607867 0.0029347395676890494
		outer loop
			vertex -398.58551025390625 121.38788604736328 15.933531761169434
			vertex -398.6166687011719 121.39738464355469 16.933530807495117
			vertex -398.90032958984375 121.45356750488281 15.933531761169434
		endloop
	endfacet
	facet normal -0.569267384591218 -0.8221457415560429 -0.0033203135302004166
		outer loop
			vertex -398.2757568359375 121.25243377685547 15.933531761169434
			vertex -398.0198669433594 121.07121276855469 16.933530807495117
			vertex -398.3053894042969 121.26891326904297 16.933530807495117
		endloop
	endfacet
	facet normal -0.4006557385002655 -0.9162229910505113 0.0032264341403071663
		outer loop
			vertex -398.2757568359375 121.25243377685547 15.933531761169434
			vertex -398.3053894042969 121.26891326904297 16.933530807495117
			vertex -398.58551025390625 121.38788604736328 15.933531761169434
		endloop
	endfacet
	facet normal -0.7338055279900214 -0.6793510627497186 -0.0034030327817679245
		outer loop
			vertex -397.9940185546875 121.04830169677734 15.933531761169434
			vertex -397.7821044921875 120.81439208984375 16.933530807495117
			vertex -398.0198669433594 121.07121276855469 16.933530807495117
		endloop
	endfacet
	facet normal -0.5867227027738803 -0.8097808330106836 0.0033871135553159406
		outer loop
			vertex -397.9940185546875 121.04830169677734 15.933531761169434
			vertex -398.0198669433594 121.07121276855469 16.933530807495117
			vertex -398.2757568359375 121.25243377685547 15.933531761169434
		endloop
	endfacet
	facet normal -0.8631217894094745 -0.5049848397551108 -0.0033299045170015963
		outer loop
			vertex -397.761962890625 120.78656005859375 15.933531761169434
			vertex -397.6081848144531 120.51712799072266 16.933530807495117
			vertex -397.7821044921875 120.81439208984375 16.933530807495117
		endloop
	endfacet
	facet normal -0.7482611824018154 -0.6633955788595219 0.0033924711166201235
		outer loop
			vertex -397.761962890625 120.78656005859375 15.933531761169434
			vertex -397.7821044921875 120.81439208984375 16.933530807495117
			vertex -397.9940185546875 121.04830169677734 15.933531761169434
		endloop
	endfacet
	facet normal -0.9498918054438487 -0.31256316716044624 -0.0031344034929250354
		outer loop
			vertex -397.5948181152344 120.48653411865234 15.933531761169434
			vertex -397.5046081542969 120.20235443115234 16.933530807495117
			vertex -397.6081848144531 120.51712799072266 16.933530807495117
		endloop
	endfacet
	facet normal -0.8735789851624767 -0.4866717967435356 0.0032123102148109103
		outer loop
			vertex -397.5948181152344 120.48653411865234 15.933531761169434
			vertex -397.6081848144531 120.51712799072266 16.933530807495117
			vertex -397.761962890625 120.78656005859375 15.933531761169434
		endloop
	endfacet
	facet normal -0.987301706159733 -0.1588499954271352 -0.0014212553884965248
		outer loop
			vertex -397.4981689453125 120.17127990722656 15.933531761169434
			vertex -397.4768981933594 120.0301284790039 16.933530807495117
			vertex -397.5046081542969 120.20235443115234 16.933530807495117
		endloop
	endfacet
	facet normal -0.9560745120471786 -0.2931088772927485 0.0029518580476974613
		outer loop
			vertex -397.4981689453125 120.17127990722656 15.933531761169434
			vertex -397.5046081542969 120.20235443115234 16.933530807495117
			vertex -397.5948181152344 120.48653411865234 15.933531761169434
		endloop
	endfacet
	facet normal -0.9986207135451446 -0.052504004405247974 0
		outer loop
			vertex -397.46807861328125 119.86238098144531 15.933531761169434
			vertex -397.46807861328125 119.86238098144531 16.933530807495117
			vertex -397.4768981933594 120.0301284790039 16.933530807495117
		endloop
	endfacet
	facet normal -0.9952611093643337 -0.09694995592108606 0.007485334580067228
		outer loop
			vertex -397.46807861328125 119.86238098144531 15.933531761169434
			vertex -397.4768981933594 120.0301284790039 16.933530807495117
			vertex -397.4981689453125 120.17127990722656 15.933531761169434
		endloop
	endfacet
	facet normal 0.9952611148745023 -0.09694995645784028 -0.007484594951336064
		outer loop
			vertex -452.729248046875 87.01012420654297 15.933531761169434
			vertex -452.7079772949219 87.15128326416016 16.933530807495117
			vertex -452.7380676269531 86.8423843383789 16.933530807495117
		endloop
	endfacet
	facet normal 0.998620588332267 -0.05250638588702359 0
		outer loop
			vertex -452.729248046875 87.01012420654297 15.933531761169434
			vertex -452.7380676269531 86.8423843383789 16.933530807495117
			vertex -452.7380676269531 86.8423843383789 15.933531761169434
		endloop
	endfacet
	facet normal 0.9560465753597175 -0.2931999565091563 -0.0029548681840264527
		outer loop
			vertex -452.7015380859375 87.18235778808594 15.933531761169434
			vertex -452.6112976074219 87.4665298461914 16.933530807495117
			vertex -452.7079772949219 87.15128326416016 16.933530807495117
		endloop
	endfacet
	facet normal 0.9873028093917973 -0.1588431363770103 0.001421475634365602
		outer loop
			vertex -452.7015380859375 87.18235778808594 15.933531761169434
			vertex -452.7079772949219 87.15128326416016 16.933530807495117
			vertex -452.729248046875 87.01012420654297 15.933531761169434
		endloop
	endfacet
	facet normal 0.8736219447280957 -0.4865944941596961 -0.003239744275343812
		outer loop
			vertex -452.59796142578125 87.49713134765625 15.933531761169434
			vertex -452.4441833496094 87.76656341552734 16.933530807495117
			vertex -452.6112976074219 87.4665298461914 16.933530807495117
		endloop
	endfacet
	facet normal 0.9498918983848891 -0.31256319774281965 0.003103030701516526
		outer loop
			vertex -452.59796142578125 87.49713134765625 15.933531761169434
			vertex -452.6112976074219 87.4665298461914 16.933530807495117
			vertex -452.7015380859375 87.18235778808594 15.933531761169434
		endloop
	endfacet
	facet normal 0.7482611824018154 -0.6633955788595219 -0.0033924711166201235
		outer loop
			vertex -452.4240417480469 87.79439544677734 15.933531761169434
			vertex -452.2121276855469 88.02830505371094 16.933530807495117
			vertex -452.4441833496094 87.76656341552734 16.933530807495117
		endloop
	endfacet
	facet normal 0.8631217894094745 -0.5049848397551108 0.0033299045170015963
		outer loop
			vertex -452.4240417480469 87.79439544677734 15.933531761169434
			vertex -452.4441833496094 87.76656341552734 16.933530807495117
			vertex -452.59796142578125 87.49713134765625 15.933531761169434
		endloop
	endfacet
	facet normal 0.5867083337906716 -0.8097912670611818 -0.0033815458032844387
		outer loop
			vertex -452.186279296875 88.05120849609375 15.933531761169434
			vertex -451.9303894042969 88.23242950439453 16.933530807495117
			vertex -452.2121276855469 88.02830505371094 16.933530807495117
		endloop
	endfacet
	facet normal 0.7337954552202692 -0.6793619193275443 0.003407706805636099
		outer loop
			vertex -452.186279296875 88.05120849609375 15.933531761169434
			vertex -452.2121276855469 88.02830505371094 16.933530807495117
			vertex -452.4240417480469 87.79439544677734 15.933531761169434
		endloop
	endfacet
	facet normal 0.4006226024747216 -0.9162374761115013 -0.003227654753462742
		outer loop
			vertex -451.9007568359375 88.24890899658203 15.933531761169434
			vertex -451.62060546875 88.36788177490234 16.933530807495117
			vertex -451.9303894042969 88.23242950439453 16.933530807495117
		endloop
	endfacet
	facet normal 0.569267384591218 -0.8221457415560429 0.0033203135302004166
		outer loop
			vertex -451.9007568359375 88.24890899658203 15.933531761169434
			vertex -451.9303894042969 88.23242950439453 16.933530807495117
			vertex -452.186279296875 88.05120849609375 15.933531761169434
		endloop
	endfacet
	facet normal 0.20427549010205975 -0.9789090269002306 -0.002939591265283901
		outer loop
			vertex -451.5894775390625 88.37738037109375 15.933531761169434
			vertex -451.3058166503906 88.4335708618164 16.933530807495117
			vertex -451.62060546875 88.36788177490234 16.933530807495117
		endloop
	endfacet
	facet normal 0.3815033426446254 -0.9243622768513995 0.0030952681748855674
		outer loop
			vertex -451.5894775390625 88.37738037109375 15.933531761169434
			vertex -451.62060546875 88.36788177490234 16.933530807495117
			vertex -451.9007568359375 88.24890899658203 15.933531761169434
		endloop
	endfacet
	facet normal 0.009555264322876147 -0.9999509072547038 -0.0026229762131432374
		outer loop
			vertex -451.27532958984375 88.43648529052734 15.933531761169434
			vertex -451.0008239746094 88.43648529052734 16.933530807495117
			vertex -451.3058166503906 88.4335708618164 16.933530807495117
		endloop
	endfacet
	facet normal 0.18489878993695277 -0.98275365618226 0.0027728577768986675
		outer loop
			vertex -451.27532958984375 88.43648529052734 15.933531761169434
			vertex -451.3058166503906 88.4335708618164 16.933530807495117
			vertex -451.5894775390625 88.37738037109375 15.933531761169434
		endloop
	endfacet
	facet normal -0.18488144408450544 -0.9827569210533025 -0.0027723194370975635
		outer loop
			vertex -450.9703369140625 88.4335708618164 15.933531761169434
			vertex -450.6866455078125 88.37738037109375 16.933530807495117
			vertex -451.0008239746094 88.43648529052734 16.933530807495117
		endloop
	endfacet
	facet normal -0.009555264322876147 -0.9999509072547038 0.0026229762131432374
		outer loop
			vertex -450.9703369140625 88.4335708618164 15.933531761169434
			vertex -451.0008239746094 88.43648529052734 16.933530807495117
			vertex -451.27532958984375 88.43648529052734 15.933531761169434
		endloop
	endfacet
	facet normal -0.3815353022985475 -0.9243490820459376 -0.003096388345942876
		outer loop
			vertex -450.655517578125 88.36788177490234 15.933531761169434
			vertex -450.3753967285156 88.24890899658203 16.933530807495117
			vertex -450.6866455078125 88.37738037109375 16.933530807495117
		endloop
	endfacet
	facet normal -0.2042565141044521 -0.9789129846696993 0.0029402195426563565
		outer loop
			vertex -450.655517578125 88.36788177490234 15.933531761169434
			vertex -450.6866455078125 88.37738037109375 16.933530807495117
			vertex -450.9703369140625 88.4335708618164 15.933531761169434
		endloop
	endfacet
	facet normal -0.569267384591218 -0.8221457415560429 -0.0033203135302004166
		outer loop
			vertex -450.34576416015625 88.23242950439453 15.933531761169434
			vertex -450.0898742675781 88.05120849609375 16.933530807495117
			vertex -450.3753967285156 88.24890899658203 16.933530807495117
		endloop
	endfacet
	facet normal -0.4006557385002655 -0.9162229910505113 0.0032264341403071663
		outer loop
			vertex -450.34576416015625 88.23242950439453 15.933531761169434
			vertex -450.3753967285156 88.24890899658203 16.933530807495117
			vertex -450.655517578125 88.36788177490234 15.933531761169434
		endloop
	endfacet
	facet normal -0.7337954552202692 -0.6793619193275443 -0.003407706805636099
		outer loop
			vertex -450.06402587890625 88.02830505371094 15.933531761169434
			vertex -449.85211181640625 87.79439544677734 16.933530807495117
			vertex -450.0898742675781 88.05120849609375 16.933530807495117
		endloop
	endfacet
	facet normal -0.5867083337906716 -0.8097912670611818 0.0033815458032844387
		outer loop
			vertex -450.06402587890625 88.02830505371094 15.933531761169434
			vertex -450.0898742675781 88.05120849609375 16.933530807495117
			vertex -450.34576416015625 88.23242950439453 15.933531761169434
		endloop
	endfacet
	facet normal -0.8630831741120668 -0.5050508525974674 -0.0033272894690817172
		outer loop
			vertex -449.83197021484375 87.76656341552734 15.933531761169434
			vertex -449.67816162109375 87.49713134765625 16.933530807495117
			vertex -449.85211181640625 87.79439544677734 16.933530807495117
		endloop
	endfacet
	facet normal -0.7482611824018154 -0.6633955788595219 0.0033924711166201235
		outer loop
			vertex -449.83197021484375 87.76656341552734 15.933531761169434
			vertex -449.85211181640625 87.79439544677734 16.933530807495117
			vertex -450.06402587890625 88.02830505371094 15.933531761169434
		endloop
	endfacet
	facet normal -0.9499192297137888 -0.31248009563419316 -0.003105938249154932
		outer loop
			vertex -449.6648254394531 87.4665298461914 15.933531761169434
			vertex -449.5746154785156 87.18235778808594 16.933530807495117
			vertex -449.67816162109375 87.49713134765625 16.933530807495117
		endloop
	endfacet
	facet normal -0.8735841619002397 -0.48666230531735877 0.003242323279699074
		outer loop
			vertex -449.6648254394531 87.4665298461914 15.933531761169434
			vertex -449.67816162109375 87.49713134765625 16.933530807495117
			vertex -449.83197021484375 87.76656341552734 15.933531761169434
		endloop
	endfacet
	facet normal -0.9872753682663922 -0.15901365399852058 -0.0014160001760931602
		outer loop
			vertex -449.56817626953125 87.15128326416016 15.933531761169434
			vertex -449.546875 87.01012420654297 16.933530807495117
			vertex -449.5746154785156 87.18235778808594 16.933530807495117
		endloop
	endfacet
	facet normal -0.9560725235308323 -0.2931153612799754 0.0029520723391903664
		outer loop
			vertex -449.56817626953125 87.15128326416016 15.933531761169434
			vertex -449.5746154785156 87.18235778808594 16.933530807495117
			vertex -449.6648254394531 87.4665298461914 15.933531761169434
		endloop
	endfacet
	facet normal -0.9986300983451071 -0.05232520118682631 0
		outer loop
			vertex -449.5380859375 86.8423843383789 15.933531761169434
			vertex -449.5380859375 86.8423843383789 16.933530807495117
			vertex -449.546875 87.01012420654297 16.933530807495117
		endloop
	endfacet
	facet normal -0.995260888163284 -0.09694993437354259 0.007514966227290211
		outer loop
			vertex -449.5380859375 86.8423843383789 15.933531761169434
			vertex -449.546875 87.01012420654297 16.933530807495117
			vertex -449.56817626953125 87.15128326416016 15.933531761169434
		endloop
	endfacet
	facet normal -0.995260888163284 0.09694993437354259 -0.007514966227290211
		outer loop
			vertex -449.546875 86.67464447021484 15.933531761169434
			vertex -449.56817626953125 86.53348541259766 16.933530807495117
			vertex -449.5380859375 86.8423843383789 16.933530807495117
		endloop
	endfacet
	facet normal -0.9986300983451071 0.05232520118682631 0
		outer loop
			vertex -449.546875 86.67464447021484 15.933531761169434
			vertex -449.5380859375 86.8423843383789 16.933530807495117
			vertex -449.5380859375 86.8423843383789 15.933531761169434
		endloop
	endfacet
	facet normal -0.9560725235308323 0.2931153612799754 -0.0029520723391903664
		outer loop
			vertex -449.5746154785156 86.50241088867188 15.933531761169434
			vertex -449.6648254394531 86.2182388305664 16.933530807495117
			vertex -449.56817626953125 86.53348541259766 16.933530807495117
		endloop
	endfacet
	facet normal -0.9872753682663922 0.15901365399852058 0.0014160001760931602
		outer loop
			vertex -449.5746154785156 86.50241088867188 15.933531761169434
			vertex -449.56817626953125 86.53348541259766 16.933530807495117
			vertex -449.546875 86.67464447021484 15.933531761169434
		endloop
	endfacet
	facet normal -0.8735841619002397 0.48666230531735877 -0.003242323279699074
		outer loop
			vertex -449.67816162109375 86.18763732910156 15.933531761169434
			vertex -449.83197021484375 85.91820526123047 16.933530807495117
			vertex -449.6648254394531 86.2182388305664 16.933530807495117
		endloop
	endfacet
	facet normal -0.9499192297137888 0.31248009563419316 0.003105938249154932
		outer loop
			vertex -449.67816162109375 86.18763732910156 15.933531761169434
			vertex -449.6648254394531 86.2182388305664 16.933530807495117
			vertex -449.5746154785156 86.50241088867188 15.933531761169434
		endloop
	endfacet
	facet normal -0.7482611824018154 0.6633955788595219 -0.0033924711166201235
		outer loop
			vertex -449.85211181640625 85.89037322998047 15.933531761169434
			vertex -450.06402587890625 85.65646362304688 16.933530807495117
			vertex -449.83197021484375 85.91820526123047 16.933530807495117
		endloop
	endfacet
	facet normal -0.8630831741120668 0.5050508525974674 0.0033272894690817172
		outer loop
			vertex -449.85211181640625 85.89037322998047 15.933531761169434
			vertex -449.83197021484375 85.91820526123047 16.933530807495117
			vertex -449.67816162109375 86.18763732910156 15.933531761169434
		endloop
	endfacet
	facet normal -0.5867083337906716 0.8097912670611818 -0.0033815458032844387
		outer loop
			vertex -450.0898742675781 85.63356018066406 15.933531761169434
			vertex -450.34576416015625 85.45233917236328 16.933530807495117
			vertex -450.06402587890625 85.65646362304688 16.933530807495117
		endloop
	endfacet
	facet normal -0.7337954552202692 0.6793619193275443 0.003407706805636099
		outer loop
			vertex -450.0898742675781 85.63356018066406 15.933531761169434
			vertex -450.06402587890625 85.65646362304688 16.933530807495117
			vertex -449.85211181640625 85.89037322998047 15.933531761169434
		endloop
	endfacet
	facet normal -0.4006557385002655 0.9162229910505113 -0.0032264341403071663
		outer loop
			vertex -450.3753967285156 85.43585968017578 15.933531761169434
			vertex -450.655517578125 85.31688690185547 16.933530807495117
			vertex -450.34576416015625 85.45233917236328 16.933530807495117
		endloop
	endfacet
	facet normal -0.569267384591218 0.8221457415560429 0.0033203135302004166
		outer loop
			vertex -450.3753967285156 85.43585968017578 15.933531761169434
			vertex -450.34576416015625 85.45233917236328 16.933530807495117
			vertex -450.0898742675781 85.63356018066406 15.933531761169434
		endloop
	endfacet
	facet normal -0.20423378007127171 0.9789177257359689 -0.002940972240234548
		outer loop
			vertex -450.6866455078125 85.30738830566406 15.933531761169434
			vertex -450.9703369140625 85.25120544433594 16.933530807495117
			vertex -450.655517578125 85.31688690185547 16.933530807495117
		endloop
	endfacet
	facet normal -0.3815353022985475 0.9243490820459376 0.003096388345942876
		outer loop
			vertex -450.6866455078125 85.30738830566406 15.933531761169434
			vertex -450.655517578125 85.31688690185547 16.933530807495117
			vertex -450.3753967285156 85.43585968017578 15.933531761169434
		endloop
	endfacet
	facet normal -0.00958027563824485 0.9999506499072484 -0.0026298419662040364
		outer loop
			vertex -451.0008239746094 85.24828338623047 15.933531761169434
			vertex -451.27532958984375 85.24828338623047 16.933530807495117
			vertex -450.9703369140625 85.25120544433594 16.933530807495117
		endloop
	endfacet
	facet normal -0.1848814479223336 0.982756941453685 0.0027648216470610777
		outer loop
			vertex -451.0008239746094 85.24828338623047 15.933531761169434
			vertex -450.9703369140625 85.25120544433594 16.933530807495117
			vertex -450.6866455078125 85.30738830566406 15.933531761169434
		endloop
	endfacet
	facet normal 0.18489879377587462 0.982753676586474 -0.002765360011793342
		outer loop
			vertex -451.3058166503906 85.25120544433594 15.933531761169434
			vertex -451.5894775390625 85.30738830566406 16.933530807495117
			vertex -451.27532958984375 85.24828338623047 16.933530807495117
		endloop
	endfacet
	facet normal 0.00958027563824485 0.9999506499072484 0.0026298419662040364
		outer loop
			vertex -451.3058166503906 85.25120544433594 15.933531761169434
			vertex -451.27532958984375 85.24828338623047 16.933530807495117
			vertex -451.0008239746094 85.24828338623047 15.933531761169434
		endloop
	endfacet
	facet normal 0.3815033426446254 0.9243622768513995 -0.0030952681748855674
		outer loop
			vertex -451.62060546875 85.31688690185547 15.933531761169434
			vertex -451.9007568359375 85.43585968017578 16.933530807495117
			vertex -451.5894775390625 85.30738830566406 16.933530807495117
		endloop
	endfacet
	facet normal 0.2042527541407751 0.9789137688289441 0.0029403440310720595
		outer loop
			vertex -451.62060546875 85.31688690185547 15.933531761169434
			vertex -451.5894775390625 85.30738830566406 16.933530807495117
			vertex -451.3058166503906 85.25120544433594 15.933531761169434
		endloop
	endfacet
	facet normal 0.569267384591218 0.8221457415560429 -0.0033203135302004166
		outer loop
			vertex -451.9303894042969 85.45233917236328 15.933531761169434
			vertex -452.186279296875 85.63356018066406 16.933530807495117
			vertex -451.9007568359375 85.43585968017578 16.933530807495117
		endloop
	endfacet
	facet normal 0.4006226024747216 0.9162374761115013 0.003227654753462742
		outer loop
			vertex -451.9303894042969 85.45233917236328 15.933531761169434
			vertex -451.9007568359375 85.43585968017578 16.933530807495117
			vertex -451.62060546875 85.31688690185547 15.933531761169434
		endloop
	endfacet
	facet normal 0.7337954552202692 0.6793619193275443 -0.003407706805636099
		outer loop
			vertex -452.2121276855469 85.65646362304688 15.933531761169434
			vertex -452.4240417480469 85.89037322998047 16.933530807495117
			vertex -452.186279296875 85.63356018066406 16.933530807495117
		endloop
	endfacet
	facet normal 0.5867083337906716 0.8097912670611818 0.0033815458032844387
		outer loop
			vertex -452.2121276855469 85.65646362304688 15.933531761169434
			vertex -452.186279296875 85.63356018066406 16.933530807495117
			vertex -451.9303894042969 85.45233917236328 15.933531761169434
		endloop
	endfacet
	facet normal 0.8631217894094745 0.5049848397551108 -0.0033299045170015963
		outer loop
			vertex -452.4441833496094 85.91820526123047 15.933531761169434
			vertex -452.59796142578125 86.18763732910156 16.933530807495117
			vertex -452.4240417480469 85.89037322998047 16.933530807495117
		endloop
	endfacet
	facet normal 0.7482611824018154 0.6633955788595219 0.0033924711166201235
		outer loop
			vertex -452.4441833496094 85.91820526123047 15.933531761169434
			vertex -452.4240417480469 85.89037322998047 16.933530807495117
			vertex -452.2121276855469 85.65646362304688 15.933531761169434
		endloop
	endfacet
	facet normal 0.9498918983848891 0.31256319774281965 -0.003103030701516526
		outer loop
			vertex -452.6112976074219 86.2182388305664 15.933531761169434
			vertex -452.7015380859375 86.50241088867188 16.933530807495117
			vertex -452.59796142578125 86.18763732910156 16.933530807495117
		endloop
	endfacet
	facet normal 0.8736219447280957 0.4865944941596961 0.003239744275343812
		outer loop
			vertex -452.6112976074219 86.2182388305664 15.933531761169434
			vertex -452.59796142578125 86.18763732910156 16.933530807495117
			vertex -452.4441833496094 85.91820526123047 15.933531761169434
		endloop
	endfacet
	facet normal 0.9873028093917973 0.1588431363770103 -0.001421475634365602
		outer loop
			vertex -452.7079772949219 86.53348541259766 15.933531761169434
			vertex -452.729248046875 86.67464447021484 16.933530807495117
			vertex -452.7015380859375 86.50241088867188 16.933530807495117
		endloop
	endfacet
	facet normal 0.9560465753597175 0.2931999565091563 0.0029548681840264527
		outer loop
			vertex -452.7079772949219 86.53348541259766 15.933531761169434
			vertex -452.7015380859375 86.50241088867188 16.933530807495117
			vertex -452.6112976074219 86.2182388305664 15.933531761169434
		endloop
	endfacet
	facet normal 0.998620588332267 0.05250638588702359 0
		outer loop
			vertex -452.7380676269531 86.8423843383789 15.933531761169434
			vertex -452.7380676269531 86.8423843383789 16.933530807495117
			vertex -452.729248046875 86.67464447021484 16.933530807495117
		endloop
	endfacet
	facet normal 0.9952611148745023 0.09694995645784028 0.007484594951336064
		outer loop
			vertex -452.7380676269531 86.8423843383789 15.933531761169434
			vertex -452.729248046875 86.67464447021484 16.933530807495117
			vertex -452.7079772949219 86.53348541259766 15.933531761169434
		endloop
	endfacet
	facet normal 0.9952608808238712 -0.09695232825275639 -0.007484994860512272
		outer loop
			vertex -400.65924072265625 92.09012603759766 15.933531761169434
			vertex -400.6379699707031 92.23127746582031 16.933530807495117
			vertex -400.6680603027344 91.9223861694336 16.933530807495117
		endloop
	endfacet
	facet normal 0.998620588332267 -0.05250638588702359 0
		outer loop
			vertex -400.65924072265625 92.09012603759766 15.933531761169434
			vertex -400.6680603027344 91.9223861694336 16.933530807495117
			vertex -400.6680603027344 91.9223861694336 15.933531761169434
		endloop
	endfacet
	facet normal 0.9560745057336648 -0.2931088753571808 -0.002954094273587994
		outer loop
			vertex -400.63153076171875 92.26235961914062 15.933531761169434
			vertex -400.54132080078125 92.5465316772461 16.933530807495117
			vertex -400.6379699707031 92.23127746582031 16.933530807495117
		endloop
	endfacet
	facet normal 0.9873028110918546 -0.15884313665052563 0.0014202637586994457
		outer loop
			vertex -400.63153076171875 92.26235961914062 15.933531761169434
			vertex -400.6379699707031 92.23127746582031 16.933530807495117
			vertex -400.65924072265625 92.09012603759766 15.933531761169434
		endloop
	endfacet
	facet normal 0.8735789100398659 -0.48667175489264797 -0.0032389694766312973
		outer loop
			vertex -400.5279846191406 92.5771255493164 15.933531761169434
			vertex -400.3741760253906 92.8465576171875 16.933530807495117
			vertex -400.54132080078125 92.5465316772461 16.933530807495117
		endloop
	endfacet
	facet normal 0.9499169751483573 -0.31248692795679534 0.003108083190635514
		outer loop
			vertex -400.5279846191406 92.5771255493164 15.933531761169434
			vertex -400.54132080078125 92.5465316772461 16.933530807495117
			vertex -400.63153076171875 92.26235961914062 15.933531761169434
		endloop
	endfacet
	facet normal 0.7482611824018154 -0.6633955788595219 -0.0033924711166201235
		outer loop
			vertex -400.3540344238281 92.8743896484375 15.933531761169434
			vertex -400.1421203613281 93.1082992553711 16.933530807495117
			vertex -400.3741760253906 92.8465576171875 16.933530807495117
		endloop
	endfacet
	facet normal 0.8630831741120668 -0.5050508525974674 0.0033272894690817172
		outer loop
			vertex -400.3540344238281 92.8743896484375 15.933531761169434
			vertex -400.3741760253906 92.8465576171875 16.933530807495117
			vertex -400.5279846191406 92.5771255493164 15.933531761169434
		endloop
	endfacet
	facet normal 0.5867227027738803 -0.8097808330106836 -0.0033871135553159406
		outer loop
			vertex -400.11627197265625 93.13121032714844 15.933531761169434
			vertex -399.8603820800781 93.31243133544922 16.933530807495117
			vertex -400.1421203613281 93.1082992553711 16.933530807495117
		endloop
	endfacet
	facet normal 0.7338055279900214 -0.6793510627497186 0.0034030327817679245
		outer loop
			vertex -400.11627197265625 93.13121032714844 15.933531761169434
			vertex -400.1421203613281 93.1082992553711 16.933530807495117
			vertex -400.3540344238281 92.8743896484375 15.933531761169434
		endloop
	endfacet
	facet normal 0.4006557385002655 -0.9162229910505113 -0.0032264341403071663
		outer loop
			vertex -399.83074951171875 93.32891082763672 15.933531761169434
			vertex -399.5506286621094 93.44788360595703 16.933530807495117
			vertex -399.8603820800781 93.31243133544922 16.933530807495117
		endloop
	endfacet
	facet normal 0.569267384591218 -0.8221457415560429 0.0033203135302004166
		outer loop
			vertex -399.83074951171875 93.32891082763672 15.933531761169434
			vertex -399.8603820800781 93.31243133544922 16.933530807495117
			vertex -400.11627197265625 93.13121032714844 15.933531761169434
		endloop
	endfacet
	facet normal 0.20423378007127171 -0.9789177257359689 -0.002940972240234548
		outer loop
			vertex -399.5195007324219 93.45738220214844 15.933531761169434
			vertex -399.2358093261719 93.51356506347656 16.933530807495117
			vertex -399.5506286621094 93.44788360595703 16.933530807495117
		endloop
	endfacet
	facet normal 0.3815353022985475 -0.9243490820459376 0.003096388345942876
		outer loop
			vertex -399.5195007324219 93.45738220214844 15.933531761169434
			vertex -399.5506286621094 93.44788360595703 16.933530807495117
			vertex -399.83074951171875 93.32891082763672 15.933531761169434
		endloop
	endfacet
	facet normal 0.00958027563824485 -0.9999506499072484 -0.0026298419662040364
		outer loop
			vertex -399.205322265625 93.51648712158203 15.933531761169434
			vertex -398.9308166503906 93.51648712158203 16.933530807495117
			vertex -399.2358093261719 93.51356506347656 16.933530807495117
		endloop
	endfacet
	facet normal 0.1848814479223336 -0.982756941453685 0.0027648216470610777
		outer loop
			vertex -399.205322265625 93.51648712158203 15.933531761169434
			vertex -399.2358093261719 93.51356506347656 16.933530807495117
			vertex -399.5195007324219 93.45738220214844 15.933531761169434
		endloop
	endfacet
	facet normal -0.18489879377587462 -0.982753676586474 -0.002765360011793342
		outer loop
			vertex -398.90032958984375 93.51356506347656 15.933531761169434
			vertex -398.6166687011719 93.45738220214844 16.933530807495117
			vertex -398.9308166503906 93.51648712158203 16.933530807495117
		endloop
	endfacet
	facet normal -0.00958027563824485 -0.9999506499072484 0.0026298419662040364
		outer loop
			vertex -398.90032958984375 93.51356506347656 15.933531761169434
			vertex -398.9308166503906 93.51648712158203 16.933530807495117
			vertex -399.205322265625 93.51648712158203 15.933531761169434
		endloop
	endfacet
	facet normal -0.38150332887058197 -0.9243622434776261 -0.003106910631878978
		outer loop
			vertex -398.58551025390625 93.44788360595703 15.933531761169434
			vertex -398.3053894042969 93.32891082763672 16.933530807495117
			vertex -398.6166687011719 93.45738220214844 16.933530807495117
		endloop
	endfacet
	facet normal -0.20423378381096627 -0.9789177436607867 0.0029347395676890494
		outer loop
			vertex -398.58551025390625 93.44788360595703 15.933531761169434
			vertex -398.6166687011719 93.45738220214844 16.933530807495117
			vertex -398.90032958984375 93.51356506347656 15.933531761169434
		endloop
	endfacet
	facet normal -0.569267384591218 -0.8221457415560429 -0.0033203135302004166
		outer loop
			vertex -398.2757568359375 93.31243133544922 15.933531761169434
			vertex -398.0198669433594 93.13121032714844 16.933530807495117
			vertex -398.3053894042969 93.32891082763672 16.933530807495117
		endloop
	endfacet
	facet normal -0.4006557385002655 -0.9162229910505113 0.0032264341403071663
		outer loop
			vertex -398.2757568359375 93.31243133544922 15.933531761169434
			vertex -398.3053894042969 93.32891082763672 16.933530807495117
			vertex -398.58551025390625 93.44788360595703 15.933531761169434
		endloop
	endfacet
	facet normal -0.7338055279900214 -0.6793510627497186 -0.0034030327817679245
		outer loop
			vertex -397.9940185546875 93.1082992553711 15.933531761169434
			vertex -397.7821044921875 92.8743896484375 16.933530807495117
			vertex -398.0198669433594 93.13121032714844 16.933530807495117
		endloop
	endfacet
	facet normal -0.5867227027738803 -0.8097808330106836 0.0033871135553159406
		outer loop
			vertex -397.9940185546875 93.1082992553711 15.933531761169434
			vertex -398.0198669433594 93.13121032714844 16.933530807495117
			vertex -398.2757568359375 93.31243133544922 15.933531761169434
		endloop
	endfacet
	facet normal -0.8631217894094745 -0.5049848397551108 -0.0033299045170015963
		outer loop
			vertex -397.761962890625 92.8465576171875 15.933531761169434
			vertex -397.6081848144531 92.5771255493164 16.933530807495117
			vertex -397.7821044921875 92.8743896484375 16.933530807495117
		endloop
	endfacet
	facet normal -0.7482611824018154 -0.6633955788595219 0.0033924711166201235
		outer loop
			vertex -397.761962890625 92.8465576171875 15.933531761169434
			vertex -397.7821044921875 92.8743896484375 16.933530807495117
			vertex -397.9940185546875 93.1082992553711 15.933531761169434
		endloop
	endfacet
	facet normal -0.9498895567902385 -0.3125700032233143 -0.003134164293987612
		outer loop
			vertex -397.5948181152344 92.5465316772461 15.933531761169434
			vertex -397.5046081542969 92.26235961914062 16.933530807495117
			vertex -397.6081848144531 92.5771255493164 16.933530807495117
		endloop
	endfacet
	facet normal -0.8735789851624767 -0.4866717967435356 0.0032123102148109103
		outer loop
			vertex -397.5948181152344 92.5465316772461 15.933531761169434
			vertex -397.6081848144531 92.5771255493164 16.933530807495117
			vertex -397.761962890625 92.8465576171875 15.933531761169434
		endloop
	endfacet
	facet normal -0.9873028110918546 -0.15884313665052563 -0.0014202637586994457
		outer loop
			vertex -397.4981689453125 92.23127746582031 15.933531761169434
			vertex -397.4768981933594 92.09012603759766 16.933530807495117
			vertex -397.5046081542969 92.26235961914062 16.933530807495117
		endloop
	endfacet
	facet normal -0.9560745057336648 -0.2931088753571808 0.002954094273587994
		outer loop
			vertex -397.4981689453125 92.23127746582031 15.933531761169434
			vertex -397.5046081542969 92.26235961914062 16.933530807495117
			vertex -397.5948181152344 92.5465316772461 15.933531761169434
		endloop
	endfacet
	facet normal -0.998620588332267 -0.05250638588702359 0
		outer loop
			vertex -397.46807861328125 91.9223861694336 15.933531761169434
			vertex -397.46807861328125 91.9223861694336 16.933530807495117
			vertex -397.4768981933594 92.09012603759766 16.933530807495117
		endloop
	endfacet
	facet normal -0.9952608808238712 -0.09695232825275639 0.007484994860512272
		outer loop
			vertex -397.46807861328125 91.9223861694336 15.933531761169434
			vertex -397.4768981933594 92.09012603759766 16.933530807495117
			vertex -397.4981689453125 92.23127746582031 15.933531761169434
		endloop
	endfacet
	facet normal -0.9952611093643337 0.09694995592108606 -0.007485334580067228
		outer loop
			vertex -397.4768981933594 91.754638671875 15.933531761169434
			vertex -397.4981689453125 91.61348724365234 16.933530807495117
			vertex -397.46807861328125 91.9223861694336 16.933530807495117
		endloop
	endfacet
	facet normal -0.9986207135451446 0.052504004405247974 0
		outer loop
			vertex -397.4768981933594 91.754638671875 15.933531761169434
			vertex -397.46807861328125 91.9223861694336 16.933530807495117
			vertex -397.46807861328125 91.9223861694336 15.933531761169434
		endloop
	endfacet
	facet normal -0.9560745120471786 0.2931088772927485 -0.0029518580476974613
		outer loop
			vertex -397.5046081542969 91.58241271972656 15.933531761169434
			vertex -397.5948181152344 91.29823303222656 16.933530807495117
			vertex -397.4981689453125 91.61348724365234 16.933530807495117
		endloop
	endfacet
	facet normal -0.987301706159733 0.1588499954271352 0.0014212553884965248
		outer loop
			vertex -397.5046081542969 91.58241271972656 15.933531761169434
			vertex -397.4981689453125 91.61348724365234 16.933530807495117
			vertex -397.4768981933594 91.754638671875 15.933531761169434
		endloop
	endfacet
	facet normal -0.8735789851624767 0.4866717967435356 -0.0032123102148109103
		outer loop
			vertex -397.6081848144531 91.26763916015625 15.933531761169434
			vertex -397.761962890625 90.99820709228516 16.933530807495117
			vertex -397.5948181152344 91.29823303222656 16.933530807495117
		endloop
	endfacet
	facet normal -0.9498918054438487 0.31256316716044624 0.0031344034929250354
		outer loop
			vertex -397.6081848144531 91.26763916015625 15.933531761169434
			vertex -397.5948181152344 91.29823303222656 16.933530807495117
			vertex -397.5046081542969 91.58241271972656 15.933531761169434
		endloop
	endfacet
	facet normal -0.7482611824018154 0.6633955788595219 -0.0033924711166201235
		outer loop
			vertex -397.7821044921875 90.97037506103516 15.933531761169434
			vertex -397.9940185546875 90.73646545410156 16.933530807495117
			vertex -397.761962890625 90.99820709228516 16.933530807495117
		endloop
	endfacet
	facet normal -0.8631217894094745 0.5049848397551108 0.0033299045170015963
		outer loop
			vertex -397.7821044921875 90.97037506103516 15.933531761169434
			vertex -397.761962890625 90.99820709228516 16.933530807495117
			vertex -397.6081848144531 91.26763916015625 15.933531761169434
		endloop
	endfacet
	facet normal -0.5867227027738803 0.8097808330106836 -0.0033871135553159406
		outer loop
			vertex -398.0198669433594 90.71355438232422 15.933531761169434
			vertex -398.2757568359375 90.53233337402344 16.933530807495117
			vertex -397.9940185546875 90.73646545410156 16.933530807495117
		endloop
	endfacet
	facet normal -0.7338055279900214 0.6793510627497186 0.0034030327817679245
		outer loop
			vertex -398.0198669433594 90.71355438232422 15.933531761169434
			vertex -397.9940185546875 90.73646545410156 16.933530807495117
			vertex -397.7821044921875 90.97037506103516 15.933531761169434
		endloop
	endfacet
	facet normal -0.4006557385002655 0.9162229910505113 -0.0032264341403071663
		outer loop
			vertex -398.3053894042969 90.51585388183594 15.933531761169434
			vertex -398.58551025390625 90.39688110351562 16.933530807495117
			vertex -398.2757568359375 90.53233337402344 16.933530807495117
		endloop
	endfacet
	facet normal -0.569267384591218 0.8221457415560429 0.0033203135302004166
		outer loop
			vertex -398.3053894042969 90.51585388183594 15.933531761169434
			vertex -398.2757568359375 90.53233337402344 16.933530807495117
			vertex -398.0198669433594 90.71355438232422 15.933531761169434
		endloop
	endfacet
	facet normal -0.20423378381096627 0.9789177436607867 -0.0029347395676890494
		outer loop
			vertex -398.6166687011719 90.38738250732422 15.933531761169434
			vertex -398.90032958984375 90.3311996459961 16.933530807495117
			vertex -398.58551025390625 90.39688110351562 16.933530807495117
		endloop
	endfacet
	facet normal -0.38150332887058197 0.9243622434776261 0.003106910631878978
		outer loop
			vertex -398.6166687011719 90.38738250732422 15.933531761169434
			vertex -398.58551025390625 90.39688110351562 16.933530807495117
			vertex -398.3053894042969 90.51585388183594 15.933531761169434
		endloop
	endfacet
	facet normal -0.009555264322876147 0.9999509072547038 -0.0026229762131432374
		outer loop
			vertex -398.9308166503906 90.32828521728516 15.933531761169434
			vertex -399.205322265625 90.32828521728516 16.933530807495117
			vertex -398.90032958984375 90.3311996459961 16.933530807495117
		endloop
	endfacet
	facet normal -0.184875738969653 0.9827579948120879 0.0027721423753533387
		outer loop
			vertex -398.9308166503906 90.32828521728516 15.933531761169434
			vertex -398.90032958984375 90.3311996459961 16.933530807495117
			vertex -398.6166687011719 90.38738250732422 15.933531761169434
		endloop
	endfacet
	facet normal 0.18485839512652588 0.982761258883338 -0.0027716040991415
		outer loop
			vertex -399.2358093261719 90.3311996459961 15.933531761169434
			vertex -399.5195007324219 90.38738250732422 16.933530807495117
			vertex -399.205322265625 90.32828521728516 16.933530807495117
		endloop
	endfacet
	facet normal 0.009555264322876147 0.9999509072547038 0.0026229762131432374
		outer loop
			vertex -399.2358093261719 90.3311996459961 15.933531761169434
			vertex -399.205322265625 90.32828521728516 16.933530807495117
			vertex -398.9308166503906 90.32828521728516 15.933531761169434
		endloop
	endfacet
	facet normal 0.3815353022985475 0.9243490820459376 -0.003096388345942876
		outer loop
			vertex -399.5506286621094 90.39688110351562 15.933531761169434
			vertex -399.83074951171875 90.51585388183594 16.933530807495117
			vertex -399.5195007324219 90.38738250732422 16.933530807495117
		endloop
	endfacet
	facet normal 0.20423378007127171 0.9789177257359689 0.002940972240234548
		outer loop
			vertex -399.5506286621094 90.39688110351562 15.933531761169434
			vertex -399.5195007324219 90.38738250732422 16.933530807495117
			vertex -399.2358093261719 90.3311996459961 15.933531761169434
		endloop
	endfacet
	facet normal 0.569267384591218 0.8221457415560429 -0.0033203135302004166
		outer loop
			vertex -399.8603820800781 90.53233337402344 15.933531761169434
			vertex -400.11627197265625 90.71355438232422 16.933530807495117
			vertex -399.83074951171875 90.51585388183594 16.933530807495117
		endloop
	endfacet
	facet normal 0.4006557385002655 0.9162229910505113 0.0032264341403071663
		outer loop
			vertex -399.8603820800781 90.53233337402344 15.933531761169434
			vertex -399.83074951171875 90.51585388183594 16.933530807495117
			vertex -399.5506286621094 90.39688110351562 15.933531761169434
		endloop
	endfacet
	facet normal 0.7338055279900214 0.6793510627497186 -0.0034030327817679245
		outer loop
			vertex -400.1421203613281 90.73646545410156 15.933531761169434
			vertex -400.3540344238281 90.97037506103516 16.933530807495117
			vertex -400.11627197265625 90.71355438232422 16.933530807495117
		endloop
	endfacet
	facet normal 0.5867227027738803 0.8097808330106836 0.0033871135553159406
		outer loop
			vertex -400.1421203613281 90.73646545410156 15.933531761169434
			vertex -400.11627197265625 90.71355438232422 16.933530807495117
			vertex -399.8603820800781 90.53233337402344 15.933531761169434
		endloop
	endfacet
	facet normal 0.8630831741120668 0.5050508525974674 -0.0033272894690817172
		outer loop
			vertex -400.3741760253906 90.99820709228516 15.933531761169434
			vertex -400.5279846191406 91.26763916015625 16.933530807495117
			vertex -400.3540344238281 90.97037506103516 16.933530807495117
		endloop
	endfacet
	facet normal 0.7482611824018154 0.6633955788595219 0.0033924711166201235
		outer loop
			vertex -400.3741760253906 90.99820709228516 15.933531761169434
			vertex -400.3540344238281 90.97037506103516 16.933530807495117
			vertex -400.1421203613281 90.73646545410156 15.933531761169434
		endloop
	endfacet
	facet normal 0.9499192226772518 0.31248009331949345 -0.0031083222623363507
		outer loop
			vertex -400.54132080078125 91.29823303222656 15.933531761169434
			vertex -400.63153076171875 91.58241271972656 16.933530807495117
			vertex -400.5279846191406 91.26763916015625 16.933530807495117
		endloop
	endfacet
	facet normal 0.8735789100398659 0.48667175489264797 0.0032389694766312973
		outer loop
			vertex -400.54132080078125 91.29823303222656 15.933531761169434
			vertex -400.5279846191406 91.26763916015625 16.933530807495117
			vertex -400.3741760253906 90.99820709228516 15.933531761169434
		endloop
	endfacet
	facet normal 0.987301706159733 0.1588499954271352 -0.0014212553884965248
		outer loop
			vertex -400.6379699707031 91.61348724365234 15.933531761169434
			vertex -400.65924072265625 91.754638671875 16.933530807495117
			vertex -400.63153076171875 91.58241271972656 16.933530807495117
		endloop
	endfacet
	facet normal 0.9560745120471786 0.2931088772927485 0.0029518580476974613
		outer loop
			vertex -400.6379699707031 91.61348724365234 15.933531761169434
			vertex -400.63153076171875 91.58241271972656 16.933530807495117
			vertex -400.54132080078125 91.29823303222656 15.933531761169434
		endloop
	endfacet
	facet normal 0.9986207135451446 0.052504004405247974 0
		outer loop
			vertex -400.6680603027344 91.9223861694336 15.933531761169434
			vertex -400.6680603027344 91.9223861694336 16.933530807495117
			vertex -400.65924072265625 91.754638671875 16.933530807495117
		endloop
	endfacet
	facet normal 0.9952611093643337 0.09694995592108606 0.007485334580067228
		outer loop
			vertex -400.6680603027344 91.9223861694336 15.933531761169434
			vertex -400.65924072265625 91.754638671875 16.933530807495117
			vertex -400.6379699707031 91.61348724365234 15.933531761169434
		endloop
	endfacet
	facet normal 0 1 0
		outer loop
			vertex -417.6400451660156 99.7080307006836 15.933531761169434
			vertex -417.6400451660156 99.7080307006836 14.733531951904297
			vertex -424.6451416015625 99.7080307006836 14.733531951904297
		endloop
	endfacet
	facet normal 0 1 0
		outer loop
			vertex -417.6400451660156 99.7080307006836 15.933531761169434
			vertex -424.6451416015625 99.7080307006836 14.733531951904297
			vertex -424.6451416015625 99.7080307006836 15.933531761169434
		endloop
	endfacet
	facet normal 1 0 0
		outer loop
			vertex -417.6400451660156 92.70293426513672 15.933531761169434
			vertex -417.6400451660156 92.70293426513672 14.733531951904297
			vertex -417.6400451660156 99.7080307006836 14.733531951904297
		endloop
	endfacet
	facet normal 1 0 0
		outer loop
			vertex -417.6400451660156 92.70293426513672 15.933531761169434
			vertex -417.6400451660156 99.7080307006836 14.733531951904297
			vertex -417.6400451660156 99.7080307006836 15.933531761169434
		endloop
	endfacet
	facet normal 0 -1 0
		outer loop
			vertex -417.6400451660156 92.70293426513672 14.733531951904297
			vertex -417.6400451660156 92.70293426513672 15.933531761169434
			vertex -424.6451416015625 92.70293426513672 15.933531761169434
		endloop
	endfacet
	facet normal 0 -1 0
		outer loop
			vertex -417.6400451660156 92.70293426513672 14.733531951904297
			vertex -424.6451416015625 92.70293426513672 15.933531761169434
			vertex -424.6451416015625 92.70293426513672 14.733531951904297
		endloop
	endfacet
	facet normal -1 0 0
		outer loop
			vertex -424.6451416015625 92.70293426513672 14.733531951904297
			vertex -424.6451416015625 92.70293426513672 15.933531761169434
			vertex -424.6451416015625 99.7080307006836 15.933531761169434
		endloop
	endfacet
	facet normal -1 0 0
		outer loop
			vertex -424.6451416015625 92.70293426513672 14.733531951904297
			vertex -424.6451416015625 99.7080307006836 15.933531761169434
			vertex -424.6451416015625 99.7080307006836 14.733531951904297
		endloop
	endfacet
	facet normal 0 0 1
		outer loop
			vertex -417.6400451660156 99.7080307006836 15.933531761169434
			vertex -424.6451416015625 99.7080307006836 15.933531761169434
			vertex -424.6451416015625 92.70293426513672 15.933531761169434
		endloop
	endfacet
	facet normal 0 0 1
		outer loop
			vertex -417.6400451660156 99.7080307006836 15.933531761169434
			vertex -424.6451416015625 92.70293426513672 15.933531761169434
			vertex -417.6400451660156 92.70293426513672 15.933531761169434
		endloop
	endfacet
	facet normal 0 0 -1
		outer loop
			vertex -424.6451416015625 99.7080307006836 14.733531951904297
			vertex -417.6400451660156 99.7080307006836 14.733531951904297
			vertex -417.6400451660156 92.70293426513672 14.733531951904297
		endloop
	endfacet
	facet normal 0 0 -1
		outer loop
			vertex -424.6451416015625 99.7080307006836 14.733531951904297
			vertex -417.6400451660156 92.70293426513672 14.733531951904297
			vertex -424.6451416015625 92.70293426513672 14.733531951904297
		endloop
	endfacet
	facet normal 0 1 0
		outer loop
			vertex -412.3297424316406 116.78296661376953 15.933531761169434
			vertex -412.3297424316406 116.78296661376953 14.733531951904297
			vertex -423.82598876953125 116.78296661376953 14.733531951904297
		endloop
	endfacet
	facet normal 0 1 0
		outer loop
			vertex -412.3297424316406 116.78296661376953 15.933531761169434
			vertex -423.82598876953125 116.78296661376953 14.733531951904297
			vertex -423.82598876953125 116.78296661376953 15.933531761169434
		endloop
	endfacet
	facet normal 1 0 0
		outer loop
			vertex -412.3297424316406 103.7755126953125 15.933531761169434
			vertex -412.3297424316406 103.7755126953125 14.733531951904297
			vertex -412.3297424316406 116.78296661376953 14.733531951904297
		endloop
	endfacet
	facet normal 1 0 0
		outer loop
			vertex -412.3297424316406 103.7755126953125 15.933531761169434
			vertex -412.3297424316406 116.78296661376953 14.733531951904297
			vertex -412.3297424316406 116.78296661376953 15.933531761169434
		endloop
	endfacet
	facet normal 0 -1 0
		outer loop
			vertex -412.3297424316406 103.7755126953125 14.733531951904297
			vertex -412.3297424316406 103.7755126953125 15.933531761169434
			vertex -423.82598876953125 103.7755126953125 15.933531761169434
		endloop
	endfacet
	facet normal 0 -1 0
		outer loop
			vertex -412.3297424316406 103.7755126953125 14.733531951904297
			vertex -423.82598876953125 103.7755126953125 15.933531761169434
			vertex -423.82598876953125 103.7755126953125 14.733531951904297
		endloop
	endfacet
	facet normal -1 0 0
		outer loop
			vertex -423.82598876953125 103.7755126953125 14.733531951904297
			vertex -423.82598876953125 103.7755126953125 15.933531761169434
			vertex -423.82598876953125 116.78296661376953 15.933531761169434
		endloop
	endfacet
	facet normal -1 0 0
		outer loop
			vertex -423.82598876953125 103.7755126953125 14.733531951904297
			vertex -423.82598876953125 116.78296661376953 15.933531761169434
			vertex -423.82598876953125 116.78296661376953 14.733531951904297
		endloop
	endfacet
	facet normal 0 0 1
		outer loop
			vertex -412.3297424316406 116.78296661376953 15.933531761169434
			vertex -423.82598876953125 116.78296661376953 15.933531761169434
			vertex -423.82598876953125 103.7755126953125 15.933531761169434
		endloop
	endfacet
	facet normal 0 0 1
		outer loop
			vertex -412.3297424316406 116.78296661376953 15.933531761169434
			vertex -423.82598876953125 103.7755126953125 15.933531761169434
			vertex -412.3297424316406 103.7755126953125 15.933531761169434
		endloop
	endfacet
	facet normal 0 0 -1
		outer loop
			vertex -423.82598876953125 116.78296661376953 14.733531951904297
			vertex -412.3297424316406 116.78296661376953 14.733531951904297
			vertex -412.3297424316406 103.7755126953125 14.733531951904297
		endloop
	endfacet
	facet normal 0 0 -1
		outer loop
			vertex -423.82598876953125 116.78296661376953 14.733531951904297
			vertex -412.3297424316406 103.7755126953125 14.733531951904297
			vertex -423.82598876953125 103.7755126953125 14.733531951904297
		endloop
	endfacet
	facet normal -1 0 0
		outer loop
			vertex -408.06451416015625 91.72843170166016 10.933531761169434
			vertex -408.06451416015625 91.72843170166016 15.933531761169434
			vertex -408.06451416015625 130.22824096679688 15.933531761169434
		endloop
	endfacet
	facet normal -1 0 0
		outer loop
			vertex -408.06451416015625 91.72843170166016 10.933531761169434
			vertex -408.06451416015625 130.22824096679688 15.933531761169434
			vertex -408.06451416015625 130.22824096679688 10.933531761169434
		endloop
	endfacet
	facet normal 0 1 0
		outer loop
			vertex -405.0562744140625 130.22824096679688 15.933531761169434
			vertex -405.0562744140625 130.22824096679688 10.933531761169434
			vertex -408.06451416015625 130.22824096679688 10.933531761169434
		endloop
	endfacet
	facet normal 0 1 0
		outer loop
			vertex -405.0562744140625 130.22824096679688 15.933531761169434
			vertex -408.06451416015625 130.22824096679688 10.933531761169434
			vertex -408.06451416015625 130.22824096679688 15.933531761169434
		endloop
	endfacet
	facet normal 1 0 0
		outer loop
			vertex -405.0562744140625 91.72843170166016 15.933531761169434
			vertex -405.0562744140625 91.72843170166016 10.933531761169434
			vertex -405.0562744140625 130.22824096679688 10.933531761169434
		endloop
	endfacet
	facet normal 1 0 0
		outer loop
			vertex -405.0562744140625 91.72843170166016 15.933531761169434
			vertex -405.0562744140625 130.22824096679688 10.933531761169434
			vertex -405.0562744140625 130.22824096679688 15.933531761169434
		endloop
	endfacet
	facet normal 0 -1 0
		outer loop
			vertex -405.0562744140625 91.72843170166016 10.933531761169434
			vertex -405.0562744140625 91.72843170166016 15.933531761169434
			vertex -408.06451416015625 91.72843170166016 15.933531761169434
		endloop
	endfacet
	facet normal 0 -1 0
		outer loop
			vertex -405.0562744140625 91.72843170166016 10.933531761169434
			vertex -408.06451416015625 91.72843170166016 15.933531761169434
			vertex -408.06451416015625 91.72843170166016 10.933531761169434
		endloop
	endfacet
	facet normal 0 0 1
		outer loop
			vertex -405.0562744140625 130.22824096679688 15.933531761169434
			vertex -408.06451416015625 91.72843170166016 15.933531761169434
			vertex -405.0562744140625 91.72843170166016 15.933531761169434
		endloop
	endfacet
	facet normal 0 0 1
		outer loop
			vertex -405.0562744140625 130.22824096679688 15.933531761169434
			vertex -408.06451416015625 130.22824096679688 15.933531761169434
			vertex -408.06451416015625 91.72843170166016 15.933531761169434
		endloop
	endfacet
	facet normal 0 0 -1
		outer loop
			vertex -408.06451416015625 130.22824096679688 10.933531761169434
			vertex -405.0562744140625 130.22824096679688 10.933531761169434
			vertex -405.0562744140625 91.72843170166016 10.933531761169434
		endloop
	endfacet
	facet normal 0 0 -1
		outer loop
			vertex -408.06451416015625 130.22824096679688 10.933531761169434
			vertex -405.0562744140625 91.72843170166016 10.933531761169434
			vertex -408.06451416015625 91.72843170166016 10.933531761169434
		endloop
	endfacet
	facet normal -1 0 0
		outer loop
			vertex -454.9252624511719 91.72843170166016 10.933531761169434
			vertex -454.9252624511719 91.72843170166016 15.933531761169434
			vertex -454.9252624511719 130.22824096679688 15.933531761169434
		endloop
	endfacet
	facet normal -1 0 0
		outer loop
			vertex -454.9252624511719 91.72843170166016 10.933531761169434
			vertex -454.9252624511719 130.22824096679688 15.933531761169434
			vertex -454.9252624511719 130.22824096679688 10.933531761169434
		endloop
	endfacet
	facet normal 0 1 0
		outer loop
			vertex -451.9170227050781 130.22824096679688 15.933531761169434
			vertex -451.9170227050781 130.22824096679688 10.933531761169434
			vertex -454.9252624511719 130.22824096679688 10.933531761169434
		endloop
	endfacet
	facet normal 0 1 0
		outer loop
			vertex -451.9170227050781 130.22824096679688 15.933531761169434
			vertex -454.9252624511719 130.22824096679688 10.933531761169434
			vertex -454.9252624511719 130.22824096679688 15.933531761169434
		endloop
	endfacet
	facet normal 1 0 0
		outer loop
			vertex -451.9170227050781 91.72843170166016 15.933531761169434
			vertex -451.9170227050781 91.72843170166016 10.933531761169434
			vertex -451.9170227050781 130.22824096679688 10.933531761169434
		endloop
	endfacet
	facet normal 1 0 0
		outer loop
			vertex -451.9170227050781 91.72843170166016 15.933531761169434
			vertex -451.9170227050781 130.22824096679688 10.933531761169434
			vertex -451.9170227050781 130.22824096679688 15.933531761169434
		endloop
	endfacet
	facet normal 0 -1 0
		outer loop
			vertex -451.9170227050781 91.72843170166016 10.933531761169434
			vertex -451.9170227050781 91.72843170166016 15.933531761169434
			vertex -454.9252624511719 91.72843170166016 15.933531761169434
		endloop
	endfacet
	facet normal 0 -1 0
		outer loop
			vertex -451.9170227050781 91.72843170166016 10.933531761169434
			vertex -454.9252624511719 91.72843170166016 15.933531761169434
			vertex -454.9252624511719 91.72843170166016 10.933531761169434
		endloop
	endfacet
	facet normal 0 0 1
		outer loop
			vertex -451.9170227050781 130.22824096679688 15.933531761169434
			vertex -454.9252624511719 91.72843170166016 15.933531761169434
			vertex -451.9170227050781 91.72843170166016 15.933531761169434
		endloop
	endfacet
	facet normal 0 0 1
		outer loop
			vertex -451.9170227050781 130.22824096679688 15.933531761169434
			vertex -454.9252624511719 130.22824096679688 15.933531761169434
			vertex -454.9252624511719 91.72843170166016 15.933531761169434
		endloop
	endfacet
	facet normal 0 0 -1
		outer loop
			vertex -454.9252624511719 130.22824096679688 10.933531761169434
			vertex -451.9170227050781 130.22824096679688 10.933531761169434
			vertex -451.9170227050781 91.72843170166016 10.933531761169434
		endloop
	endfacet
	facet normal 0 0 -1
		outer loop
			vertex -454.9252624511719 130.22824096679688 10.933531761169434
			vertex -451.9170227050781 91.72843170166016 10.933531761169434
			vertex -454.9252624511719 91.72843170166016 10.933531761169434
		endloop
	endfacet
	facet normal 1 0 0
		outer loop
			vertex -397.0484313964844 95.65467834472656 19.933530807495117
			vertex -397.0484313964844 95.65467834472656 16.933530807495117
			vertex -397.0484313964844 101.65703582763672 16.933530807495117
		endloop
	endfacet
	facet normal 1 0 0
		outer loop
			vertex -397.0484313964844 95.65467834472656 19.933530807495117
			vertex -397.0484313964844 101.65703582763672 16.933530807495117
			vertex -397.0484313964844 101.65703582763672 19.933530807495117
		endloop
	endfacet
	facet normal 0 1 0
		outer loop
			vertex -397.0484313964844 101.65703582763672 19.933530807495117
			vertex -397.0484313964844 101.65703582763672 16.933530807495117
			vertex -401.2995300292969 101.65703582763672 16.933530807495117
		endloop
	endfacet
	facet normal 0 1 0
		outer loop
			vertex -397.0484313964844 101.65703582763672 19.933530807495117
			vertex -401.2995300292969 101.65703582763672 16.933530807495117
			vertex -401.2995300292969 101.65703582763672 19.933530807495117
		endloop
	endfacet
	facet normal -1 0 0
		outer loop
			vertex -401.2995300292969 95.65467834472656 16.933530807495117
			vertex -401.2995300292969 95.65467834472656 19.933530807495117
			vertex -401.2995300292969 101.65703582763672 19.933530807495117
		endloop
	endfacet
	facet normal -1 0 0
		outer loop
			vertex -401.2995300292969 95.65467834472656 16.933530807495117
			vertex -401.2995300292969 101.65703582763672 19.933530807495117
			vertex -401.2995300292969 101.65703582763672 16.933530807495117
		endloop
	endfacet
	facet normal 0 -1 0
		outer loop
			vertex -397.0484313964844 95.65467834472656 16.933530807495117
			vertex -397.0484313964844 95.65467834472656 19.933530807495117
			vertex -401.2995300292969 95.65467834472656 19.933530807495117
		endloop
	endfacet
	facet normal 0 -1 0
		outer loop
			vertex -397.0484313964844 95.65467834472656 16.933530807495117
			vertex -401.2995300292969 95.65467834472656 19.933530807495117
			vertex -401.2995300292969 95.65467834472656 16.933530807495117
		endloop
	endfacet
	facet normal 0 0 -1
		outer loop
			vertex -401.2995300292969 101.65703582763672 16.933530807495117
			vertex -397.0484313964844 95.65467834472656 16.933530807495117
			vertex -401.2995300292969 95.65467834472656 16.933530807495117
		endloop
	endfacet
	facet normal 0 0 -1
		outer loop
			vertex -401.2995300292969 101.65703582763672 16.933530807495117
			vertex -397.0484313964844 101.65703582763672 16.933530807495117
			vertex -397.0484313964844 95.65467834472656 16.933530807495117
		endloop
	endfacet
	facet normal 0 0 1
		outer loop
			vertex -397.0484313964844 101.65703582763672 19.933530807495117
			vertex -401.2995300292969 101.65703582763672 19.933530807495117
			vertex -401.2995300292969 95.65467834472656 19.933530807495117
		endloop
	endfacet
	facet normal 0 0 1
		outer loop
			vertex -397.0484313964844 101.65703582763672 19.933530807495117
			vertex -401.2995300292969 95.65467834472656 19.933530807495117
			vertex -397.0484313964844 95.65467834472656 19.933530807495117
		endloop
	endfacet
	facet normal -1 0 0
		outer loop
			vertex -463.61102294921875 115.10230255126953 17.683530807495117
			vertex -463.61102294921875 115.90122985839844 16.933530807495117
			vertex -463.61102294921875 115.10230255126953 16.933530807495117
		endloop
	endfacet
	facet normal -1 0 0
		outer loop
			vertex -463.61102294921875 115.10230255126953 17.683530807495117
			vertex -463.61102294921875 115.90122985839844 17.683530807495117
			vertex -463.61102294921875 115.90122985839844 16.933530807495117
		endloop
	endfacet
	facet normal 0 -1 0
		outer loop
			vertex -462.0131530761719 115.10230255126953 16.933530807495117
			vertex -462.0131530761719 115.10230255126953 17.683530807495117
			vertex -463.61102294921875 115.10230255126953 17.683530807495117
		endloop
	endfacet
	facet normal 0 -1 0
		outer loop
			vertex -462.0131530761719 115.10230255126953 16.933530807495117
			vertex -463.61102294921875 115.10230255126953 17.683530807495117
			vertex -463.61102294921875 115.10230255126953 16.933530807495117
		endloop
	endfacet
	facet normal 1 0 0
		outer loop
			vertex -462.0131530761719 115.90122985839844 17.683530807495117
			vertex -462.0131530761719 115.10230255126953 16.933530807495117
			vertex -462.0131530761719 115.90122985839844 16.933530807495117
		endloop
	endfacet
	facet normal 1 0 0
		outer loop
			vertex -462.0131530761719 115.90122985839844 17.683530807495117
			vertex -462.0131530761719 115.10230255126953 17.683530807495117
			vertex -462.0131530761719 115.10230255126953 16.933530807495117
		endloop
	endfacet
	facet normal 0 1 0
		outer loop
			vertex -462.0131530761719 115.90122985839844 16.933530807495117
			vertex -463.61102294921875 115.90122985839844 16.933530807495117
			vertex -463.61102294921875 115.90122985839844 17.683530807495117
		endloop
	endfacet
	facet normal 0 1 0
		outer loop
			vertex -462.0131530761719 115.90122985839844 16.933530807495117
			vertex -463.61102294921875 115.90122985839844 17.683530807495117
			vertex -462.0131530761719 115.90122985839844 17.683530807495117
		endloop
	endfacet
	facet normal 0 0 -1
		outer loop
			vertex -463.61102294921875 115.90122985839844 16.933530807495117
			vertex -462.0131530761719 115.90122985839844 16.933530807495117
			vertex -462.0131530761719 115.10230255126953 16.933530807495117
		endloop
	endfacet
	facet normal 0 0 -1
		outer loop
			vertex -463.61102294921875 115.90122985839844 16.933530807495117
			vertex -462.0131530761719 115.10230255126953 16.933530807495117
			vertex -463.61102294921875 115.10230255126953 16.933530807495117
		endloop
	endfacet
	facet normal 0 0 1
		outer loop
			vertex -462.0131530761719 115.10230255126953 17.683530807495117
			vertex -463.61102294921875 115.90122985839844 17.683530807495117
			vertex -463.61102294921875 115.10230255126953 17.683530807495117
		endloop
	endfacet
	facet normal 0 0 1
		outer loop
			vertex -462.0131530761719 115.90122985839844 17.683530807495117
			vertex -463.61102294921875 115.90122985839844 17.683530807495117
			vertex -462.0131530761719 115.10230255126953 17.683530807495117
		endloop
	endfacet
	facet normal 0 -1 0
		outer loop
			vertex -456.1680908203125 130.5106964111328 16.933530807495117
			vertex -456.1680908203125 130.5106964111328 18.033531188964844
			vertex -462.3681640625 130.5106964111328 18.033531188964844
		endloop
	endfacet
	facet normal 0 -1 0
		outer loop
			vertex -456.1680908203125 130.5106964111328 16.933530807495117
			vertex -462.3681640625 130.5106964111328 18.033531188964844
			vertex -462.3681640625 130.5106964111328 16.933530807495117
		endloop
	endfacet
	facet normal 1 0 0
		outer loop
			vertex -456.1680908203125 130.5106964111328 18.033531188964844
			vertex -456.1680908203125 130.5106964111328 16.933530807495117
			vertex -456.1680908203125 136.90850830078125 16.933530807495117
		endloop
	endfacet
	facet normal 1 0 0
		outer loop
			vertex -456.1680908203125 130.5106964111328 18.033531188964844
			vertex -456.1680908203125 136.90850830078125 16.933530807495117
			vertex -456.1680908203125 136.90850830078125 18.033531188964844
		endloop
	endfacet
	facet normal 0 1 0
		outer loop
			vertex -456.1680908203125 136.90850830078125 18.033531188964844
			vertex -456.1680908203125 136.90850830078125 16.933530807495117
			vertex -462.3681640625 136.90850830078125 16.933530807495117
		endloop
	endfacet
	facet normal 0 1 0
		outer loop
			vertex -456.1680908203125 136.90850830078125 18.033531188964844
			vertex -462.3681640625 136.90850830078125 16.933530807495117
			vertex -462.3681640625 136.90850830078125 18.033531188964844
		endloop
	endfacet
	facet normal -1 0 0
		outer loop
			vertex -462.3681640625 130.5106964111328 16.933530807495117
			vertex -462.3681640625 130.5106964111328 18.033531188964844
			vertex -462.3681640625 136.90850830078125 18.033531188964844
		endloop
	endfacet
	facet normal -1 0 0
		outer loop
			vertex -462.3681640625 130.5106964111328 16.933530807495117
			vertex -462.3681640625 136.90850830078125 18.033531188964844
			vertex -462.3681640625 136.90850830078125 16.933530807495117
		endloop
	endfacet
	facet normal 0 0 -1
		outer loop
			vertex -462.3681640625 136.90850830078125 16.933530807495117
			vertex -456.1680908203125 136.90850830078125 16.933530807495117
			vertex -456.1680908203125 130.5106964111328 16.933530807495117
		endloop
	endfacet
	facet normal 0 0 -1
		outer loop
			vertex -462.3681640625 136.90850830078125 16.933530807495117
			vertex -456.1680908203125 130.5106964111328 16.933530807495117
			vertex -462.3681640625 130.5106964111328 16.933530807495117
		endloop
	endfacet
	facet normal 0 0 1
		outer loop
			vertex -460.4737243652344 132.81710815429688 18.033531188964844
			vertex -462.3681640625 130.5106964111328 18.033531188964844
			vertex -460.24267578125 132.56930541992188 18.033531188964844
		endloop
	endfacet
	facet normal 0 0 1
		outer loop
			vertex -459.96453857421875 132.3810577392578 18.033531188964844
			vertex -460.24267578125 132.56930541992188 18.033531188964844
			vertex -462.3681640625 130.5106964111328 18.033531188964844
		endloop
	endfacet
	facet normal 0 0 1
		outer loop
			vertex -460.64105224609375 133.10533142089844 18.033531188964844
			vertex -462.3681640625 130.5106964111328 18.033531188964844
			vertex -460.4737243652344 132.81710815429688 18.033531188964844
		endloop
	endfacet
	facet normal 0 0 1
		outer loop
			vertex -459.66217041015625 132.2622833251953 18.033531188964844
			vertex -459.96453857421875 132.3810577392578 18.033531188964844
			vertex -462.3681640625 130.5106964111328 18.033531188964844
		endloop
	endfacet
	facet normal 0 0 1
		outer loop
			vertex -460.73797607421875 133.41030883789062 18.033531188964844
			vertex -462.3681640625 130.5106964111328 18.033531188964844
			vertex -460.64105224609375 133.10533142089844 18.033531188964844
		endloop
	endfacet
	facet normal 0 0 1
		outer loop
			vertex -459.3590087890625 132.2123565673828 18.033531188964844
			vertex -459.66217041015625 132.2622833251953 18.033531188964844
			vertex -462.3681640625 130.5106964111328 18.033531188964844
		endloop
	endfacet
	facet normal 0 0 1
		outer loop
			vertex -460.76812744140625 133.7095947265625 18.033531188964844
			vertex -462.3681640625 130.5106964111328 18.033531188964844
			vertex -460.73797607421875 133.41030883789062 18.033531188964844
		endloop
	endfacet
	facet normal 0 0 1
		outer loop
			vertex -456.1680908203125 130.5106964111328 18.033531188964844
			vertex -459.0630187988281 132.22369384765625 18.033531188964844
			vertex -459.3590087890625 132.2123565673828 18.033531188964844
		endloop
	endfacet
	facet normal 0 0 1
		outer loop
			vertex -456.1680908203125 130.5106964111328 18.033531188964844
			vertex -458.7575988769531 132.29916381835938 18.033531188964844
			vertex -459.0630187988281 132.22369384765625 18.033531188964844
		endloop
	endfacet
	facet normal 0 0 1
		outer loop
			vertex -456.1680908203125 130.5106964111328 18.033531188964844
			vertex -458.46160888671875 132.44488525390625 18.033531188964844
			vertex -458.7575988769531 132.29916381835938 18.033531188964844
		endloop
	endfacet
	facet normal 0 0 1
		outer loop
			vertex -456.1680908203125 130.5106964111328 18.033531188964844
			vertex -459.3590087890625 132.2123565673828 18.033531188964844
			vertex -462.3681640625 130.5106964111328 18.033531188964844
		endloop
	endfacet
	facet normal 0 0 1
		outer loop
			vertex -458.19891357421875 132.65756225585938 18.033531188964844
			vertex -458.46160888671875 132.44488525390625 18.033531188964844
			vertex -456.1680908203125 130.5106964111328 18.033531188964844
		endloop
	endfacet
	facet normal 0 0 1
		outer loop
			vertex -462.3681640625 136.90850830078125 18.033531188964844
			vertex -460.54559326171875 134.4958038330078 18.033531188964844
			vertex -460.33734130859375 134.7616424560547 18.033531188964844
		endloop
	endfacet
	facet normal 0 0 1
		outer loop
			vertex -462.3681640625 136.90850830078125 18.033531188964844
			vertex -460.686279296875 134.19834899902344 18.033531188964844
			vertex -460.54559326171875 134.4958038330078 18.033531188964844
		endloop
	endfacet
	facet normal 0 0 1
		outer loop
			vertex -462.3681640625 136.90850830078125 18.033531188964844
			vertex -460.74859619140625 133.95083618164062 18.033531188964844
			vertex -460.686279296875 134.19834899902344 18.033531188964844
		endloop
	endfacet
	facet normal 0 0 1
		outer loop
			vertex -462.3681640625 136.90850830078125 18.033531188964844
			vertex -460.76812744140625 133.7095947265625 18.033531188964844
			vertex -460.74859619140625 133.95083618164062 18.033531188964844
		endloop
	endfacet
	facet normal 0 0 1
		outer loop
			vertex -462.3681640625 136.90850830078125 18.033531188964844
			vertex -462.3681640625 130.5106964111328 18.033531188964844
			vertex -460.76812744140625 133.7095947265625 18.033531188964844
		endloop
	endfacet
	facet normal 0 0 1
		outer loop
			vertex -460.0746765136719 134.9743194580078 18.033531188964844
			vertex -462.3681640625 136.90850830078125 18.033531188964844
			vertex -460.33734130859375 134.7616424560547 18.033531188964844
		endloop
	endfacet
	facet normal 0 0 1
		outer loop
			vertex -457.9906921386719 132.92340087890625 18.033531188964844
			vertex -458.19891357421875 132.65756225585938 18.033531188964844
			vertex -456.1680908203125 130.5106964111328 18.033531188964844
		endloop
	endfacet
	facet normal 0 0 1
		outer loop
			vertex -459.7786865234375 135.1200408935547 18.033531188964844
			vertex -462.3681640625 136.90850830078125 18.033531188964844
			vertex -460.0746765136719 134.9743194580078 18.033531188964844
		endloop
	endfacet
	facet normal 0 0 1
		outer loop
			vertex -457.8500061035156 133.22085571289062 18.033531188964844
			vertex -457.9906921386719 132.92340087890625 18.033531188964844
			vertex -456.1680908203125 130.5106964111328 18.033531188964844
		endloop
	endfacet
	facet normal 0 0 1
		outer loop
			vertex -457.78765869140625 133.46836853027344 18.033531188964844
			vertex -457.8500061035156 133.22085571289062 18.033531188964844
			vertex -456.1680908203125 130.5106964111328 18.033531188964844
		endloop
	endfacet
	facet normal 0 0 1
		outer loop
			vertex -459.4732666015625 135.1955108642578 18.033531188964844
			vertex -462.3681640625 136.90850830078125 18.033531188964844
			vertex -459.7786865234375 135.1200408935547 18.033531188964844
		endloop
	endfacet
	facet normal 0 0 1
		outer loop
			vertex -457.76812744140625 133.7095947265625 18.033531188964844
			vertex -457.78765869140625 133.46836853027344 18.033531188964844
			vertex -456.1680908203125 130.5106964111328 18.033531188964844
		endloop
	endfacet
	facet normal 0 0 1
		outer loop
			vertex -459.1772766113281 135.20684814453125 18.033531188964844
			vertex -462.3681640625 136.90850830078125 18.033531188964844
			vertex -459.4732666015625 135.1955108642578 18.033531188964844
		endloop
	endfacet
	facet normal 0 0 1
		outer loop
			vertex -456.1680908203125 136.90850830078125 18.033531188964844
			vertex -457.7983093261719 134.00889587402344 18.033531188964844
			vertex -457.76812744140625 133.7095947265625 18.033531188964844
		endloop
	endfacet
	facet normal 0 0 1
		outer loop
			vertex -456.1680908203125 136.90850830078125 18.033531188964844
			vertex -457.8952331542969 134.31387329101562 18.033531188964844
			vertex -457.7983093261719 134.00889587402344 18.033531188964844
		endloop
	endfacet
	facet normal 0 0 1
		outer loop
			vertex -456.1680908203125 136.90850830078125 18.033531188964844
			vertex -458.0625305175781 134.6020965576172 18.033531188964844
			vertex -457.8952331542969 134.31387329101562 18.033531188964844
		endloop
	endfacet
	facet normal 0 0 1
		outer loop
			vertex -456.1680908203125 136.90850830078125 18.033531188964844
			vertex -458.2935791015625 134.8498992919922 18.033531188964844
			vertex -458.0625305175781 134.6020965576172 18.033531188964844
		endloop
	endfacet
	facet normal 0 0 1
		outer loop
			vertex -456.1680908203125 136.90850830078125 18.033531188964844
			vertex -458.5717468261719 135.03814697265625 18.033531188964844
			vertex -458.2935791015625 134.8498992919922 18.033531188964844
		endloop
	endfacet
	facet normal 0 0 1
		outer loop
			vertex -456.1680908203125 136.90850830078125 18.033531188964844
			vertex -458.87408447265625 135.15692138671875 18.033531188964844
			vertex -458.5717468261719 135.03814697265625 18.033531188964844
		endloop
	endfacet
	facet normal 0 0 1
		outer loop
			vertex -456.1680908203125 136.90850830078125 18.033531188964844
			vertex -459.1772766113281 135.20684814453125 18.033531188964844
			vertex -458.87408447265625 135.15692138671875 18.033531188964844
		endloop
	endfacet
	facet normal 0 0 1
		outer loop
			vertex -456.1680908203125 136.90850830078125 18.033531188964844
			vertex -457.76812744140625 133.7095947265625 18.033531188964844
			vertex -456.1680908203125 130.5106964111328 18.033531188964844
		endloop
	endfacet
	facet normal 0 0 1
		outer loop
			vertex -456.1680908203125 136.90850830078125 18.033531188964844
			vertex -462.3681640625 136.90850830078125 18.033531188964844
			vertex -459.1772766113281 135.20684814453125 18.033531188964844
		endloop
	endfacet
	facet normal 0.9949539789903682 0.1003323461862324 0
		outer loop
			vertex -457.7983093261719 134.00889587402344 19.033531188964844
			vertex -457.76812744140625 133.7095947265625 19.033531188964844
			vertex -457.76812744140625 133.7095947265625 18.033531188964844
		endloop
	endfacet
	facet normal 0.9949539789903682 0.1003323461862324 0
		outer loop
			vertex -457.7983093261719 134.00889587402344 19.033531188964844
			vertex -457.76812744140625 133.7095947265625 18.033531188964844
			vertex -457.7983093261719 134.00889587402344 18.033531188964844
		endloop
	endfacet
	facet normal 0.9530290515567097 0.30287889805814877 0
		outer loop
			vertex -457.8952331542969 134.31387329101562 19.033531188964844
			vertex -457.7983093261719 134.00889587402344 18.033531188964844
			vertex -457.8952331542969 134.31387329101562 18.033531188964844
		endloop
	endfacet
	facet normal 0.9530290515567097 0.30287889805814877 0
		outer loop
			vertex -457.8952331542969 134.31387329101562 19.033531188964844
			vertex -457.7983093261719 134.00889587402344 19.033531188964844
			vertex -457.7983093261719 134.00889587402344 18.033531188964844
		endloop
	endfacet
	facet normal 0.8648646184301085 0.502005171076696 0
		outer loop
			vertex -458.0625305175781 134.6020965576172 19.033531188964844
			vertex -457.8952331542969 134.31387329101562 18.033531188964844
			vertex -458.0625305175781 134.6020965576172 18.033531188964844
		endloop
	endfacet
	facet normal 0.8648646184301085 0.502005171076696 0
		outer loop
			vertex -458.0625305175781 134.6020965576172 19.033531188964844
			vertex -457.8952331542969 134.31387329101562 19.033531188964844
			vertex -457.8952331542969 134.31387329101562 18.033531188964844
		endloop
	endfacet
	facet normal 0.7313996380129972 0.6819490959847786 0
		outer loop
			vertex -458.2935791015625 134.8498992919922 19.033531188964844
			vertex -458.0625305175781 134.6020965576172 18.033531188964844
			vertex -458.2935791015625 134.8498992919922 18.033531188964844
		endloop
	endfacet
	facet normal 0.7313996380129972 0.6819490959847786 0
		outer loop
			vertex -458.2935791015625 134.8498992919922 19.033531188964844
			vertex -458.0625305175781 134.6020965576172 19.033531188964844
			vertex -458.0625305175781 134.6020965576172 18.033531188964844
		endloop
	endfacet
	facet normal 0.5604633598753529 0.8281792210851653 0
		outer loop
			vertex -458.5717468261719 135.03814697265625 19.033531188964844
			vertex -458.2935791015625 134.8498992919922 18.033531188964844
			vertex -458.5717468261719 135.03814697265625 18.033531188964844
		endloop
	endfacet
	facet normal 0.5604633598753529 0.8281792210851653 0
		outer loop
			vertex -458.5717468261719 135.03814697265625 19.033531188964844
			vertex -458.2935791015625 134.8498992919922 19.033531188964844
			vertex -458.2935791015625 134.8498992919922 18.033531188964844
		endloop
	endfacet
	facet normal 0.36564946571215434 0.9307526353572233 0
		outer loop
			vertex -458.87408447265625 135.15692138671875 19.033531188964844
			vertex -458.5717468261719 135.03814697265625 18.033531188964844
			vertex -458.87408447265625 135.15692138671875 18.033531188964844
		endloop
	endfacet
	facet normal 0.36564946571215434 0.9307526353572233 0
		outer loop
			vertex -458.87408447265625 135.15692138671875 19.033531188964844
			vertex -458.5717468261719 135.03814697265625 19.033531188964844
			vertex -458.5717468261719 135.03814697265625 18.033531188964844
		endloop
	endfacet
	facet normal 0.16248213296254982 0.9867114859308878 0
		outer loop
			vertex -459.1772766113281 135.20684814453125 19.033531188964844
			vertex -458.87408447265625 135.15692138671875 18.033531188964844
			vertex -459.1772766113281 135.20684814453125 18.033531188964844
		endloop
	endfacet
	facet normal 0.16248213296254982 0.9867114859308878 0
		outer loop
			vertex -459.1772766113281 135.20684814453125 19.033531188964844
			vertex -458.87408447265625 135.15692138671875 19.033531188964844
			vertex -458.87408447265625 135.15692138671875 18.033531188964844
		endloop
	endfacet
	facet normal -0.03827485134116211 0.9992672494156966 0
		outer loop
			vertex -459.4732666015625 135.1955108642578 19.033531188964844
			vertex -459.1772766113281 135.20684814453125 18.033531188964844
			vertex -459.4732666015625 135.1955108642578 18.033531188964844
		endloop
	endfacet
	facet normal -0.03827485134116211 0.9992672494156966 0
		outer loop
			vertex -459.4732666015625 135.1955108642578 19.033531188964844
			vertex -459.1772766113281 135.20684814453125 19.033531188964844
			vertex -459.1772766113281 135.20684814453125 18.033531188964844
		endloop
	endfacet
	facet normal -0.23988712483584052 0.9708007866385329 0
		outer loop
			vertex -459.7786865234375 135.1200408935547 19.033531188964844
			vertex -459.4732666015625 135.1955108642578 18.033531188964844
			vertex -459.7786865234375 135.1200408935547 18.033531188964844
		endloop
	endfacet
	facet normal -0.23988712483584052 0.9708007866385329 0
		outer loop
			vertex -459.7786865234375 135.1200408935547 19.033531188964844
			vertex -459.4732666015625 135.1955108642578 19.033531188964844
			vertex -459.4732666015625 135.1955108642578 18.033531188964844
		endloop
	endfacet
	facet normal -0.4416920433864304 0.8971667285455474 0
		outer loop
			vertex -460.0746765136719 134.9743194580078 19.033531188964844
			vertex -459.7786865234375 135.1200408935547 18.033531188964844
			vertex -460.0746765136719 134.9743194580078 18.033531188964844
		endloop
	endfacet
	facet normal -0.4416920433864304 0.8971667285455474 0
		outer loop
			vertex -460.0746765136719 134.9743194580078 19.033531188964844
			vertex -459.7786865234375 135.1200408935547 19.033531188964844
			vertex -459.7786865234375 135.1200408935547 18.033531188964844
		endloop
	endfacet
	facet normal -0.6292761526026829 0.7771817829604378 0
		outer loop
			vertex -460.33734130859375 134.7616424560547 19.033531188964844
			vertex -460.0746765136719 134.9743194580078 18.033531188964844
			vertex -460.33734130859375 134.7616424560547 18.033531188964844
		endloop
	endfacet
	facet normal -0.6292761526026829 0.7771817829604378 0
		outer loop
			vertex -460.33734130859375 134.7616424560547 19.033531188964844
			vertex -460.0746765136719 134.9743194580078 19.033531188964844
			vertex -460.0746765136719 134.9743194580078 18.033531188964844
		endloop
	endfacet
	facet normal -0.7872112362725027 0.6166834434994327 0
		outer loop
			vertex -460.54559326171875 134.4958038330078 19.033531188964844
			vertex -460.33734130859375 134.7616424560547 18.033531188964844
			vertex -460.54559326171875 134.4958038330078 18.033531188964844
		endloop
	endfacet
	facet normal -0.7872112362725027 0.6166834434994327 0
		outer loop
			vertex -460.54559326171875 134.4958038330078 19.033531188964844
			vertex -460.33734130859375 134.7616424560547 19.033531188964844
			vertex -460.33734130859375 134.7616424560547 18.033531188964844
		endloop
	endfacet
	facet normal -0.9039888511568442 0.42755602788889424 0
		outer loop
			vertex -460.686279296875 134.19834899902344 19.033531188964844
			vertex -460.54559326171875 134.4958038330078 18.033531188964844
			vertex -460.686279296875 134.19834899902344 18.033531188964844
		endloop
	endfacet
	facet normal -0.9039888511568442 0.42755602788889424 0
		outer loop
			vertex -460.686279296875 134.19834899902344 19.033531188964844
			vertex -460.54559326171875 134.4958038330078 19.033531188964844
			vertex -460.54559326171875 134.4958038330078 18.033531188964844
		endloop
	endfacet
	facet normal -0.9697367384437013 0.24415294000395021 0
		outer loop
			vertex -460.74859619140625 133.95083618164062 19.033531188964844
			vertex -460.686279296875 134.19834899902344 18.033531188964844
			vertex -460.74859619140625 133.95083618164062 18.033531188964844
		endloop
	endfacet
	facet normal -0.9697367384437013 0.24415294000395021 0
		outer loop
			vertex -460.74859619140625 133.95083618164062 19.033531188964844
			vertex -460.686279296875 134.19834899902344 19.033531188964844
			vertex -460.686279296875 134.19834899902344 18.033531188964844
		endloop
	endfacet
	facet normal -0.9967386487726966 0.08069737320866867 0
		outer loop
			vertex -460.76812744140625 133.7095947265625 19.033531188964844
			vertex -460.74859619140625 133.95083618164062 18.033531188964844
			vertex -460.76812744140625 133.7095947265625 18.033531188964844
		endloop
	endfacet
	facet normal -0.9967386487726966 0.08069737320866867 0
		outer loop
			vertex -460.76812744140625 133.7095947265625 19.033531188964844
			vertex -460.74859619140625 133.95083618164062 19.033531188964844
			vertex -460.74859619140625 133.95083618164062 18.033531188964844
		endloop
	endfacet
	facet normal 0 0 1
		outer loop
			vertex -459.3590087890625 132.2123565673828 19.033531188964844
			vertex -459.96453857421875 132.3810577392578 19.033531188964844
			vertex -459.66217041015625 132.2622833251953 19.033531188964844
		endloop
	endfacet
	facet normal 0 0 1
		outer loop
			vertex -458.19891357421875 132.65756225585938 19.033531188964844
			vertex -459.3590087890625 132.2123565673828 19.033531188964844
			vertex -459.0630187988281 132.22369384765625 19.033531188964844
		endloop
	endfacet
	facet normal 0 0 1
		outer loop
			vertex -458.19891357421875 132.65756225585938 19.033531188964844
			vertex -459.0630187988281 132.22369384765625 19.033531188964844
			vertex -458.7575988769531 132.29916381835938 19.033531188964844
		endloop
	endfacet
	facet normal 0 0 1
		outer loop
			vertex -458.19891357421875 132.65756225585938 19.033531188964844
			vertex -458.7575988769531 132.29916381835938 19.033531188964844
			vertex -458.46160888671875 132.44488525390625 19.033531188964844
		endloop
	endfacet
	facet normal 0 0 1
		outer loop
			vertex -460.0746765136719 134.9743194580078 19.033531188964844
			vertex -460.33734130859375 134.7616424560547 19.033531188964844
			vertex -460.54559326171875 134.4958038330078 19.033531188964844
		endloop
	endfacet
	facet normal 0 0 1
		outer loop
			vertex -457.9906921386719 132.92340087890625 19.033531188964844
			vertex -460.4737243652344 132.81710815429688 19.033531188964844
			vertex -460.24267578125 132.56930541992188 19.033531188964844
		endloop
	endfacet
	facet normal 0 0 1
		outer loop
			vertex -457.9906921386719 132.92340087890625 19.033531188964844
			vertex -460.24267578125 132.56930541992188 19.033531188964844
			vertex -459.96453857421875 132.3810577392578 19.033531188964844
		endloop
	endfacet
	facet normal 0 0 1
		outer loop
			vertex -457.9906921386719 132.92340087890625 19.033531188964844
			vertex -459.3590087890625 132.2123565673828 19.033531188964844
			vertex -458.19891357421875 132.65756225585938 19.033531188964844
		endloop
	endfacet
	facet normal 0 0 1
		outer loop
			vertex -457.9906921386719 132.92340087890625 19.033531188964844
			vertex -459.96453857421875 132.3810577392578 19.033531188964844
			vertex -459.3590087890625 132.2123565673828 19.033531188964844
		endloop
	endfacet
	facet normal 0 0 1
		outer loop
			vertex -457.8500061035156 133.22085571289062 19.033531188964844
			vertex -460.64105224609375 133.10533142089844 19.033531188964844
			vertex -460.4737243652344 132.81710815429688 19.033531188964844
		endloop
	endfacet
	facet normal 0 0 1
		outer loop
			vertex -457.8500061035156 133.22085571289062 19.033531188964844
			vertex -460.4737243652344 132.81710815429688 19.033531188964844
			vertex -457.9906921386719 132.92340087890625 19.033531188964844
		endloop
	endfacet
	facet normal 0 0 1
		outer loop
			vertex -457.76812744140625 133.7095947265625 19.033531188964844
			vertex -460.73797607421875 133.41030883789062 19.033531188964844
			vertex -460.64105224609375 133.10533142089844 19.033531188964844
		endloop
	endfacet
	facet normal 0 0 1
		outer loop
			vertex -457.76812744140625 133.7095947265625 19.033531188964844
			vertex -457.8500061035156 133.22085571289062 19.033531188964844
			vertex -457.78765869140625 133.46836853027344 19.033531188964844
		endloop
	endfacet
	facet normal 0 0 1
		outer loop
			vertex -457.76812744140625 133.7095947265625 19.033531188964844
			vertex -460.64105224609375 133.10533142089844 19.033531188964844
			vertex -457.8500061035156 133.22085571289062 19.033531188964844
		endloop
	endfacet
	facet normal 0 0 1
		outer loop
			vertex -457.7983093261719 134.00889587402344 19.033531188964844
			vertex -460.76812744140625 133.7095947265625 19.033531188964844
			vertex -460.73797607421875 133.41030883789062 19.033531188964844
		endloop
	endfacet
	facet normal 0 0 1
		outer loop
			vertex -457.7983093261719 134.00889587402344 19.033531188964844
			vertex -460.73797607421875 133.41030883789062 19.033531188964844
			vertex -457.76812744140625 133.7095947265625 19.033531188964844
		endloop
	endfacet
	facet normal 0 0 1
		outer loop
			vertex -458.87408447265625 135.15692138671875 19.033531188964844
			vertex -459.1772766113281 135.20684814453125 19.033531188964844
			vertex -459.4732666015625 135.1955108642578 19.033531188964844
		endloop
	endfacet
	facet normal 0 0 1
		outer loop
			vertex -457.8952331542969 134.31387329101562 19.033531188964844
			vertex -460.686279296875 134.19834899902344 19.033531188964844
			vertex -460.74859619140625 133.95083618164062 19.033531188964844
		endloop
	endfacet
	facet normal 0 0 1
		outer loop
			vertex -457.8952331542969 134.31387329101562 19.033531188964844
			vertex -460.74859619140625 133.95083618164062 19.033531188964844
			vertex -460.76812744140625 133.7095947265625 19.033531188964844
		endloop
	endfacet
	facet normal 0 0 1
		outer loop
			vertex -457.8952331542969 134.31387329101562 19.033531188964844
			vertex -460.76812744140625 133.7095947265625 19.033531188964844
			vertex -457.7983093261719 134.00889587402344 19.033531188964844
		endloop
	endfacet
	facet normal 0 0 1
		outer loop
			vertex -458.0625305175781 134.6020965576172 19.033531188964844
			vertex -460.54559326171875 134.4958038330078 19.033531188964844
			vertex -460.686279296875 134.19834899902344 19.033531188964844
		endloop
	endfacet
	facet normal 0 0 1
		outer loop
			vertex -458.0625305175781 134.6020965576172 19.033531188964844
			vertex -460.0746765136719 134.9743194580078 19.033531188964844
			vertex -460.54559326171875 134.4958038330078 19.033531188964844
		endloop
	endfacet
	facet normal 0 0 1
		outer loop
			vertex -458.0625305175781 134.6020965576172 19.033531188964844
			vertex -460.686279296875 134.19834899902344 19.033531188964844
			vertex -457.8952331542969 134.31387329101562 19.033531188964844
		endloop
	endfacet
	facet normal 0 0 1
		outer loop
			vertex -458.2935791015625 134.8498992919922 19.033531188964844
			vertex -458.5717468261719 135.03814697265625 19.033531188964844
			vertex -458.87408447265625 135.15692138671875 19.033531188964844
		endloop
	endfacet
	facet normal 0 0 1
		outer loop
			vertex -458.2935791015625 134.8498992919922 19.033531188964844
			vertex -459.4732666015625 135.1955108642578 19.033531188964844
			vertex -459.7786865234375 135.1200408935547 19.033531188964844
		endloop
	endfacet
	facet normal 0 0 1
		outer loop
			vertex -458.2935791015625 134.8498992919922 19.033531188964844
			vertex -459.7786865234375 135.1200408935547 19.033531188964844
			vertex -460.0746765136719 134.9743194580078 19.033531188964844
		endloop
	endfacet
	facet normal 0 0 1
		outer loop
			vertex -458.2935791015625 134.8498992919922 19.033531188964844
			vertex -458.87408447265625 135.15692138671875 19.033531188964844
			vertex -459.4732666015625 135.1955108642578 19.033531188964844
		endloop
	endfacet
	facet normal 0 0 1
		outer loop
			vertex -458.2935791015625 134.8498992919922 19.033531188964844
			vertex -460.0746765136719 134.9743194580078 19.033531188964844
			vertex -458.0625305175781 134.6020965576172 19.033531188964844
		endloop
	endfacet
	facet normal -0.9949635915668061 -0.10023697649311762 0
		outer loop
			vertex -460.73797607421875 133.41030883789062 19.033531188964844
			vertex -460.76812744140625 133.7095947265625 18.033531188964844
			vertex -460.73797607421875 133.41030883789062 18.033531188964844
		endloop
	endfacet
	facet normal -0.9949635915668061 -0.10023697649311762 0
		outer loop
			vertex -460.73797607421875 133.41030883789062 19.033531188964844
			vertex -460.76812744140625 133.7095947265625 19.033531188964844
			vertex -460.76812744140625 133.7095947265625 18.033531188964844
		endloop
	endfacet
	facet normal -0.9530290515567097 -0.30287889805814877 0
		outer loop
			vertex -460.64105224609375 133.10533142089844 19.033531188964844
			vertex -460.73797607421875 133.41030883789062 18.033531188964844
			vertex -460.64105224609375 133.10533142089844 18.033531188964844
		endloop
	endfacet
	facet normal -0.9530290515567097 -0.30287889805814877 0
		outer loop
			vertex -460.64105224609375 133.10533142089844 19.033531188964844
			vertex -460.73797607421875 133.41030883789062 19.033531188964844
			vertex -460.73797607421875 133.41030883789062 18.033531188964844
		endloop
	endfacet
	facet normal -0.8648248594585936 -0.5020736623867297 0
		outer loop
			vertex -460.4737243652344 132.81710815429688 19.033531188964844
			vertex -460.64105224609375 133.10533142089844 18.033531188964844
			vertex -460.4737243652344 132.81710815429688 18.033531188964844
		endloop
	endfacet
	facet normal -0.8648248594585936 -0.5020736623867297 0
		outer loop
			vertex -460.4737243652344 132.81710815429688 19.033531188964844
			vertex -460.64105224609375 133.10533142089844 19.033531188964844
			vertex -460.64105224609375 133.10533142089844 18.033531188964844
		endloop
	endfacet
	facet normal -0.7313996380129972 -0.6819490959847786 0
		outer loop
			vertex -460.24267578125 132.56930541992188 19.033531188964844
			vertex -460.4737243652344 132.81710815429688 18.033531188964844
			vertex -460.24267578125 132.56930541992188 18.033531188964844
		endloop
	endfacet
	facet normal -0.7313996380129972 -0.6819490959847786 0
		outer loop
			vertex -460.24267578125 132.56930541992188 19.033531188964844
			vertex -460.4737243652344 132.81710815429688 19.033531188964844
			vertex -460.4737243652344 132.81710815429688 18.033531188964844
		endloop
	endfacet
	facet normal -0.5605055357802357 -0.828150677328535 0
		outer loop
			vertex -459.96453857421875 132.3810577392578 19.033531188964844
			vertex -460.24267578125 132.56930541992188 18.033531188964844
			vertex -459.96453857421875 132.3810577392578 18.033531188964844
		endloop
	endfacet
	facet normal -0.5605055357802357 -0.828150677328535 0
		outer loop
			vertex -459.96453857421875 132.3810577392578 19.033531188964844
			vertex -460.24267578125 132.56930541992188 19.033531188964844
			vertex -460.24267578125 132.56930541992188 18.033531188964844
		endloop
	endfacet
	facet normal -0.3656174947074194 -0.9307651946457122 0
		outer loop
			vertex -459.66217041015625 132.2622833251953 19.033531188964844
			vertex -459.96453857421875 132.3810577392578 18.033531188964844
			vertex -459.66217041015625 132.2622833251953 18.033531188964844
		endloop
	endfacet
	facet normal -0.3656174947074194 -0.9307651946457122 0
		outer loop
			vertex -459.66217041015625 132.2622833251953 19.033531188964844
			vertex -459.96453857421875 132.3810577392578 19.033531188964844
			vertex -459.96453857421875 132.3810577392578 18.033531188964844
		endloop
	endfacet
	facet normal -0.16249805725306246 -0.986708863540295 0
		outer loop
			vertex -459.3590087890625 132.2123565673828 19.033531188964844
			vertex -459.66217041015625 132.2622833251953 18.033531188964844
			vertex -459.3590087890625 132.2123565673828 18.033531188964844
		endloop
	endfacet
	facet normal -0.16249805725306246 -0.986708863540295 0
		outer loop
			vertex -459.3590087890625 132.2123565673828 19.033531188964844
			vertex -459.66217041015625 132.2622833251953 19.033531188964844
			vertex -459.66217041015625 132.2622833251953 18.033531188964844
		endloop
	endfacet
	facet normal 0.03827485134116211 -0.9992672494156966 0
		outer loop
			vertex -459.0630187988281 132.22369384765625 19.033531188964844
			vertex -459.3590087890625 132.2123565673828 18.033531188964844
			vertex -459.0630187988281 132.22369384765625 18.033531188964844
		endloop
	endfacet
	facet normal 0.03827485134116211 -0.9992672494156966 0
		outer loop
			vertex -459.0630187988281 132.22369384765625 19.033531188964844
			vertex -459.3590087890625 132.2123565673828 19.033531188964844
			vertex -459.3590087890625 132.2123565673828 18.033531188964844
		endloop
	endfacet
	facet normal 0.23988712483584052 -0.9708007866385329 0
		outer loop
			vertex -458.7575988769531 132.29916381835938 19.033531188964844
			vertex -459.0630187988281 132.22369384765625 18.033531188964844
			vertex -458.7575988769531 132.29916381835938 18.033531188964844
		endloop
	endfacet
	facet normal 0.4416920433864304 -0.8971667285455474 0
		outer loop
			vertex -458.7575988769531 132.29916381835938 19.033531188964844
			vertex -458.7575988769531 132.29916381835938 18.033531188964844
			vertex -458.46160888671875 132.44488525390625 18.033531188964844
		endloop
	endfacet
	facet normal 0.23988712483584052 -0.9708007866385329 0
		outer loop
			vertex -458.7575988769531 132.29916381835938 19.033531188964844
			vertex -459.0630187988281 132.22369384765625 19.033531188964844
			vertex -459.0630187988281 132.22369384765625 18.033531188964844
		endloop
	endfacet
	facet normal 0.4416920433864304 -0.8971667285455474 0
		outer loop
			vertex -458.46160888671875 132.44488525390625 19.033531188964844
			vertex -458.7575988769531 132.29916381835938 19.033531188964844
			vertex -458.46160888671875 132.44488525390625 18.033531188964844
		endloop
	endfacet
	facet normal 0.6292319941133279 -0.7772175355614186 0
		outer loop
			vertex -458.19891357421875 132.65756225585938 19.033531188964844
			vertex -458.46160888671875 132.44488525390625 18.033531188964844
			vertex -458.19891357421875 132.65756225585938 18.033531188964844
		endloop
	endfacet
	facet normal 0.6292319941133279 -0.7772175355614186 0
		outer loop
			vertex -458.19891357421875 132.65756225585938 19.033531188964844
			vertex -458.46160888671875 132.44488525390625 19.033531188964844
			vertex -458.46160888671875 132.44488525390625 18.033531188964844
		endloop
	endfacet
	facet normal 0.787255107655501 -0.6166274365208911 0
		outer loop
			vertex -457.9906921386719 132.92340087890625 19.033531188964844
			vertex -458.19891357421875 132.65756225585938 18.033531188964844
			vertex -457.9906921386719 132.92340087890625 18.033531188964844
		endloop
	endfacet
	facet normal 0.787255107655501 -0.6166274365208911 0
		outer loop
			vertex -457.9906921386719 132.92340087890625 19.033531188964844
			vertex -458.19891357421875 132.65756225585938 19.033531188964844
			vertex -458.19891357421875 132.65756225585938 18.033531188964844
		endloop
	endfacet
	facet normal 0.9039888511568442 -0.42755602788889424 0
		outer loop
			vertex -457.8500061035156 133.22085571289062 19.033531188964844
			vertex -457.9906921386719 132.92340087890625 18.033531188964844
			vertex -457.8500061035156 133.22085571289062 18.033531188964844
		endloop
	endfacet
	facet normal 0.9039888511568442 -0.42755602788889424 0
		outer loop
			vertex -457.8500061035156 133.22085571289062 19.033531188964844
			vertex -457.9906921386719 132.92340087890625 19.033531188964844
			vertex -457.9906921386719 132.92340087890625 18.033531188964844
		endloop
	endfacet
	facet normal 0.9697084239151931 -0.244265373288791 0
		outer loop
			vertex -457.78765869140625 133.46836853027344 19.033531188964844
			vertex -457.8500061035156 133.22085571289062 18.033531188964844
			vertex -457.78765869140625 133.46836853027344 18.033531188964844
		endloop
	endfacet
	facet normal 0.9697084239151931 -0.244265373288791 0
		outer loop
			vertex -457.78765869140625 133.46836853027344 19.033531188964844
			vertex -457.8500061035156 133.22085571289062 19.033531188964844
			vertex -457.8500061035156 133.22085571289062 18.033531188964844
		endloop
	endfacet
	facet normal 0.9967382381819453 -0.0807024444856025 0
		outer loop
			vertex -457.76812744140625 133.7095947265625 19.033531188964844
			vertex -457.78765869140625 133.46836853027344 18.033531188964844
			vertex -457.76812744140625 133.7095947265625 18.033531188964844
		endloop
	endfacet
	facet normal 0.9967382381819453 -0.0807024444856025 0
		outer loop
			vertex -457.76812744140625 133.7095947265625 19.033531188964844
			vertex -457.78765869140625 133.46836853027344 19.033531188964844
			vertex -457.78765869140625 133.46836853027344 18.033531188964844
		endloop
	endfacet
	facet normal 0 1 0
		outer loop
			vertex -447.07275390625 122.2768783569336 18.13353157043457
			vertex -447.07275390625 122.2768783569336 16.933530807495117
			vertex -451.06964111328125 122.2768783569336 16.933530807495117
		endloop
	endfacet
	facet normal 0 1 0
		outer loop
			vertex -447.07275390625 122.2768783569336 18.13353157043457
			vertex -451.06964111328125 122.2768783569336 16.933530807495117
			vertex -451.06964111328125 122.2768783569336 18.13353157043457
		endloop
	endfacet
	facet normal -1 0 0
		outer loop
			vertex -451.06964111328125 118.28002166748047 16.933530807495117
			vertex -451.06964111328125 118.28002166748047 18.13353157043457
			vertex -451.06964111328125 122.2768783569336 18.13353157043457
		endloop
	endfacet
	facet normal -1 0 0
		outer loop
			vertex -451.06964111328125 118.28002166748047 16.933530807495117
			vertex -451.06964111328125 122.2768783569336 18.13353157043457
			vertex -451.06964111328125 122.2768783569336 16.933530807495117
		endloop
	endfacet
	facet normal 0 -1 0
		outer loop
			vertex -447.07275390625 118.28002166748047 16.933530807495117
			vertex -447.07275390625 118.28002166748047 18.13353157043457
			vertex -451.06964111328125 118.28002166748047 18.13353157043457
		endloop
	endfacet
	facet normal 0 -1 0
		outer loop
			vertex -447.07275390625 118.28002166748047 16.933530807495117
			vertex -451.06964111328125 118.28002166748047 18.13353157043457
			vertex -451.06964111328125 118.28002166748047 16.933530807495117
		endloop
	endfacet
	facet normal 1 0 0
		outer loop
			vertex -447.07275390625 118.28002166748047 18.13353157043457
			vertex -447.07275390625 118.28002166748047 16.933530807495117
			vertex -447.07275390625 122.2768783569336 16.933530807495117
		endloop
	endfacet
	facet normal 1 0 0
		outer loop
			vertex -447.07275390625 118.28002166748047 18.13353157043457
			vertex -447.07275390625 122.2768783569336 16.933530807495117
			vertex -447.07275390625 122.2768783569336 18.13353157043457
		endloop
	endfacet
	facet normal 0 0 -1
		outer loop
			vertex -451.06964111328125 122.2768783569336 16.933530807495117
			vertex -447.07275390625 122.2768783569336 16.933530807495117
			vertex -447.07275390625 118.28002166748047 16.933530807495117
		endloop
	endfacet
	facet normal 0 0 -1
		outer loop
			vertex -451.06964111328125 122.2768783569336 16.933530807495117
			vertex -447.07275390625 118.28002166748047 16.933530807495117
			vertex -451.06964111328125 118.28002166748047 16.933530807495117
		endloop
	endfacet
	facet normal 0 0 1
		outer loop
			vertex -447.07275390625 122.2768783569336 18.13353157043457
			vertex -451.06964111328125 122.2768783569336 18.13353157043457
			vertex -451.06964111328125 118.28002166748047 18.13353157043457
		endloop
	endfacet
	facet normal 0 0 1
		outer loop
			vertex -447.07275390625 122.2768783569336 18.13353157043457
			vertex -451.06964111328125 118.28002166748047 18.13353157043457
			vertex -447.07275390625 118.28002166748047 18.13353157043457
		endloop
	endfacet
	facet normal 0 1 0
		outer loop
			vertex -435.4635009765625 101.41693878173828 17.933530807495117
			vertex -435.4635009765625 101.41693878173828 16.933530807495117
			vertex -441.45172119140625 101.41693878173828 16.933530807495117
		endloop
	endfacet
	facet normal 0 1 0
		outer loop
			vertex -435.4635009765625 101.41693878173828 17.933530807495117
			vertex -441.45172119140625 101.41693878173828 16.933530807495117
			vertex -441.45172119140625 101.41693878173828 17.933530807495117
		endloop
	endfacet
	facet normal -1 0 0
		outer loop
			vertex -441.45172119140625 95.5134506225586 16.933530807495117
			vertex -441.45172119140625 95.5134506225586 17.933530807495117
			vertex -441.45172119140625 101.41693878173828 17.933530807495117
		endloop
	endfacet
	facet normal -1 0 0
		outer loop
			vertex -441.45172119140625 95.5134506225586 16.933530807495117
			vertex -441.45172119140625 101.41693878173828 17.933530807495117
			vertex -441.45172119140625 101.41693878173828 16.933530807495117
		endloop
	endfacet
	facet normal 0 -1 0
		outer loop
			vertex -435.4635009765625 95.5134506225586 16.933530807495117
			vertex -435.4635009765625 95.5134506225586 17.933530807495117
			vertex -441.45172119140625 95.5134506225586 17.933530807495117
		endloop
	endfacet
	facet normal 0 -1 0
		outer loop
			vertex -435.4635009765625 95.5134506225586 16.933530807495117
			vertex -441.45172119140625 95.5134506225586 17.933530807495117
			vertex -441.45172119140625 95.5134506225586 16.933530807495117
		endloop
	endfacet
	facet normal 1 0 0
		outer loop
			vertex -435.4635009765625 95.5134506225586 17.933530807495117
			vertex -435.4635009765625 95.5134506225586 16.933530807495117
			vertex -435.4635009765625 101.41693878173828 16.933530807495117
		endloop
	endfacet
	facet normal 1 0 0
		outer loop
			vertex -435.4635009765625 95.5134506225586 17.933530807495117
			vertex -435.4635009765625 101.41693878173828 16.933530807495117
			vertex -435.4635009765625 101.41693878173828 17.933530807495117
		endloop
	endfacet
	facet normal 0 0 -1
		outer loop
			vertex -441.45172119140625 95.5134506225586 16.933530807495117
			vertex -435.4635009765625 101.41693878173828 16.933530807495117
			vertex -435.4635009765625 95.5134506225586 16.933530807495117
		endloop
	endfacet
	facet normal 0 0 -1
		outer loop
			vertex -441.45172119140625 101.41693878173828 16.933530807495117
			vertex -435.4635009765625 101.41693878173828 16.933530807495117
			vertex -441.45172119140625 95.5134506225586 16.933530807495117
		endloop
	endfacet
	facet normal 0 0 1
		outer loop
			vertex -435.4635009765625 95.5134506225586 17.933530807495117
			vertex -441.45172119140625 101.41693878173828 17.933530807495117
			vertex -441.45172119140625 95.5134506225586 17.933530807495117
		endloop
	endfacet
	facet normal 0 0 1
		outer loop
			vertex -435.4635009765625 101.41693878173828 17.933530807495117
			vertex -441.45172119140625 101.41693878173828 17.933530807495117
			vertex -435.4635009765625 95.5134506225586 17.933530807495117
		endloop
	endfacet
	facet normal -0.7070972316902029 -0.7071163305539279 0
		outer loop
			vertex -433.6981201171875 89.4969711303711 16.933530807495117
			vertex -433.1331787109375 88.93204498291016 16.933530807495117
			vertex -433.1331787109375 88.93204498291016 17.683530807495117
		endloop
	endfacet
	facet normal -0.7070972316902029 -0.7071163305539279 0
		outer loop
			vertex -433.6981201171875 89.4969711303711 16.933530807495117
			vertex -433.1331787109375 88.93204498291016 17.683530807495117
			vertex -433.6981201171875 89.4969711303711 17.683530807495117
		endloop
	endfacet
	facet normal 0.7071067811865476 -0.7071067811865476 0
		outer loop
			vertex -433.1331787109375 88.93204498291016 16.933530807495117
			vertex -432.0033264160156 90.06189727783203 16.933530807495117
			vertex -432.0033264160156 90.06189727783203 17.683530807495117
		endloop
	endfacet
	facet normal 0.7071067811865476 -0.7071067811865476 0
		outer loop
			vertex -433.1331787109375 88.93204498291016 16.933530807495117
			vertex -432.0033264160156 90.06189727783203 17.683530807495117
			vertex -433.1331787109375 88.93204498291016 17.683530807495117
		endloop
	endfacet
	facet normal 0.7071163308118602 0.7070972314322634 0
		outer loop
			vertex -432.5682373046875 90.62682342529297 17.683530807495117
			vertex -432.0033264160156 90.06189727783203 16.933530807495117
			vertex -432.5682373046875 90.62682342529297 16.933530807495117
		endloop
	endfacet
	facet normal 0.7071163308118602 0.7070972314322634 0
		outer loop
			vertex -432.5682373046875 90.62682342529297 17.683530807495117
			vertex -432.0033264160156 90.06189727783203 17.683530807495117
			vertex -432.0033264160156 90.06189727783203 16.933530807495117
		endloop
	endfacet
	facet normal -0.7070972316902029 0.7071163305539279 0
		outer loop
			vertex -432.5682373046875 90.62682342529297 16.933530807495117
			vertex -433.6981201171875 89.4969711303711 16.933530807495117
			vertex -433.6981201171875 89.4969711303711 17.683530807495117
		endloop
	endfacet
	facet normal -0.7070972316902029 0.7071163305539279 0
		outer loop
			vertex -432.5682373046875 90.62682342529297 16.933530807495117
			vertex -433.6981201171875 89.4969711303711 17.683530807495117
			vertex -432.5682373046875 90.62682342529297 17.683530807495117
		endloop
	endfacet
	facet normal 0 0 -1
		outer loop
			vertex -433.6981201171875 89.4969711303711 16.933530807495117
			vertex -432.5682373046875 90.62682342529297 16.933530807495117
			vertex -432.0033264160156 90.06189727783203 16.933530807495117
		endloop
	endfacet
	facet normal 0 0 -1
		outer loop
			vertex -433.6981201171875 89.4969711303711 16.933530807495117
			vertex -432.0033264160156 90.06189727783203 16.933530807495117
			vertex -433.1331787109375 88.93204498291016 16.933530807495117
		endloop
	endfacet
	facet normal 0 0 1
		outer loop
			vertex -432.0033264160156 90.06189727783203 17.683530807495117
			vertex -433.6981201171875 89.4969711303711 17.683530807495117
			vertex -433.1331787109375 88.93204498291016 17.683530807495117
		endloop
	endfacet
	facet normal 0 0 1
		outer loop
			vertex -432.5682373046875 90.62682342529297 17.683530807495117
			vertex -433.6981201171875 89.4969711303711 17.683530807495117
			vertex -432.0033264160156 90.06189727783203 17.683530807495117
		endloop
	endfacet
	facet normal -0.7070972316902029 -0.7071163305539279 0
		outer loop
			vertex -431.59375 89.4969711303711 16.933530807495117
			vertex -431.02880859375 88.93204498291016 16.933530807495117
			vertex -431.02880859375 88.93204498291016 17.683530807495117
		endloop
	endfacet
	facet normal -0.7070972316902029 -0.7071163305539279 0
		outer loop
			vertex -431.59375 89.4969711303711 16.933530807495117
			vertex -431.02880859375 88.93204498291016 17.683530807495117
			vertex -431.59375 89.4969711303711 17.683530807495117
		endloop
	endfacet
	facet normal 0.7071067811865476 -0.7071067811865476 0
		outer loop
			vertex -431.02880859375 88.93204498291016 16.933530807495117
			vertex -429.8989562988281 90.06189727783203 16.933530807495117
			vertex -429.8989562988281 90.06189727783203 17.683530807495117
		endloop
	endfacet
	facet normal 0.7071067811865476 -0.7071067811865476 0
		outer loop
			vertex -431.02880859375 88.93204498291016 16.933530807495117
			vertex -429.8989562988281 90.06189727783203 17.683530807495117
			vertex -431.02880859375 88.93204498291016 17.683530807495117
		endloop
	endfacet
	facet normal 0.7070972316902029 0.7071163305539279 0
		outer loop
			vertex -430.4638977050781 90.62682342529297 17.683530807495117
			vertex -429.8989562988281 90.06189727783203 16.933530807495117
			vertex -430.4638977050781 90.62682342529297 16.933530807495117
		endloop
	endfacet
	facet normal 0.7070972316902029 0.7071163305539279 0
		outer loop
			vertex -430.4638977050781 90.62682342529297 17.683530807495117
			vertex -429.8989562988281 90.06189727783203 17.683530807495117
			vertex -429.8989562988281 90.06189727783203 16.933530807495117
		endloop
	endfacet
	facet normal -0.7071067811865476 0.7071067811865476 0
		outer loop
			vertex -430.4638977050781 90.62682342529297 16.933530807495117
			vertex -431.59375 89.4969711303711 16.933530807495117
			vertex -431.59375 89.4969711303711 17.683530807495117
		endloop
	endfacet
	facet normal -0.7071067811865476 0.7071067811865476 0
		outer loop
			vertex -430.4638977050781 90.62682342529297 16.933530807495117
			vertex -431.59375 89.4969711303711 17.683530807495117
			vertex -430.4638977050781 90.62682342529297 17.683530807495117
		endloop
	endfacet
	facet normal 0 0 -1
		outer loop
			vertex -431.59375 89.4969711303711 16.933530807495117
			vertex -430.4638977050781 90.62682342529297 16.933530807495117
			vertex -429.8989562988281 90.06189727783203 16.933530807495117
		endloop
	endfacet
	facet normal 0 0 -1
		outer loop
			vertex -431.59375 89.4969711303711 16.933530807495117
			vertex -429.8989562988281 90.06189727783203 16.933530807495117
			vertex -431.02880859375 88.93204498291016 16.933530807495117
		endloop
	endfacet
	facet normal 0 0 1
		outer loop
			vertex -429.8989562988281 90.06189727783203 17.683530807495117
			vertex -431.59375 89.4969711303711 17.683530807495117
			vertex -431.02880859375 88.93204498291016 17.683530807495117
		endloop
	endfacet
	facet normal 0 0 1
		outer loop
			vertex -430.4638977050781 90.62682342529297 17.683530807495117
			vertex -431.59375 89.4969711303711 17.683530807495117
			vertex -429.8989562988281 90.06189727783203 17.683530807495117
		endloop
	endfacet
	facet normal -0.7070972316902029 -0.7071163305539279 0
		outer loop
			vertex -429.4894104003906 89.4969711303711 16.933530807495117
			vertex -428.9244689941406 88.93204498291016 16.933530807495117
			vertex -428.9244689941406 88.93204498291016 17.683530807495117
		endloop
	endfacet
	facet normal -0.7070972316902029 -0.7071163305539279 0
		outer loop
			vertex -429.4894104003906 89.4969711303711 16.933530807495117
			vertex -428.9244689941406 88.93204498291016 17.683530807495117
			vertex -429.4894104003906 89.4969711303711 17.683530807495117
		endloop
	endfacet
	facet normal 0.7071067811865476 -0.7071067811865476 0
		outer loop
			vertex -428.9244689941406 88.93204498291016 16.933530807495117
			vertex -427.79461669921875 90.06189727783203 16.933530807495117
			vertex -427.79461669921875 90.06189727783203 17.683530807495117
		endloop
	endfacet
	facet normal 0.7071067811865476 -0.7071067811865476 0
		outer loop
			vertex -428.9244689941406 88.93204498291016 16.933530807495117
			vertex -427.79461669921875 90.06189727783203 17.683530807495117
			vertex -428.9244689941406 88.93204498291016 17.683530807495117
		endloop
	endfacet
	facet normal 0.7071163308118602 0.7070972314322634 0
		outer loop
			vertex -428.3595275878906 90.62682342529297 17.683530807495117
			vertex -427.79461669921875 90.06189727783203 16.933530807495117
			vertex -428.3595275878906 90.62682342529297 16.933530807495117
		endloop
	endfacet
	facet normal 0.7071163308118602 0.7070972314322634 0
		outer loop
			vertex -428.3595275878906 90.62682342529297 17.683530807495117
			vertex -427.79461669921875 90.06189727783203 17.683530807495117
			vertex -427.79461669921875 90.06189727783203 16.933530807495117
		endloop
	endfacet
	facet normal -0.7070972316902029 0.7071163305539279 0
		outer loop
			vertex -428.3595275878906 90.62682342529297 16.933530807495117
			vertex -429.4894104003906 89.4969711303711 16.933530807495117
			vertex -429.4894104003906 89.4969711303711 17.683530807495117
		endloop
	endfacet
	facet normal -0.7070972316902029 0.7071163305539279 0
		outer loop
			vertex -428.3595275878906 90.62682342529297 16.933530807495117
			vertex -429.4894104003906 89.4969711303711 17.683530807495117
			vertex -428.3595275878906 90.62682342529297 17.683530807495117
		endloop
	endfacet
	facet normal 0 0 -1
		outer loop
			vertex -429.4894104003906 89.4969711303711 16.933530807495117
			vertex -428.3595275878906 90.62682342529297 16.933530807495117
			vertex -427.79461669921875 90.06189727783203 16.933530807495117
		endloop
	endfacet
	facet normal 0 0 -1
		outer loop
			vertex -429.4894104003906 89.4969711303711 16.933530807495117
			vertex -427.79461669921875 90.06189727783203 16.933530807495117
			vertex -428.9244689941406 88.93204498291016 16.933530807495117
		endloop
	endfacet
	facet normal 0 0 1
		outer loop
			vertex -427.79461669921875 90.06189727783203 17.683530807495117
			vertex -429.4894104003906 89.4969711303711 17.683530807495117
			vertex -428.9244689941406 88.93204498291016 17.683530807495117
		endloop
	endfacet
	facet normal 0 0 1
		outer loop
			vertex -428.3595275878906 90.62682342529297 17.683530807495117
			vertex -429.4894104003906 89.4969711303711 17.683530807495117
			vertex -427.79461669921875 90.06189727783203 17.683530807495117
		endloop
	endfacet
	facet normal -0.7070972316902029 -0.7071163305539279 0
		outer loop
			vertex -427.399169921875 89.4969711303711 16.933530807495117
			vertex -426.834228515625 88.93204498291016 16.933530807495117
			vertex -426.834228515625 88.93204498291016 17.683530807495117
		endloop
	endfacet
	facet normal -0.7070972316902029 -0.7071163305539279 0
		outer loop
			vertex -427.399169921875 89.4969711303711 16.933530807495117
			vertex -426.834228515625 88.93204498291016 17.683530807495117
			vertex -427.399169921875 89.4969711303711 17.683530807495117
		endloop
	endfacet
	facet normal 0.7071067811865476 -0.7071067811865476 0
		outer loop
			vertex -426.834228515625 88.93204498291016 16.933530807495117
			vertex -425.7043762207031 90.06189727783203 16.933530807495117
			vertex -425.7043762207031 90.06189727783203 17.683530807495117
		endloop
	endfacet
	facet normal 0.7071067811865476 -0.7071067811865476 0
		outer loop
			vertex -426.834228515625 88.93204498291016 16.933530807495117
			vertex -425.7043762207031 90.06189727783203 17.683530807495117
			vertex -426.834228515625 88.93204498291016 17.683530807495117
		endloop
	endfacet
	facet normal 0.7070972316902029 0.7071163305539279 0
		outer loop
			vertex -426.2693176269531 90.62682342529297 17.683530807495117
			vertex -425.7043762207031 90.06189727783203 16.933530807495117
			vertex -426.2693176269531 90.62682342529297 16.933530807495117
		endloop
	endfacet
	facet normal 0.7070972316902029 0.7071163305539279 0
		outer loop
			vertex -426.2693176269531 90.62682342529297 17.683530807495117
			vertex -425.7043762207031 90.06189727783203 17.683530807495117
			vertex -425.7043762207031 90.06189727783203 16.933530807495117
		endloop
	endfacet
	facet normal -0.7071067811865476 0.7071067811865476 0
		outer loop
			vertex -426.2693176269531 90.62682342529297 16.933530807495117
			vertex -427.399169921875 89.4969711303711 16.933530807495117
			vertex -427.399169921875 89.4969711303711 17.683530807495117
		endloop
	endfacet
	facet normal -0.7071067811865476 0.7071067811865476 0
		outer loop
			vertex -426.2693176269531 90.62682342529297 16.933530807495117
			vertex -427.399169921875 89.4969711303711 17.683530807495117
			vertex -426.2693176269531 90.62682342529297 17.683530807495117
		endloop
	endfacet
	facet normal 0 0 -1
		outer loop
			vertex -427.399169921875 89.4969711303711 16.933530807495117
			vertex -426.2693176269531 90.62682342529297 16.933530807495117
			vertex -425.7043762207031 90.06189727783203 16.933530807495117
		endloop
	endfacet
	facet normal 0 0 -1
		outer loop
			vertex -427.399169921875 89.4969711303711 16.933530807495117
			vertex -425.7043762207031 90.06189727783203 16.933530807495117
			vertex -426.834228515625 88.93204498291016 16.933530807495117
		endloop
	endfacet
	facet normal 0 0 1
		outer loop
			vertex -425.7043762207031 90.06189727783203 17.683530807495117
			vertex -427.399169921875 89.4969711303711 17.683530807495117
			vertex -426.834228515625 88.93204498291016 17.683530807495117
		endloop
	endfacet
	facet normal 0 0 1
		outer loop
			vertex -426.2693176269531 90.62682342529297 17.683530807495117
			vertex -427.399169921875 89.4969711303711 17.683530807495117
			vertex -425.7043762207031 90.06189727783203 17.683530807495117
		endloop
	endfacet
	facet normal -0.7071163308118602 -0.7070972314322634 0
		outer loop
			vertex -425.2947998046875 89.4969711303711 16.933530807495117
			vertex -424.7298889160156 88.93204498291016 16.933530807495117
			vertex -424.7298889160156 88.93204498291016 17.683530807495117
		endloop
	endfacet
	facet normal -0.7071163308118602 -0.7070972314322634 0
		outer loop
			vertex -425.2947998046875 89.4969711303711 16.933530807495117
			vertex -424.7298889160156 88.93204498291016 17.683530807495117
			vertex -425.2947998046875 89.4969711303711 17.683530807495117
		endloop
	endfacet
	facet normal 0.7071067811865476 -0.7071067811865476 0
		outer loop
			vertex -424.7298889160156 88.93204498291016 16.933530807495117
			vertex -423.60003662109375 90.06189727783203 16.933530807495117
			vertex -423.60003662109375 90.06189727783203 17.683530807495117
		endloop
	endfacet
	facet normal 0.7071067811865476 -0.7071067811865476 0
		outer loop
			vertex -424.7298889160156 88.93204498291016 16.933530807495117
			vertex -423.60003662109375 90.06189727783203 17.683530807495117
			vertex -424.7298889160156 88.93204498291016 17.683530807495117
		endloop
	endfacet
	facet normal 0.7071163308118602 0.7070972314322634 0
		outer loop
			vertex -424.1649475097656 90.62682342529297 17.683530807495117
			vertex -423.60003662109375 90.06189727783203 16.933530807495117
			vertex -424.1649475097656 90.62682342529297 16.933530807495117
		endloop
	endfacet
	facet normal 0.7071163308118602 0.7070972314322634 0
		outer loop
			vertex -424.1649475097656 90.62682342529297 17.683530807495117
			vertex -423.60003662109375 90.06189727783203 17.683530807495117
			vertex -423.60003662109375 90.06189727783203 16.933530807495117
		endloop
	endfacet
	facet normal -0.7071067811865476 0.7071067811865476 0
		outer loop
			vertex -424.1649475097656 90.62682342529297 16.933530807495117
			vertex -425.2947998046875 89.4969711303711 16.933530807495117
			vertex -425.2947998046875 89.4969711303711 17.683530807495117
		endloop
	endfacet
	facet normal -0.7071067811865476 0.7071067811865476 0
		outer loop
			vertex -424.1649475097656 90.62682342529297 16.933530807495117
			vertex -425.2947998046875 89.4969711303711 17.683530807495117
			vertex -424.1649475097656 90.62682342529297 17.683530807495117
		endloop
	endfacet
	facet normal 0 0 -1
		outer loop
			vertex -425.2947998046875 89.4969711303711 16.933530807495117
			vertex -424.1649475097656 90.62682342529297 16.933530807495117
			vertex -423.60003662109375 90.06189727783203 16.933530807495117
		endloop
	endfacet
	facet normal 0 0 -1
		outer loop
			vertex -425.2947998046875 89.4969711303711 16.933530807495117
			vertex -423.60003662109375 90.06189727783203 16.933530807495117
			vertex -424.7298889160156 88.93204498291016 16.933530807495117
		endloop
	endfacet
	facet normal 0 0 1
		outer loop
			vertex -423.60003662109375 90.06189727783203 17.683530807495117
			vertex -425.2947998046875 89.4969711303711 17.683530807495117
			vertex -424.7298889160156 88.93204498291016 17.683530807495117
		endloop
	endfacet
	facet normal 0 0 1
		outer loop
			vertex -424.1649475097656 90.62682342529297 17.683530807495117
			vertex -425.2947998046875 89.4969711303711 17.683530807495117
			vertex -423.60003662109375 90.06189727783203 17.683530807495117
		endloop
	endfacet
	facet normal -0.7070972316902029 -0.7071163305539279 0
		outer loop
			vertex -423.1904602050781 89.4969711303711 16.933530807495117
			vertex -422.6255187988281 88.93204498291016 16.933530807495117
			vertex -422.6255187988281 88.93204498291016 17.683530807495117
		endloop
	endfacet
	facet normal -0.7070972316902029 -0.7071163305539279 0
		outer loop
			vertex -423.1904602050781 89.4969711303711 16.933530807495117
			vertex -422.6255187988281 88.93204498291016 17.683530807495117
			vertex -423.1904602050781 89.4969711303711 17.683530807495117
		endloop
	endfacet
	facet normal 0.7071067811865476 -0.7071067811865476 0
		outer loop
			vertex -422.6255187988281 88.93204498291016 16.933530807495117
			vertex -421.49566650390625 90.06189727783203 16.933530807495117
			vertex -421.49566650390625 90.06189727783203 17.683530807495117
		endloop
	endfacet
	facet normal 0.7071067811865476 -0.7071067811865476 0
		outer loop
			vertex -422.6255187988281 88.93204498291016 16.933530807495117
			vertex -421.49566650390625 90.06189727783203 17.683530807495117
			vertex -422.6255187988281 88.93204498291016 17.683530807495117
		endloop
	endfacet
	facet normal 0.7070972316902029 0.7071163305539279 0
		outer loop
			vertex -422.06060791015625 90.62682342529297 17.683530807495117
			vertex -421.49566650390625 90.06189727783203 16.933530807495117
			vertex -422.06060791015625 90.62682342529297 16.933530807495117
		endloop
	endfacet
	facet normal 0.7070972316902029 0.7071163305539279 0
		outer loop
			vertex -422.06060791015625 90.62682342529297 17.683530807495117
			vertex -421.49566650390625 90.06189727783203 17.683530807495117
			vertex -421.49566650390625 90.06189727783203 16.933530807495117
		endloop
	endfacet
	facet normal -0.7071067811865476 0.7071067811865476 0
		outer loop
			vertex -422.06060791015625 90.62682342529297 16.933530807495117
			vertex -423.1904602050781 89.4969711303711 16.933530807495117
			vertex -423.1904602050781 89.4969711303711 17.683530807495117
		endloop
	endfacet
	facet normal -0.7071067811865476 0.7071067811865476 0
		outer loop
			vertex -422.06060791015625 90.62682342529297 16.933530807495117
			vertex -423.1904602050781 89.4969711303711 17.683530807495117
			vertex -422.06060791015625 90.62682342529297 17.683530807495117
		endloop
	endfacet
	facet normal 0 0 -1
		outer loop
			vertex -423.1904602050781 89.4969711303711 16.933530807495117
			vertex -422.06060791015625 90.62682342529297 16.933530807495117
			vertex -421.49566650390625 90.06189727783203 16.933530807495117
		endloop
	endfacet
	facet normal 0 0 -1
		outer loop
			vertex -423.1904602050781 89.4969711303711 16.933530807495117
			vertex -421.49566650390625 90.06189727783203 16.933530807495117
			vertex -422.6255187988281 88.93204498291016 16.933530807495117
		endloop
	endfacet
	facet normal 0 0 1
		outer loop
			vertex -421.49566650390625 90.06189727783203 17.683530807495117
			vertex -423.1904602050781 89.4969711303711 17.683530807495117
			vertex -422.6255187988281 88.93204498291016 17.683530807495117
		endloop
	endfacet
	facet normal 0 0 1
		outer loop
			vertex -422.06060791015625 90.62682342529297 17.683530807495117
			vertex -423.1904602050781 89.4969711303711 17.683530807495117
			vertex -421.49566650390625 90.06189727783203 17.683530807495117
		endloop
	endfacet
	facet normal -0.7071163308118602 -0.7070972314322634 0
		outer loop
			vertex -421.1002197265625 89.4969711303711 16.933530807495117
			vertex -420.5353088378906 88.93204498291016 16.933530807495117
			vertex -420.5353088378906 88.93204498291016 17.683530807495117
		endloop
	endfacet
	facet normal -0.7071163308118602 -0.7070972314322634 0
		outer loop
			vertex -421.1002197265625 89.4969711303711 16.933530807495117
			vertex -420.5353088378906 88.93204498291016 17.683530807495117
			vertex -421.1002197265625 89.4969711303711 17.683530807495117
		endloop
	endfacet
	facet normal 0.7071067811865476 -0.7071067811865476 0
		outer loop
			vertex -420.5353088378906 88.93204498291016 16.933530807495117
			vertex -419.40545654296875 90.06189727783203 16.933530807495117
			vertex -419.40545654296875 90.06189727783203 17.683530807495117
		endloop
	endfacet
	facet normal 0.7071067811865476 -0.7071067811865476 0
		outer loop
			vertex -420.5353088378906 88.93204498291016 16.933530807495117
			vertex -419.40545654296875 90.06189727783203 17.683530807495117
			vertex -420.5353088378906 88.93204498291016 17.683530807495117
		endloop
	endfacet
	facet normal 0.7071163308118602 0.7070972314322634 0
		outer loop
			vertex -419.9703674316406 90.62682342529297 17.683530807495117
			vertex -419.40545654296875 90.06189727783203 16.933530807495117
			vertex -419.9703674316406 90.62682342529297 16.933530807495117
		endloop
	endfacet
	facet normal 0.7071163308118602 0.7070972314322634 0
		outer loop
			vertex -419.9703674316406 90.62682342529297 17.683530807495117
			vertex -419.40545654296875 90.06189727783203 17.683530807495117
			vertex -419.40545654296875 90.06189727783203 16.933530807495117
		endloop
	endfacet
	facet normal -0.7071067811865476 0.7071067811865476 0
		outer loop
			vertex -419.9703674316406 90.62682342529297 16.933530807495117
			vertex -421.1002197265625 89.4969711303711 16.933530807495117
			vertex -421.1002197265625 89.4969711303711 17.683530807495117
		endloop
	endfacet
	facet normal -0.7071067811865476 0.7071067811865476 0
		outer loop
			vertex -419.9703674316406 90.62682342529297 16.933530807495117
			vertex -421.1002197265625 89.4969711303711 17.683530807495117
			vertex -419.9703674316406 90.62682342529297 17.683530807495117
		endloop
	endfacet
	facet normal 0 0 -1
		outer loop
			vertex -421.1002197265625 89.4969711303711 16.933530807495117
			vertex -419.9703674316406 90.62682342529297 16.933530807495117
			vertex -419.40545654296875 90.06189727783203 16.933530807495117
		endloop
	endfacet
	facet normal 0 0 -1
		outer loop
			vertex -421.1002197265625 89.4969711303711 16.933530807495117
			vertex -419.40545654296875 90.06189727783203 16.933530807495117
			vertex -420.5353088378906 88.93204498291016 16.933530807495117
		endloop
	endfacet
	facet normal 0 0 1
		outer loop
			vertex -419.40545654296875 90.06189727783203 17.683530807495117
			vertex -421.1002197265625 89.4969711303711 17.683530807495117
			vertex -420.5353088378906 88.93204498291016 17.683530807495117
		endloop
	endfacet
	facet normal 0 0 1
		outer loop
			vertex -419.9703674316406 90.62682342529297 17.683530807495117
			vertex -421.1002197265625 89.4969711303711 17.683530807495117
			vertex -419.40545654296875 90.06189727783203 17.683530807495117
		endloop
	endfacet
	facet normal -0.7070972316902029 -0.7071163305539279 0
		outer loop
			vertex -418.9958801269531 89.4969711303711 16.933530807495117
			vertex -418.4309387207031 88.93204498291016 16.933530807495117
			vertex -418.4309387207031 88.93204498291016 17.683530807495117
		endloop
	endfacet
	facet normal -0.7070972316902029 -0.7071163305539279 0
		outer loop
			vertex -418.9958801269531 89.4969711303711 16.933530807495117
			vertex -418.4309387207031 88.93204498291016 17.683530807495117
			vertex -418.9958801269531 89.4969711303711 17.683530807495117
		endloop
	endfacet
	facet normal 0.7071067811865476 -0.7071067811865476 0
		outer loop
			vertex -418.4309387207031 88.93204498291016 16.933530807495117
			vertex -417.30108642578125 90.06189727783203 16.933530807495117
			vertex -417.30108642578125 90.06189727783203 17.683530807495117
		endloop
	endfacet
	facet normal 0.7071067811865476 -0.7071067811865476 0
		outer loop
			vertex -418.4309387207031 88.93204498291016 16.933530807495117
			vertex -417.30108642578125 90.06189727783203 17.683530807495117
			vertex -418.4309387207031 88.93204498291016 17.683530807495117
		endloop
	endfacet
	facet normal 0.7070972316902029 0.7071163305539279 0
		outer loop
			vertex -417.86602783203125 90.62682342529297 17.683530807495117
			vertex -417.30108642578125 90.06189727783203 16.933530807495117
			vertex -417.86602783203125 90.62682342529297 16.933530807495117
		endloop
	endfacet
	facet normal 0.7070972316902029 0.7071163305539279 0
		outer loop
			vertex -417.86602783203125 90.62682342529297 17.683530807495117
			vertex -417.30108642578125 90.06189727783203 17.683530807495117
			vertex -417.30108642578125 90.06189727783203 16.933530807495117
		endloop
	endfacet
	facet normal -0.7071067811865476 0.7071067811865476 0
		outer loop
			vertex -417.86602783203125 90.62682342529297 16.933530807495117
			vertex -418.9958801269531 89.4969711303711 16.933530807495117
			vertex -418.9958801269531 89.4969711303711 17.683530807495117
		endloop
	endfacet
	facet normal -0.7071067811865476 0.7071067811865476 0
		outer loop
			vertex -417.86602783203125 90.62682342529297 16.933530807495117
			vertex -418.9958801269531 89.4969711303711 17.683530807495117
			vertex -417.86602783203125 90.62682342529297 17.683530807495117
		endloop
	endfacet
	facet normal 0 0 -1
		outer loop
			vertex -418.9958801269531 89.4969711303711 16.933530807495117
			vertex -417.86602783203125 90.62682342529297 16.933530807495117
			vertex -417.30108642578125 90.06189727783203 16.933530807495117
		endloop
	endfacet
	facet normal 0 0 -1
		outer loop
			vertex -418.9958801269531 89.4969711303711 16.933530807495117
			vertex -417.30108642578125 90.06189727783203 16.933530807495117
			vertex -418.4309387207031 88.93204498291016 16.933530807495117
		endloop
	endfacet
	facet normal 0 0 1
		outer loop
			vertex -417.30108642578125 90.06189727783203 17.683530807495117
			vertex -418.9958801269531 89.4969711303711 17.683530807495117
			vertex -418.4309387207031 88.93204498291016 17.683530807495117
		endloop
	endfacet
	facet normal 0 0 1
		outer loop
			vertex -417.86602783203125 90.62682342529297 17.683530807495117
			vertex -418.9958801269531 89.4969711303711 17.683530807495117
			vertex -417.30108642578125 90.06189727783203 17.683530807495117
		endloop
	endfacet
	facet normal -0.7071163308118602 -0.7070972314322634 0
		outer loop
			vertex -416.8915100097656 89.4969711303711 16.933530807495117
			vertex -416.32659912109375 88.93204498291016 16.933530807495117
			vertex -416.32659912109375 88.93204498291016 17.683530807495117
		endloop
	endfacet
	facet normal -0.7071163308118602 -0.7070972314322634 0
		outer loop
			vertex -416.8915100097656 89.4969711303711 16.933530807495117
			vertex -416.32659912109375 88.93204498291016 17.683530807495117
			vertex -416.8915100097656 89.4969711303711 17.683530807495117
		endloop
	endfacet
	facet normal 0.7071067811865476 -0.7071067811865476 0
		outer loop
			vertex -416.32659912109375 88.93204498291016 16.933530807495117
			vertex -415.1967468261719 90.06189727783203 16.933530807495117
			vertex -415.1967468261719 90.06189727783203 17.683530807495117
		endloop
	endfacet
	facet normal 0.7071067811865476 -0.7071067811865476 0
		outer loop
			vertex -416.32659912109375 88.93204498291016 16.933530807495117
			vertex -415.1967468261719 90.06189727783203 17.683530807495117
			vertex -416.32659912109375 88.93204498291016 17.683530807495117
		endloop
	endfacet
	facet normal 0.7071163308118602 0.7070972314322634 0
		outer loop
			vertex -415.76165771484375 90.62682342529297 17.683530807495117
			vertex -415.1967468261719 90.06189727783203 16.933530807495117
			vertex -415.76165771484375 90.62682342529297 16.933530807495117
		endloop
	endfacet
	facet normal 0.7071163308118602 0.7070972314322634 0
		outer loop
			vertex -415.76165771484375 90.62682342529297 17.683530807495117
			vertex -415.1967468261719 90.06189727783203 17.683530807495117
			vertex -415.1967468261719 90.06189727783203 16.933530807495117
		endloop
	endfacet
	facet normal -0.7071067811865476 0.7071067811865476 0
		outer loop
			vertex -415.76165771484375 90.62682342529297 16.933530807495117
			vertex -416.8915100097656 89.4969711303711 16.933530807495117
			vertex -416.8915100097656 89.4969711303711 17.683530807495117
		endloop
	endfacet
	facet normal -0.7071067811865476 0.7071067811865476 0
		outer loop
			vertex -415.76165771484375 90.62682342529297 16.933530807495117
			vertex -416.8915100097656 89.4969711303711 17.683530807495117
			vertex -415.76165771484375 90.62682342529297 17.683530807495117
		endloop
	endfacet
	facet normal 0 0 -1
		outer loop
			vertex -416.8915100097656 89.4969711303711 16.933530807495117
			vertex -415.76165771484375 90.62682342529297 16.933530807495117
			vertex -415.1967468261719 90.06189727783203 16.933530807495117
		endloop
	endfacet
	facet normal 0 0 -1
		outer loop
			vertex -416.8915100097656 89.4969711303711 16.933530807495117
			vertex -415.1967468261719 90.06189727783203 16.933530807495117
			vertex -416.32659912109375 88.93204498291016 16.933530807495117
		endloop
	endfacet
	facet normal 0 0 1
		outer loop
			vertex -415.1967468261719 90.06189727783203 17.683530807495117
			vertex -416.8915100097656 89.4969711303711 17.683530807495117
			vertex -416.32659912109375 88.93204498291016 17.683530807495117
		endloop
	endfacet
	facet normal 0 0 1
		outer loop
			vertex -415.76165771484375 90.62682342529297 17.683530807495117
			vertex -416.8915100097656 89.4969711303711 17.683530807495117
			vertex -415.1967468261719 90.06189727783203 17.683530807495117
		endloop
	endfacet
	facet normal -0.7070972316902029 -0.7071163305539279 0
		outer loop
			vertex -414.78717041015625 89.4969711303711 16.933530807495117
			vertex -414.22222900390625 88.93204498291016 16.933530807495117
			vertex -414.22222900390625 88.93204498291016 17.683530807495117
		endloop
	endfacet
	facet normal -0.7070972316902029 -0.7071163305539279 0
		outer loop
			vertex -414.78717041015625 89.4969711303711 16.933530807495117
			vertex -414.22222900390625 88.93204498291016 17.683530807495117
			vertex -414.78717041015625 89.4969711303711 17.683530807495117
		endloop
	endfacet
	facet normal 0.7071067811865476 -0.7071067811865476 0
		outer loop
			vertex -414.22222900390625 88.93204498291016 16.933530807495117
			vertex -413.0923767089844 90.06189727783203 16.933530807495117
			vertex -413.0923767089844 90.06189727783203 17.683530807495117
		endloop
	endfacet
	facet normal 0.7071067811865476 -0.7071067811865476 0
		outer loop
			vertex -414.22222900390625 88.93204498291016 16.933530807495117
			vertex -413.0923767089844 90.06189727783203 17.683530807495117
			vertex -414.22222900390625 88.93204498291016 17.683530807495117
		endloop
	endfacet
	facet normal 0.7070972316902029 0.7071163305539279 0
		outer loop
			vertex -413.6573181152344 90.62682342529297 17.683530807495117
			vertex -413.0923767089844 90.06189727783203 16.933530807495117
			vertex -413.6573181152344 90.62682342529297 16.933530807495117
		endloop
	endfacet
	facet normal 0.7070972316902029 0.7071163305539279 0
		outer loop
			vertex -413.6573181152344 90.62682342529297 17.683530807495117
			vertex -413.0923767089844 90.06189727783203 17.683530807495117
			vertex -413.0923767089844 90.06189727783203 16.933530807495117
		endloop
	endfacet
	facet normal -0.7071067811865476 0.7071067811865476 0
		outer loop
			vertex -413.6573181152344 90.62682342529297 16.933530807495117
			vertex -414.78717041015625 89.4969711303711 16.933530807495117
			vertex -414.78717041015625 89.4969711303711 17.683530807495117
		endloop
	endfacet
	facet normal -0.7071067811865476 0.7071067811865476 0
		outer loop
			vertex -413.6573181152344 90.62682342529297 16.933530807495117
			vertex -414.78717041015625 89.4969711303711 17.683530807495117
			vertex -413.6573181152344 90.62682342529297 17.683530807495117
		endloop
	endfacet
	facet normal 0 0 -1
		outer loop
			vertex -414.78717041015625 89.4969711303711 16.933530807495117
			vertex -413.6573181152344 90.62682342529297 16.933530807495117
			vertex -413.0923767089844 90.06189727783203 16.933530807495117
		endloop
	endfacet
	facet normal 0 0 -1
		outer loop
			vertex -414.78717041015625 89.4969711303711 16.933530807495117
			vertex -413.0923767089844 90.06189727783203 16.933530807495117
			vertex -414.22222900390625 88.93204498291016 16.933530807495117
		endloop
	endfacet
	facet normal 0 0 1
		outer loop
			vertex -413.0923767089844 90.06189727783203 17.683530807495117
			vertex -414.78717041015625 89.4969711303711 17.683530807495117
			vertex -414.22222900390625 88.93204498291016 17.683530807495117
		endloop
	endfacet
	facet normal 0 0 1
		outer loop
			vertex -413.6573181152344 90.62682342529297 17.683530807495117
			vertex -414.78717041015625 89.4969711303711 17.683530807495117
			vertex -413.0923767089844 90.06189727783203 17.683530807495117
		endloop
	endfacet
	facet normal -0.7071163308118602 -0.7070972314322634 0
		outer loop
			vertex -412.6969299316406 89.4969711303711 16.933530807495117
			vertex -412.13201904296875 88.93204498291016 16.933530807495117
			vertex -412.13201904296875 88.93204498291016 17.683530807495117
		endloop
	endfacet
	facet normal -0.7071163308118602 -0.7070972314322634 0
		outer loop
			vertex -412.6969299316406 89.4969711303711 16.933530807495117
			vertex -412.13201904296875 88.93204498291016 17.683530807495117
			vertex -412.6969299316406 89.4969711303711 17.683530807495117
		endloop
	endfacet
	facet normal 0.7070972316902029 -0.7071163305539279 0
		outer loop
			vertex -412.13201904296875 88.93204498291016 16.933530807495117
			vertex -411.00213623046875 90.06189727783203 16.933530807495117
			vertex -411.00213623046875 90.06189727783203 17.683530807495117
		endloop
	endfacet
	facet normal 0.7070972316902029 -0.7071163305539279 0
		outer loop
			vertex -412.13201904296875 88.93204498291016 16.933530807495117
			vertex -411.00213623046875 90.06189727783203 17.683530807495117
			vertex -412.13201904296875 88.93204498291016 17.683530807495117
		endloop
	endfacet
	facet normal 0.7070972316902029 0.7071163305539279 0
		outer loop
			vertex -411.56707763671875 90.62682342529297 17.683530807495117
			vertex -411.00213623046875 90.06189727783203 16.933530807495117
			vertex -411.56707763671875 90.62682342529297 16.933530807495117
		endloop
	endfacet
	facet normal 0.7070972316902029 0.7071163305539279 0
		outer loop
			vertex -411.56707763671875 90.62682342529297 17.683530807495117
			vertex -411.00213623046875 90.06189727783203 17.683530807495117
			vertex -411.00213623046875 90.06189727783203 16.933530807495117
		endloop
	endfacet
	facet normal -0.7071067811865476 0.7071067811865476 0
		outer loop
			vertex -411.56707763671875 90.62682342529297 16.933530807495117
			vertex -412.6969299316406 89.4969711303711 16.933530807495117
			vertex -412.6969299316406 89.4969711303711 17.683530807495117
		endloop
	endfacet
	facet normal -0.7071067811865476 0.7071067811865476 0
		outer loop
			vertex -411.56707763671875 90.62682342529297 16.933530807495117
			vertex -412.6969299316406 89.4969711303711 17.683530807495117
			vertex -411.56707763671875 90.62682342529297 17.683530807495117
		endloop
	endfacet
	facet normal 0 0 -1
		outer loop
			vertex -412.6969299316406 89.4969711303711 16.933530807495117
			vertex -411.56707763671875 90.62682342529297 16.933530807495117
			vertex -411.00213623046875 90.06189727783203 16.933530807495117
		endloop
	endfacet
	facet normal 0 0 -1
		outer loop
			vertex -412.6969299316406 89.4969711303711 16.933530807495117
			vertex -411.00213623046875 90.06189727783203 16.933530807495117
			vertex -412.13201904296875 88.93204498291016 16.933530807495117
		endloop
	endfacet
	facet normal 0 0 1
		outer loop
			vertex -411.00213623046875 90.06189727783203 17.683530807495117
			vertex -412.6969299316406 89.4969711303711 17.683530807495117
			vertex -412.13201904296875 88.93204498291016 17.683530807495117
		endloop
	endfacet
	facet normal 0 0 1
		outer loop
			vertex -411.56707763671875 90.62682342529297 17.683530807495117
			vertex -412.6969299316406 89.4969711303711 17.683530807495117
			vertex -411.00213623046875 90.06189727783203 17.683530807495117
		endloop
	endfacet
	facet normal -0.7071163308118602 -0.7070972314322634 0
		outer loop
			vertex -410.5925598144531 89.4969711303711 16.933530807495117
			vertex -410.02764892578125 88.93204498291016 16.933530807495117
			vertex -410.02764892578125 88.93204498291016 17.683530807495117
		endloop
	endfacet
	facet normal -0.7071163308118602 -0.7070972314322634 0
		outer loop
			vertex -410.5925598144531 89.4969711303711 16.933530807495117
			vertex -410.02764892578125 88.93204498291016 17.683530807495117
			vertex -410.5925598144531 89.4969711303711 17.683530807495117
		endloop
	endfacet
	facet normal 0.7071067811865476 -0.7071067811865476 0
		outer loop
			vertex -410.02764892578125 88.93204498291016 16.933530807495117
			vertex -408.8977966308594 90.06189727783203 16.933530807495117
			vertex -408.8977966308594 90.06189727783203 17.683530807495117
		endloop
	endfacet
	facet normal 0.7071067811865476 -0.7071067811865476 0
		outer loop
			vertex -410.02764892578125 88.93204498291016 16.933530807495117
			vertex -408.8977966308594 90.06189727783203 17.683530807495117
			vertex -410.02764892578125 88.93204498291016 17.683530807495117
		endloop
	endfacet
	facet normal 0.7071163308118602 0.7070972314322634 0
		outer loop
			vertex -409.46270751953125 90.62682342529297 17.683530807495117
			vertex -408.8977966308594 90.06189727783203 16.933530807495117
			vertex -409.46270751953125 90.62682342529297 16.933530807495117
		endloop
	endfacet
	facet normal 0.7071163308118602 0.7070972314322634 0
		outer loop
			vertex -409.46270751953125 90.62682342529297 17.683530807495117
			vertex -408.8977966308594 90.06189727783203 17.683530807495117
			vertex -408.8977966308594 90.06189727783203 16.933530807495117
		endloop
	endfacet
	facet normal -0.7071067811865476 0.7071067811865476 0
		outer loop
			vertex -409.46270751953125 90.62682342529297 16.933530807495117
			vertex -410.5925598144531 89.4969711303711 16.933530807495117
			vertex -410.5925598144531 89.4969711303711 17.683530807495117
		endloop
	endfacet
	facet normal -0.7071067811865476 0.7071067811865476 0
		outer loop
			vertex -409.46270751953125 90.62682342529297 16.933530807495117
			vertex -410.5925598144531 89.4969711303711 17.683530807495117
			vertex -409.46270751953125 90.62682342529297 17.683530807495117
		endloop
	endfacet
	facet normal 0 0 -1
		outer loop
			vertex -410.5925598144531 89.4969711303711 16.933530807495117
			vertex -409.46270751953125 90.62682342529297 16.933530807495117
			vertex -408.8977966308594 90.06189727783203 16.933530807495117
		endloop
	endfacet
	facet normal 0 0 -1
		outer loop
			vertex -410.5925598144531 89.4969711303711 16.933530807495117
			vertex -408.8977966308594 90.06189727783203 16.933530807495117
			vertex -410.02764892578125 88.93204498291016 16.933530807495117
		endloop
	endfacet
	facet normal 0 0 1
		outer loop
			vertex -408.8977966308594 90.06189727783203 17.683530807495117
			vertex -410.5925598144531 89.4969711303711 17.683530807495117
			vertex -410.02764892578125 88.93204498291016 17.683530807495117
		endloop
	endfacet
	facet normal 0 0 1
		outer loop
			vertex -409.46270751953125 90.62682342529297 17.683530807495117
			vertex -410.5925598144531 89.4969711303711 17.683530807495117
			vertex -408.8977966308594 90.06189727783203 17.683530807495117
		endloop
	endfacet
	facet normal -0.7071163308118602 -0.7070972314322634 0
		outer loop
			vertex -408.48822021484375 89.4969711303711 16.933530807495117
			vertex -407.9233093261719 88.93204498291016 16.933530807495117
			vertex -407.9233093261719 88.93204498291016 17.683530807495117
		endloop
	endfacet
	facet normal -0.7071163308118602 -0.7070972314322634 0
		outer loop
			vertex -408.48822021484375 89.4969711303711 16.933530807495117
			vertex -407.9233093261719 88.93204498291016 17.683530807495117
			vertex -408.48822021484375 89.4969711303711 17.683530807495117
		endloop
	endfacet
	facet normal 0.7071067811865476 -0.7071067811865476 0
		outer loop
			vertex -407.9233093261719 88.93204498291016 16.933530807495117
			vertex -406.79345703125 90.06189727783203 16.933530807495117
			vertex -406.79345703125 90.06189727783203 17.683530807495117
		endloop
	endfacet
	facet normal 0.7071067811865476 -0.7071067811865476 0
		outer loop
			vertex -407.9233093261719 88.93204498291016 16.933530807495117
			vertex -406.79345703125 90.06189727783203 17.683530807495117
			vertex -407.9233093261719 88.93204498291016 17.683530807495117
		endloop
	endfacet
	facet normal 0.7071163308118602 0.7070972314322634 0
		outer loop
			vertex -407.3583679199219 90.62682342529297 17.683530807495117
			vertex -406.79345703125 90.06189727783203 16.933530807495117
			vertex -407.3583679199219 90.62682342529297 16.933530807495117
		endloop
	endfacet
	facet normal 0.7071163308118602 0.7070972314322634 0
		outer loop
			vertex -407.3583679199219 90.62682342529297 17.683530807495117
			vertex -406.79345703125 90.06189727783203 17.683530807495117
			vertex -406.79345703125 90.06189727783203 16.933530807495117
		endloop
	endfacet
	facet normal -0.7071067811865476 0.7071067811865476 0
		outer loop
			vertex -407.3583679199219 90.62682342529297 16.933530807495117
			vertex -408.48822021484375 89.4969711303711 16.933530807495117
			vertex -408.48822021484375 89.4969711303711 17.683530807495117
		endloop
	endfacet
	facet normal -0.7071067811865476 0.7071067811865476 0
		outer loop
			vertex -407.3583679199219 90.62682342529297 16.933530807495117
			vertex -408.48822021484375 89.4969711303711 17.683530807495117
			vertex -407.3583679199219 90.62682342529297 17.683530807495117
		endloop
	endfacet
	facet normal 0 0 -1
		outer loop
			vertex -408.48822021484375 89.4969711303711 16.933530807495117
			vertex -407.3583679199219 90.62682342529297 16.933530807495117
			vertex -406.79345703125 90.06189727783203 16.933530807495117
		endloop
	endfacet
	facet normal 0 0 -1
		outer loop
			vertex -408.48822021484375 89.4969711303711 16.933530807495117
			vertex -406.79345703125 90.06189727783203 16.933530807495117
			vertex -407.9233093261719 88.93204498291016 16.933530807495117
		endloop
	endfacet
	facet normal 0 0 1
		outer loop
			vertex -406.79345703125 90.06189727783203 17.683530807495117
			vertex -408.48822021484375 89.4969711303711 17.683530807495117
			vertex -407.9233093261719 88.93204498291016 17.683530807495117
		endloop
	endfacet
	facet normal 0 0 1
		outer loop
			vertex -407.3583679199219 90.62682342529297 17.683530807495117
			vertex -408.48822021484375 89.4969711303711 17.683530807495117
			vertex -406.79345703125 90.06189727783203 17.683530807495117
		endloop
	endfacet
	facet normal -0.7071020064867365 -0.7071115558541179 0
		outer loop
			vertex -433.6981201171875 91.48834228515625 16.933530807495117
			vertex -433.1331787109375 90.92340850830078 16.933530807495117
			vertex -433.1331787109375 90.92340850830078 17.683530807495117
		endloop
	endfacet
	facet normal -0.7071020064867365 -0.7071115558541179 0
		outer loop
			vertex -433.6981201171875 91.48834228515625 16.933530807495117
			vertex -433.1331787109375 90.92340850830078 17.683530807495117
			vertex -433.6981201171875 91.48834228515625 17.683530807495117
		endloop
	endfacet
	facet normal 0.7071091685646642 -0.7071043938003704 0
		outer loop
			vertex -433.1331787109375 90.92340850830078 16.933530807495117
			vertex -432.0033264160156 92.05326843261719 16.933530807495117
			vertex -432.0033264160156 92.05326843261719 17.683530807495117
		endloop
	endfacet
	facet normal 0.7071091685646642 -0.7071043938003704 0
		outer loop
			vertex -433.1331787109375 90.92340850830078 16.933530807495117
			vertex -432.0033264160156 92.05326843261719 17.683530807495117
			vertex -433.1331787109375 90.92340850830078 17.683530807495117
		endloop
	endfacet
	facet normal 0.7071163308118602 0.7070972314322634 0
		outer loop
			vertex -432.5682373046875 92.61819458007812 17.683530807495117
			vertex -432.0033264160156 92.05326843261719 16.933530807495117
			vertex -432.5682373046875 92.61819458007812 16.933530807495117
		endloop
	endfacet
	facet normal 0.7071163308118602 0.7070972314322634 0
		outer loop
			vertex -432.5682373046875 92.61819458007812 17.683530807495117
			vertex -432.0033264160156 92.05326843261719 17.683530807495117
			vertex -432.0033264160156 92.05326843261719 16.933530807495117
		endloop
	endfacet
	facet normal -0.7070972316902029 0.7071163305539279 0
		outer loop
			vertex -432.5682373046875 92.61819458007812 16.933530807495117
			vertex -433.6981201171875 91.48834228515625 16.933530807495117
			vertex -433.6981201171875 91.48834228515625 17.683530807495117
		endloop
	endfacet
	facet normal -0.7070972316902029 0.7071163305539279 0
		outer loop
			vertex -432.5682373046875 92.61819458007812 16.933530807495117
			vertex -433.6981201171875 91.48834228515625 17.683530807495117
			vertex -432.5682373046875 92.61819458007812 17.683530807495117
		endloop
	endfacet
	facet normal 0 0 -1
		outer loop
			vertex -433.6981201171875 91.48834228515625 16.933530807495117
			vertex -432.5682373046875 92.61819458007812 16.933530807495117
			vertex -432.0033264160156 92.05326843261719 16.933530807495117
		endloop
	endfacet
	facet normal 0 0 -1
		outer loop
			vertex -433.6981201171875 91.48834228515625 16.933530807495117
			vertex -432.0033264160156 92.05326843261719 16.933530807495117
			vertex -433.1331787109375 90.92340850830078 16.933530807495117
		endloop
	endfacet
	facet normal 0 0 1
		outer loop
			vertex -432.0033264160156 92.05326843261719 17.683530807495117
			vertex -433.6981201171875 91.48834228515625 17.683530807495117
			vertex -433.1331787109375 90.92340850830078 17.683530807495117
		endloop
	endfacet
	facet normal 0 0 1
		outer loop
			vertex -432.5682373046875 92.61819458007812 17.683530807495117
			vertex -433.6981201171875 91.48834228515625 17.683530807495117
			vertex -432.0033264160156 92.05326843261719 17.683530807495117
		endloop
	endfacet
	facet normal -0.7071020064867365 -0.7071115558541179 0
		outer loop
			vertex -431.59375 91.48834228515625 16.933530807495117
			vertex -431.02880859375 90.92340850830078 16.933530807495117
			vertex -431.02880859375 90.92340850830078 17.683530807495117
		endloop
	endfacet
	facet normal -0.7071020064867365 -0.7071115558541179 0
		outer loop
			vertex -431.59375 91.48834228515625 16.933530807495117
			vertex -431.02880859375 90.92340850830078 17.683530807495117
			vertex -431.59375 91.48834228515625 17.683530807495117
		endloop
	endfacet
	facet normal 0.7071091685646642 -0.7071043938003704 0
		outer loop
			vertex -431.02880859375 90.92340850830078 16.933530807495117
			vertex -429.8989562988281 92.05326843261719 16.933530807495117
			vertex -429.8989562988281 92.05326843261719 17.683530807495117
		endloop
	endfacet
	facet normal 0.7071091685646642 -0.7071043938003704 0
		outer loop
			vertex -431.02880859375 90.92340850830078 16.933530807495117
			vertex -429.8989562988281 92.05326843261719 17.683530807495117
			vertex -431.02880859375 90.92340850830078 17.683530807495117
		endloop
	endfacet
	facet normal 0.7070972316902029 0.7071163305539279 0
		outer loop
			vertex -430.4638977050781 92.61819458007812 17.683530807495117
			vertex -429.8989562988281 92.05326843261719 16.933530807495117
			vertex -430.4638977050781 92.61819458007812 16.933530807495117
		endloop
	endfacet
	facet normal 0.7070972316902029 0.7071163305539279 0
		outer loop
			vertex -430.4638977050781 92.61819458007812 17.683530807495117
			vertex -429.8989562988281 92.05326843261719 17.683530807495117
			vertex -429.8989562988281 92.05326843261719 16.933530807495117
		endloop
	endfacet
	facet normal -0.7071067811865476 0.7071067811865476 0
		outer loop
			vertex -430.4638977050781 92.61819458007812 16.933530807495117
			vertex -431.59375 91.48834228515625 16.933530807495117
			vertex -431.59375 91.48834228515625 17.683530807495117
		endloop
	endfacet
	facet normal -0.7071067811865476 0.7071067811865476 0
		outer loop
			vertex -430.4638977050781 92.61819458007812 16.933530807495117
			vertex -431.59375 91.48834228515625 17.683530807495117
			vertex -430.4638977050781 92.61819458007812 17.683530807495117
		endloop
	endfacet
	facet normal 0 0 -1
		outer loop
			vertex -431.59375 91.48834228515625 16.933530807495117
			vertex -430.4638977050781 92.61819458007812 16.933530807495117
			vertex -429.8989562988281 92.05326843261719 16.933530807495117
		endloop
	endfacet
	facet normal 0 0 -1
		outer loop
			vertex -431.59375 91.48834228515625 16.933530807495117
			vertex -429.8989562988281 92.05326843261719 16.933530807495117
			vertex -431.02880859375 90.92340850830078 16.933530807495117
		endloop
	endfacet
	facet normal 0 0 1
		outer loop
			vertex -429.8989562988281 92.05326843261719 17.683530807495117
			vertex -431.59375 91.48834228515625 17.683530807495117
			vertex -431.02880859375 90.92340850830078 17.683530807495117
		endloop
	endfacet
	facet normal 0 0 1
		outer loop
			vertex -430.4638977050781 92.61819458007812 17.683530807495117
			vertex -431.59375 91.48834228515625 17.683530807495117
			vertex -429.8989562988281 92.05326843261719 17.683530807495117
		endloop
	endfacet
	facet normal -0.7071020064867365 -0.7071115558541179 0
		outer loop
			vertex -429.4894104003906 91.48834228515625 16.933530807495117
			vertex -428.9244689941406 90.92340850830078 16.933530807495117
			vertex -428.9244689941406 90.92340850830078 17.683530807495117
		endloop
	endfacet
	facet normal -0.7071020064867365 -0.7071115558541179 0
		outer loop
			vertex -429.4894104003906 91.48834228515625 16.933530807495117
			vertex -428.9244689941406 90.92340850830078 17.683530807495117
			vertex -429.4894104003906 91.48834228515625 17.683530807495117
		endloop
	endfacet
	facet normal 0.7071091685646642 -0.7071043938003704 0
		outer loop
			vertex -428.9244689941406 90.92340850830078 16.933530807495117
			vertex -427.79461669921875 92.05326843261719 16.933530807495117
			vertex -427.79461669921875 92.05326843261719 17.683530807495117
		endloop
	endfacet
	facet normal 0.7071091685646642 -0.7071043938003704 0
		outer loop
			vertex -428.9244689941406 90.92340850830078 16.933530807495117
			vertex -427.79461669921875 92.05326843261719 17.683530807495117
			vertex -428.9244689941406 90.92340850830078 17.683530807495117
		endloop
	endfacet
	facet normal 0.7071163308118602 0.7070972314322634 0
		outer loop
			vertex -428.3595275878906 92.61819458007812 17.683530807495117
			vertex -427.79461669921875 92.05326843261719 16.933530807495117
			vertex -428.3595275878906 92.61819458007812 16.933530807495117
		endloop
	endfacet
	facet normal 0.7071163308118602 0.7070972314322634 0
		outer loop
			vertex -428.3595275878906 92.61819458007812 17.683530807495117
			vertex -427.79461669921875 92.05326843261719 17.683530807495117
			vertex -427.79461669921875 92.05326843261719 16.933530807495117
		endloop
	endfacet
	facet normal -0.7070972316902029 0.7071163305539279 0
		outer loop
			vertex -428.3595275878906 92.61819458007812 16.933530807495117
			vertex -429.4894104003906 91.48834228515625 16.933530807495117
			vertex -429.4894104003906 91.48834228515625 17.683530807495117
		endloop
	endfacet
	facet normal -0.7070972316902029 0.7071163305539279 0
		outer loop
			vertex -428.3595275878906 92.61819458007812 16.933530807495117
			vertex -429.4894104003906 91.48834228515625 17.683530807495117
			vertex -428.3595275878906 92.61819458007812 17.683530807495117
		endloop
	endfacet
	facet normal 0 0 -1
		outer loop
			vertex -429.4894104003906 91.48834228515625 16.933530807495117
			vertex -428.3595275878906 92.61819458007812 16.933530807495117
			vertex -427.79461669921875 92.05326843261719 16.933530807495117
		endloop
	endfacet
	facet normal 0 0 -1
		outer loop
			vertex -429.4894104003906 91.48834228515625 16.933530807495117
			vertex -427.79461669921875 92.05326843261719 16.933530807495117
			vertex -428.9244689941406 90.92340850830078 16.933530807495117
		endloop
	endfacet
	facet normal 0 0 1
		outer loop
			vertex -427.79461669921875 92.05326843261719 17.683530807495117
			vertex -429.4894104003906 91.48834228515625 17.683530807495117
			vertex -428.9244689941406 90.92340850830078 17.683530807495117
		endloop
	endfacet
	facet normal 0 0 1
		outer loop
			vertex -428.3595275878906 92.61819458007812 17.683530807495117
			vertex -429.4894104003906 91.48834228515625 17.683530807495117
			vertex -427.79461669921875 92.05326843261719 17.683530807495117
		endloop
	endfacet
	facet normal -0.7071020064867365 -0.7071115558541179 0
		outer loop
			vertex -427.399169921875 91.48834228515625 16.933530807495117
			vertex -426.834228515625 90.92340850830078 16.933530807495117
			vertex -426.834228515625 90.92340850830078 17.683530807495117
		endloop
	endfacet
	facet normal -0.7071020064867365 -0.7071115558541179 0
		outer loop
			vertex -427.399169921875 91.48834228515625 16.933530807495117
			vertex -426.834228515625 90.92340850830078 17.683530807495117
			vertex -427.399169921875 91.48834228515625 17.683530807495117
		endloop
	endfacet
	facet normal 0.7071091685646642 -0.7071043938003704 0
		outer loop
			vertex -426.834228515625 90.92340850830078 16.933530807495117
			vertex -425.7043762207031 92.05326843261719 16.933530807495117
			vertex -425.7043762207031 92.05326843261719 17.683530807495117
		endloop
	endfacet
	facet normal 0.7071091685646642 -0.7071043938003704 0
		outer loop
			vertex -426.834228515625 90.92340850830078 16.933530807495117
			vertex -425.7043762207031 92.05326843261719 17.683530807495117
			vertex -426.834228515625 90.92340850830078 17.683530807495117
		endloop
	endfacet
	facet normal 0.7070972316902029 0.7071163305539279 0
		outer loop
			vertex -426.2693176269531 92.61819458007812 17.683530807495117
			vertex -425.7043762207031 92.05326843261719 16.933530807495117
			vertex -426.2693176269531 92.61819458007812 16.933530807495117
		endloop
	endfacet
	facet normal 0.7070972316902029 0.7071163305539279 0
		outer loop
			vertex -426.2693176269531 92.61819458007812 17.683530807495117
			vertex -425.7043762207031 92.05326843261719 17.683530807495117
			vertex -425.7043762207031 92.05326843261719 16.933530807495117
		endloop
	endfacet
	facet normal -0.7071067811865476 0.7071067811865476 0
		outer loop
			vertex -426.2693176269531 92.61819458007812 16.933530807495117
			vertex -427.399169921875 91.48834228515625 16.933530807495117
			vertex -427.399169921875 91.48834228515625 17.683530807495117
		endloop
	endfacet
	facet normal -0.7071067811865476 0.7071067811865476 0
		outer loop
			vertex -426.2693176269531 92.61819458007812 16.933530807495117
			vertex -427.399169921875 91.48834228515625 17.683530807495117
			vertex -426.2693176269531 92.61819458007812 17.683530807495117
		endloop
	endfacet
	facet normal 0 0 -1
		outer loop
			vertex -427.399169921875 91.48834228515625 16.933530807495117
			vertex -426.2693176269531 92.61819458007812 16.933530807495117
			vertex -425.7043762207031 92.05326843261719 16.933530807495117
		endloop
	endfacet
	facet normal 0 0 -1
		outer loop
			vertex -427.399169921875 91.48834228515625 16.933530807495117
			vertex -425.7043762207031 92.05326843261719 16.933530807495117
			vertex -426.834228515625 90.92340850830078 16.933530807495117
		endloop
	endfacet
	facet normal 0 0 1
		outer loop
			vertex -425.7043762207031 92.05326843261719 17.683530807495117
			vertex -427.399169921875 91.48834228515625 17.683530807495117
			vertex -426.834228515625 90.92340850830078 17.683530807495117
		endloop
	endfacet
	facet normal 0 0 1
		outer loop
			vertex -426.2693176269531 92.61819458007812 17.683530807495117
			vertex -427.399169921875 91.48834228515625 17.683530807495117
			vertex -425.7043762207031 92.05326843261719 17.683530807495117
		endloop
	endfacet
	facet normal -0.7071211054794246 -0.7070924566034886 0
		outer loop
			vertex -425.2947998046875 91.48834228515625 16.933530807495117
			vertex -424.7298889160156 90.92340850830078 16.933530807495117
			vertex -424.7298889160156 90.92340850830078 17.683530807495117
		endloop
	endfacet
	facet normal -0.7071211054794246 -0.7070924566034886 0
		outer loop
			vertex -425.2947998046875 91.48834228515625 16.933530807495117
			vertex -424.7298889160156 90.92340850830078 17.683530807495117
			vertex -425.2947998046875 91.48834228515625 17.683530807495117
		endloop
	endfacet
	facet normal 0.7071091685646642 -0.7071043938003704 0
		outer loop
			vertex -424.7298889160156 90.92340850830078 16.933530807495117
			vertex -423.60003662109375 92.05326843261719 16.933530807495117
			vertex -423.60003662109375 92.05326843261719 17.683530807495117
		endloop
	endfacet
	facet normal 0.7071091685646642 -0.7071043938003704 0
		outer loop
			vertex -424.7298889160156 90.92340850830078 16.933530807495117
			vertex -423.60003662109375 92.05326843261719 17.683530807495117
			vertex -424.7298889160156 90.92340850830078 17.683530807495117
		endloop
	endfacet
	facet normal 0.7071163308118602 0.7070972314322634 0
		outer loop
			vertex -424.1649475097656 92.61819458007812 17.683530807495117
			vertex -423.60003662109375 92.05326843261719 16.933530807495117
			vertex -424.1649475097656 92.61819458007812 16.933530807495117
		endloop
	endfacet
	facet normal 0.7071163308118602 0.7070972314322634 0
		outer loop
			vertex -424.1649475097656 92.61819458007812 17.683530807495117
			vertex -423.60003662109375 92.05326843261719 17.683530807495117
			vertex -423.60003662109375 92.05326843261719 16.933530807495117
		endloop
	endfacet
	facet normal -0.7071067811865476 0.7071067811865476 0
		outer loop
			vertex -424.1649475097656 92.61819458007812 16.933530807495117
			vertex -425.2947998046875 91.48834228515625 16.933530807495117
			vertex -425.2947998046875 91.48834228515625 17.683530807495117
		endloop
	endfacet
	facet normal -0.7071067811865476 0.7071067811865476 0
		outer loop
			vertex -424.1649475097656 92.61819458007812 16.933530807495117
			vertex -425.2947998046875 91.48834228515625 17.683530807495117
			vertex -424.1649475097656 92.61819458007812 17.683530807495117
		endloop
	endfacet
	facet normal 0 0 -1
		outer loop
			vertex -425.2947998046875 91.48834228515625 16.933530807495117
			vertex -424.1649475097656 92.61819458007812 16.933530807495117
			vertex -423.60003662109375 92.05326843261719 16.933530807495117
		endloop
	endfacet
	facet normal 0 0 -1
		outer loop
			vertex -425.2947998046875 91.48834228515625 16.933530807495117
			vertex -423.60003662109375 92.05326843261719 16.933530807495117
			vertex -424.7298889160156 90.92340850830078 16.933530807495117
		endloop
	endfacet
	facet normal 0 0 1
		outer loop
			vertex -423.60003662109375 92.05326843261719 17.683530807495117
			vertex -425.2947998046875 91.48834228515625 17.683530807495117
			vertex -424.7298889160156 90.92340850830078 17.683530807495117
		endloop
	endfacet
	facet normal 0 0 1
		outer loop
			vertex -424.1649475097656 92.61819458007812 17.683530807495117
			vertex -425.2947998046875 91.48834228515625 17.683530807495117
			vertex -423.60003662109375 92.05326843261719 17.683530807495117
		endloop
	endfacet
	facet normal -0.7071020064867365 -0.7071115558541179 0
		outer loop
			vertex -423.1904602050781 91.48834228515625 16.933530807495117
			vertex -422.6255187988281 90.92340850830078 16.933530807495117
			vertex -422.6255187988281 90.92340850830078 17.683530807495117
		endloop
	endfacet
	facet normal -0.7071020064867365 -0.7071115558541179 0
		outer loop
			vertex -423.1904602050781 91.48834228515625 16.933530807495117
			vertex -422.6255187988281 90.92340850830078 17.683530807495117
			vertex -423.1904602050781 91.48834228515625 17.683530807495117
		endloop
	endfacet
	facet normal 0.7071091685646642 -0.7071043938003704 0
		outer loop
			vertex -422.6255187988281 90.92340850830078 16.933530807495117
			vertex -421.49566650390625 92.05326843261719 16.933530807495117
			vertex -421.49566650390625 92.05326843261719 17.683530807495117
		endloop
	endfacet
	facet normal 0.7071091685646642 -0.7071043938003704 0
		outer loop
			vertex -422.6255187988281 90.92340850830078 16.933530807495117
			vertex -421.49566650390625 92.05326843261719 17.683530807495117
			vertex -422.6255187988281 90.92340850830078 17.683530807495117
		endloop
	endfacet
	facet normal 0.7070972316902029 0.7071163305539279 0
		outer loop
			vertex -422.06060791015625 92.61819458007812 17.683530807495117
			vertex -421.49566650390625 92.05326843261719 16.933530807495117
			vertex -422.06060791015625 92.61819458007812 16.933530807495117
		endloop
	endfacet
	facet normal 0.7070972316902029 0.7071163305539279 0
		outer loop
			vertex -422.06060791015625 92.61819458007812 17.683530807495117
			vertex -421.49566650390625 92.05326843261719 17.683530807495117
			vertex -421.49566650390625 92.05326843261719 16.933530807495117
		endloop
	endfacet
	facet normal -0.7071067811865476 0.7071067811865476 0
		outer loop
			vertex -422.06060791015625 92.61819458007812 16.933530807495117
			vertex -423.1904602050781 91.48834228515625 16.933530807495117
			vertex -423.1904602050781 91.48834228515625 17.683530807495117
		endloop
	endfacet
	facet normal -0.7071067811865476 0.7071067811865476 0
		outer loop
			vertex -422.06060791015625 92.61819458007812 16.933530807495117
			vertex -423.1904602050781 91.48834228515625 17.683530807495117
			vertex -422.06060791015625 92.61819458007812 17.683530807495117
		endloop
	endfacet
	facet normal 0 0 -1
		outer loop
			vertex -423.1904602050781 91.48834228515625 16.933530807495117
			vertex -422.06060791015625 92.61819458007812 16.933530807495117
			vertex -421.49566650390625 92.05326843261719 16.933530807495117
		endloop
	endfacet
	facet normal 0 0 -1
		outer loop
			vertex -423.1904602050781 91.48834228515625 16.933530807495117
			vertex -421.49566650390625 92.05326843261719 16.933530807495117
			vertex -422.6255187988281 90.92340850830078 16.933530807495117
		endloop
	endfacet
	facet normal 0 0 1
		outer loop
			vertex -421.49566650390625 92.05326843261719 17.683530807495117
			vertex -423.1904602050781 91.48834228515625 17.683530807495117
			vertex -422.6255187988281 90.92340850830078 17.683530807495117
		endloop
	endfacet
	facet normal 0 0 1
		outer loop
			vertex -422.06060791015625 92.61819458007812 17.683530807495117
			vertex -423.1904602050781 91.48834228515625 17.683530807495117
			vertex -421.49566650390625 92.05326843261719 17.683530807495117
		endloop
	endfacet
	facet normal -0.7071211054794246 -0.7070924566034886 0
		outer loop
			vertex -421.1002197265625 91.48834228515625 16.933530807495117
			vertex -420.5353088378906 90.92340850830078 16.933530807495117
			vertex -420.5353088378906 90.92340850830078 17.683530807495117
		endloop
	endfacet
	facet normal -0.7071211054794246 -0.7070924566034886 0
		outer loop
			vertex -421.1002197265625 91.48834228515625 16.933530807495117
			vertex -420.5353088378906 90.92340850830078 17.683530807495117
			vertex -421.1002197265625 91.48834228515625 17.683530807495117
		endloop
	endfacet
	facet normal 0.7071091685646642 -0.7071043938003704 0
		outer loop
			vertex -420.5353088378906 90.92340850830078 16.933530807495117
			vertex -419.40545654296875 92.05326843261719 16.933530807495117
			vertex -419.40545654296875 92.05326843261719 17.683530807495117
		endloop
	endfacet
	facet normal 0.7071091685646642 -0.7071043938003704 0
		outer loop
			vertex -420.5353088378906 90.92340850830078 16.933530807495117
			vertex -419.40545654296875 92.05326843261719 17.683530807495117
			vertex -420.5353088378906 90.92340850830078 17.683530807495117
		endloop
	endfacet
	facet normal 0.7071163308118602 0.7070972314322634 0
		outer loop
			vertex -419.9703674316406 92.61819458007812 17.683530807495117
			vertex -419.40545654296875 92.05326843261719 16.933530807495117
			vertex -419.9703674316406 92.61819458007812 16.933530807495117
		endloop
	endfacet
	facet normal 0.7071163308118602 0.7070972314322634 0
		outer loop
			vertex -419.9703674316406 92.61819458007812 17.683530807495117
			vertex -419.40545654296875 92.05326843261719 17.683530807495117
			vertex -419.40545654296875 92.05326843261719 16.933530807495117
		endloop
	endfacet
	facet normal -0.7071067811865476 0.7071067811865476 0
		outer loop
			vertex -419.9703674316406 92.61819458007812 16.933530807495117
			vertex -421.1002197265625 91.48834228515625 16.933530807495117
			vertex -421.1002197265625 91.48834228515625 17.683530807495117
		endloop
	endfacet
	facet normal -0.7071067811865476 0.7071067811865476 0
		outer loop
			vertex -419.9703674316406 92.61819458007812 16.933530807495117
			vertex -421.1002197265625 91.48834228515625 17.683530807495117
			vertex -419.9703674316406 92.61819458007812 17.683530807495117
		endloop
	endfacet
	facet normal 0 0 -1
		outer loop
			vertex -421.1002197265625 91.48834228515625 16.933530807495117
			vertex -419.9703674316406 92.61819458007812 16.933530807495117
			vertex -419.40545654296875 92.05326843261719 16.933530807495117
		endloop
	endfacet
	facet normal 0 0 -1
		outer loop
			vertex -421.1002197265625 91.48834228515625 16.933530807495117
			vertex -419.40545654296875 92.05326843261719 16.933530807495117
			vertex -420.5353088378906 90.92340850830078 16.933530807495117
		endloop
	endfacet
	facet normal 0 0 1
		outer loop
			vertex -419.40545654296875 92.05326843261719 17.683530807495117
			vertex -421.1002197265625 91.48834228515625 17.683530807495117
			vertex -420.5353088378906 90.92340850830078 17.683530807495117
		endloop
	endfacet
	facet normal 0 0 1
		outer loop
			vertex -419.9703674316406 92.61819458007812 17.683530807495117
			vertex -421.1002197265625 91.48834228515625 17.683530807495117
			vertex -419.40545654296875 92.05326843261719 17.683530807495117
		endloop
	endfacet
	facet normal -0.7071020064867365 -0.7071115558541179 0
		outer loop
			vertex -418.9958801269531 91.48834228515625 16.933530807495117
			vertex -418.4309387207031 90.92340850830078 16.933530807495117
			vertex -418.4309387207031 90.92340850830078 17.683530807495117
		endloop
	endfacet
	facet normal -0.7071020064867365 -0.7071115558541179 0
		outer loop
			vertex -418.9958801269531 91.48834228515625 16.933530807495117
			vertex -418.4309387207031 90.92340850830078 17.683530807495117
			vertex -418.9958801269531 91.48834228515625 17.683530807495117
		endloop
	endfacet
	facet normal 0.7071091685646642 -0.7071043938003704 0
		outer loop
			vertex -418.4309387207031 90.92340850830078 16.933530807495117
			vertex -417.30108642578125 92.05326843261719 16.933530807495117
			vertex -417.30108642578125 92.05326843261719 17.683530807495117
		endloop
	endfacet
	facet normal 0.7071091685646642 -0.7071043938003704 0
		outer loop
			vertex -418.4309387207031 90.92340850830078 16.933530807495117
			vertex -417.30108642578125 92.05326843261719 17.683530807495117
			vertex -418.4309387207031 90.92340850830078 17.683530807495117
		endloop
	endfacet
	facet normal 0.7070972316902029 0.7071163305539279 0
		outer loop
			vertex -417.86602783203125 92.61819458007812 17.683530807495117
			vertex -417.30108642578125 92.05326843261719 16.933530807495117
			vertex -417.86602783203125 92.61819458007812 16.933530807495117
		endloop
	endfacet
	facet normal 0.7070972316902029 0.7071163305539279 0
		outer loop
			vertex -417.86602783203125 92.61819458007812 17.683530807495117
			vertex -417.30108642578125 92.05326843261719 17.683530807495117
			vertex -417.30108642578125 92.05326843261719 16.933530807495117
		endloop
	endfacet
	facet normal -0.7071067811865476 0.7071067811865476 0
		outer loop
			vertex -417.86602783203125 92.61819458007812 16.933530807495117
			vertex -418.9958801269531 91.48834228515625 16.933530807495117
			vertex -418.9958801269531 91.48834228515625 17.683530807495117
		endloop
	endfacet
	facet normal -0.7071067811865476 0.7071067811865476 0
		outer loop
			vertex -417.86602783203125 92.61819458007812 16.933530807495117
			vertex -418.9958801269531 91.48834228515625 17.683530807495117
			vertex -417.86602783203125 92.61819458007812 17.683530807495117
		endloop
	endfacet
	facet normal 0 0 -1
		outer loop
			vertex -418.9958801269531 91.48834228515625 16.933530807495117
			vertex -417.86602783203125 92.61819458007812 16.933530807495117
			vertex -417.30108642578125 92.05326843261719 16.933530807495117
		endloop
	endfacet
	facet normal 0 0 -1
		outer loop
			vertex -418.9958801269531 91.48834228515625 16.933530807495117
			vertex -417.30108642578125 92.05326843261719 16.933530807495117
			vertex -418.4309387207031 90.92340850830078 16.933530807495117
		endloop
	endfacet
	facet normal 0 0 1
		outer loop
			vertex -417.30108642578125 92.05326843261719 17.683530807495117
			vertex -418.9958801269531 91.48834228515625 17.683530807495117
			vertex -418.4309387207031 90.92340850830078 17.683530807495117
		endloop
	endfacet
	facet normal 0 0 1
		outer loop
			vertex -417.86602783203125 92.61819458007812 17.683530807495117
			vertex -418.9958801269531 91.48834228515625 17.683530807495117
			vertex -417.30108642578125 92.05326843261719 17.683530807495117
		endloop
	endfacet
	facet normal -0.7071211054794246 -0.7070924566034886 0
		outer loop
			vertex -416.8915100097656 91.48834228515625 16.933530807495117
			vertex -416.32659912109375 90.92340850830078 16.933530807495117
			vertex -416.32659912109375 90.92340850830078 17.683530807495117
		endloop
	endfacet
	facet normal -0.7071211054794246 -0.7070924566034886 0
		outer loop
			vertex -416.8915100097656 91.48834228515625 16.933530807495117
			vertex -416.32659912109375 90.92340850830078 17.683530807495117
			vertex -416.8915100097656 91.48834228515625 17.683530807495117
		endloop
	endfacet
	facet normal 0.7071091685646642 -0.7071043938003704 0
		outer loop
			vertex -416.32659912109375 90.92340850830078 16.933530807495117
			vertex -415.1967468261719 92.05326843261719 16.933530807495117
			vertex -415.1967468261719 92.05326843261719 17.683530807495117
		endloop
	endfacet
	facet normal 0.7071091685646642 -0.7071043938003704 0
		outer loop
			vertex -416.32659912109375 90.92340850830078 16.933530807495117
			vertex -415.1967468261719 92.05326843261719 17.683530807495117
			vertex -416.32659912109375 90.92340850830078 17.683530807495117
		endloop
	endfacet
	facet normal 0.7071163308118602 0.7070972314322634 0
		outer loop
			vertex -415.76165771484375 92.61819458007812 17.683530807495117
			vertex -415.1967468261719 92.05326843261719 16.933530807495117
			vertex -415.76165771484375 92.61819458007812 16.933530807495117
		endloop
	endfacet
	facet normal 0.7071163308118602 0.7070972314322634 0
		outer loop
			vertex -415.76165771484375 92.61819458007812 17.683530807495117
			vertex -415.1967468261719 92.05326843261719 17.683530807495117
			vertex -415.1967468261719 92.05326843261719 16.933530807495117
		endloop
	endfacet
	facet normal -0.7071067811865476 0.7071067811865476 0
		outer loop
			vertex -415.76165771484375 92.61819458007812 16.933530807495117
			vertex -416.8915100097656 91.48834228515625 16.933530807495117
			vertex -416.8915100097656 91.48834228515625 17.683530807495117
		endloop
	endfacet
	facet normal -0.7071067811865476 0.7071067811865476 0
		outer loop
			vertex -415.76165771484375 92.61819458007812 16.933530807495117
			vertex -416.8915100097656 91.48834228515625 17.683530807495117
			vertex -415.76165771484375 92.61819458007812 17.683530807495117
		endloop
	endfacet
	facet normal 0 0 -1
		outer loop
			vertex -416.8915100097656 91.48834228515625 16.933530807495117
			vertex -415.76165771484375 92.61819458007812 16.933530807495117
			vertex -415.1967468261719 92.05326843261719 16.933530807495117
		endloop
	endfacet
	facet normal 0 0 -1
		outer loop
			vertex -416.8915100097656 91.48834228515625 16.933530807495117
			vertex -415.1967468261719 92.05326843261719 16.933530807495117
			vertex -416.32659912109375 90.92340850830078 16.933530807495117
		endloop
	endfacet
	facet normal 0 0 1
		outer loop
			vertex -415.1967468261719 92.05326843261719 17.683530807495117
			vertex -416.8915100097656 91.48834228515625 17.683530807495117
			vertex -416.32659912109375 90.92340850830078 17.683530807495117
		endloop
	endfacet
	facet normal 0 0 1
		outer loop
			vertex -415.76165771484375 92.61819458007812 17.683530807495117
			vertex -416.8915100097656 91.48834228515625 17.683530807495117
			vertex -415.1967468261719 92.05326843261719 17.683530807495117
		endloop
	endfacet
	facet normal -0.7071020064867365 -0.7071115558541179 0
		outer loop
			vertex -414.78717041015625 91.48834228515625 16.933530807495117
			vertex -414.22222900390625 90.92340850830078 16.933530807495117
			vertex -414.22222900390625 90.92340850830078 17.683530807495117
		endloop
	endfacet
	facet normal -0.7071020064867365 -0.7071115558541179 0
		outer loop
			vertex -414.78717041015625 91.48834228515625 16.933530807495117
			vertex -414.22222900390625 90.92340850830078 17.683530807495117
			vertex -414.78717041015625 91.48834228515625 17.683530807495117
		endloop
	endfacet
	facet normal 0.7071091685646642 -0.7071043938003704 0
		outer loop
			vertex -414.22222900390625 90.92340850830078 16.933530807495117
			vertex -413.0923767089844 92.05326843261719 16.933530807495117
			vertex -413.0923767089844 92.05326843261719 17.683530807495117
		endloop
	endfacet
	facet normal 0.7071091685646642 -0.7071043938003704 0
		outer loop
			vertex -414.22222900390625 90.92340850830078 16.933530807495117
			vertex -413.0923767089844 92.05326843261719 17.683530807495117
			vertex -414.22222900390625 90.92340850830078 17.683530807495117
		endloop
	endfacet
	facet normal 0.7070972316902029 0.7071163305539279 0
		outer loop
			vertex -413.6573181152344 92.61819458007812 17.683530807495117
			vertex -413.0923767089844 92.05326843261719 16.933530807495117
			vertex -413.6573181152344 92.61819458007812 16.933530807495117
		endloop
	endfacet
	facet normal 0.7070972316902029 0.7071163305539279 0
		outer loop
			vertex -413.6573181152344 92.61819458007812 17.683530807495117
			vertex -413.0923767089844 92.05326843261719 17.683530807495117
			vertex -413.0923767089844 92.05326843261719 16.933530807495117
		endloop
	endfacet
	facet normal -0.7071067811865476 0.7071067811865476 0
		outer loop
			vertex -413.6573181152344 92.61819458007812 16.933530807495117
			vertex -414.78717041015625 91.48834228515625 16.933530807495117
			vertex -414.78717041015625 91.48834228515625 17.683530807495117
		endloop
	endfacet
	facet normal -0.7071067811865476 0.7071067811865476 0
		outer loop
			vertex -413.6573181152344 92.61819458007812 16.933530807495117
			vertex -414.78717041015625 91.48834228515625 17.683530807495117
			vertex -413.6573181152344 92.61819458007812 17.683530807495117
		endloop
	endfacet
	facet normal 0 0 -1
		outer loop
			vertex -414.78717041015625 91.48834228515625 16.933530807495117
			vertex -413.6573181152344 92.61819458007812 16.933530807495117
			vertex -413.0923767089844 92.05326843261719 16.933530807495117
		endloop
	endfacet
	facet normal 0 0 -1
		outer loop
			vertex -414.78717041015625 91.48834228515625 16.933530807495117
			vertex -413.0923767089844 92.05326843261719 16.933530807495117
			vertex -414.22222900390625 90.92340850830078 16.933530807495117
		endloop
	endfacet
	facet normal 0 0 1
		outer loop
			vertex -413.0923767089844 92.05326843261719 17.683530807495117
			vertex -414.78717041015625 91.48834228515625 17.683530807495117
			vertex -414.22222900390625 90.92340850830078 17.683530807495117
		endloop
	endfacet
	facet normal 0 0 1
		outer loop
			vertex -413.6573181152344 92.61819458007812 17.683530807495117
			vertex -414.78717041015625 91.48834228515625 17.683530807495117
			vertex -413.0923767089844 92.05326843261719 17.683530807495117
		endloop
	endfacet
	facet normal -0.7071211054794246 -0.7070924566034886 0
		outer loop
			vertex -412.6969299316406 91.48834228515625 16.933530807495117
			vertex -412.13201904296875 90.92340850830078 16.933530807495117
			vertex -412.13201904296875 90.92340850830078 17.683530807495117
		endloop
	endfacet
	facet normal -0.7071211054794246 -0.7070924566034886 0
		outer loop
			vertex -412.6969299316406 91.48834228515625 16.933530807495117
			vertex -412.13201904296875 90.92340850830078 17.683530807495117
			vertex -412.6969299316406 91.48834228515625 17.683530807495117
		endloop
	endfacet
	facet normal 0.7070996191005601 -0.7071139431999929 0
		outer loop
			vertex -412.13201904296875 90.92340850830078 16.933530807495117
			vertex -411.00213623046875 92.05326843261719 16.933530807495117
			vertex -411.00213623046875 92.05326843261719 17.683530807495117
		endloop
	endfacet
	facet normal 0.7070996191005601 -0.7071139431999929 0
		outer loop
			vertex -412.13201904296875 90.92340850830078 16.933530807495117
			vertex -411.00213623046875 92.05326843261719 17.683530807495117
			vertex -412.13201904296875 90.92340850830078 17.683530807495117
		endloop
	endfacet
	facet normal 0.7070972316902029 0.7071163305539279 0
		outer loop
			vertex -411.56707763671875 92.61819458007812 17.683530807495117
			vertex -411.00213623046875 92.05326843261719 16.933530807495117
			vertex -411.56707763671875 92.61819458007812 16.933530807495117
		endloop
	endfacet
	facet normal 0.7070972316902029 0.7071163305539279 0
		outer loop
			vertex -411.56707763671875 92.61819458007812 17.683530807495117
			vertex -411.00213623046875 92.05326843261719 17.683530807495117
			vertex -411.00213623046875 92.05326843261719 16.933530807495117
		endloop
	endfacet
	facet normal -0.7071067811865476 0.7071067811865476 0
		outer loop
			vertex -411.56707763671875 92.61819458007812 16.933530807495117
			vertex -412.6969299316406 91.48834228515625 16.933530807495117
			vertex -412.6969299316406 91.48834228515625 17.683530807495117
		endloop
	endfacet
	facet normal -0.7071067811865476 0.7071067811865476 0
		outer loop
			vertex -411.56707763671875 92.61819458007812 16.933530807495117
			vertex -412.6969299316406 91.48834228515625 17.683530807495117
			vertex -411.56707763671875 92.61819458007812 17.683530807495117
		endloop
	endfacet
	facet normal 0 0 -1
		outer loop
			vertex -412.6969299316406 91.48834228515625 16.933530807495117
			vertex -411.56707763671875 92.61819458007812 16.933530807495117
			vertex -411.00213623046875 92.05326843261719 16.933530807495117
		endloop
	endfacet
	facet normal 0 0 -1
		outer loop
			vertex -412.6969299316406 91.48834228515625 16.933530807495117
			vertex -411.00213623046875 92.05326843261719 16.933530807495117
			vertex -412.13201904296875 90.92340850830078 16.933530807495117
		endloop
	endfacet
	facet normal 0 0 1
		outer loop
			vertex -411.00213623046875 92.05326843261719 17.683530807495117
			vertex -412.6969299316406 91.48834228515625 17.683530807495117
			vertex -412.13201904296875 90.92340850830078 17.683530807495117
		endloop
	endfacet
	facet normal 0 0 1
		outer loop
			vertex -411.56707763671875 92.61819458007812 17.683530807495117
			vertex -412.6969299316406 91.48834228515625 17.683530807495117
			vertex -411.00213623046875 92.05326843261719 17.683530807495117
		endloop
	endfacet
	facet normal -0.7071211054794246 -0.7070924566034886 0
		outer loop
			vertex -410.5925598144531 91.48834228515625 16.933530807495117
			vertex -410.02764892578125 90.92340850830078 16.933530807495117
			vertex -410.02764892578125 90.92340850830078 17.683530807495117
		endloop
	endfacet
	facet normal -0.7071211054794246 -0.7070924566034886 0
		outer loop
			vertex -410.5925598144531 91.48834228515625 16.933530807495117
			vertex -410.02764892578125 90.92340850830078 17.683530807495117
			vertex -410.5925598144531 91.48834228515625 17.683530807495117
		endloop
	endfacet
	facet normal 0.7071091685646642 -0.7071043938003704 0
		outer loop
			vertex -410.02764892578125 90.92340850830078 16.933530807495117
			vertex -408.8977966308594 92.05326843261719 16.933530807495117
			vertex -408.8977966308594 92.05326843261719 17.683530807495117
		endloop
	endfacet
	facet normal 0.7071091685646642 -0.7071043938003704 0
		outer loop
			vertex -410.02764892578125 90.92340850830078 16.933530807495117
			vertex -408.8977966308594 92.05326843261719 17.683530807495117
			vertex -410.02764892578125 90.92340850830078 17.683530807495117
		endloop
	endfacet
	facet normal 0.7071163308118602 0.7070972314322634 0
		outer loop
			vertex -409.46270751953125 92.61819458007812 17.683530807495117
			vertex -408.8977966308594 92.05326843261719 16.933530807495117
			vertex -409.46270751953125 92.61819458007812 16.933530807495117
		endloop
	endfacet
	facet normal 0.7071163308118602 0.7070972314322634 0
		outer loop
			vertex -409.46270751953125 92.61819458007812 17.683530807495117
			vertex -408.8977966308594 92.05326843261719 17.683530807495117
			vertex -408.8977966308594 92.05326843261719 16.933530807495117
		endloop
	endfacet
	facet normal -0.7071067811865476 0.7071067811865476 0
		outer loop
			vertex -409.46270751953125 92.61819458007812 16.933530807495117
			vertex -410.5925598144531 91.48834228515625 16.933530807495117
			vertex -410.5925598144531 91.48834228515625 17.683530807495117
		endloop
	endfacet
	facet normal -0.7071067811865476 0.7071067811865476 0
		outer loop
			vertex -409.46270751953125 92.61819458007812 16.933530807495117
			vertex -410.5925598144531 91.48834228515625 17.683530807495117
			vertex -409.46270751953125 92.61819458007812 17.683530807495117
		endloop
	endfacet
	facet normal 0 0 -1
		outer loop
			vertex -410.5925598144531 91.48834228515625 16.933530807495117
			vertex -409.46270751953125 92.61819458007812 16.933530807495117
			vertex -408.8977966308594 92.05326843261719 16.933530807495117
		endloop
	endfacet
	facet normal 0 0 -1
		outer loop
			vertex -410.5925598144531 91.48834228515625 16.933530807495117
			vertex -408.8977966308594 92.05326843261719 16.933530807495117
			vertex -410.02764892578125 90.92340850830078 16.933530807495117
		endloop
	endfacet
	facet normal 0 0 1
		outer loop
			vertex -408.8977966308594 92.05326843261719 17.683530807495117
			vertex -410.5925598144531 91.48834228515625 17.683530807495117
			vertex -410.02764892578125 90.92340850830078 17.683530807495117
		endloop
	endfacet
	facet normal 0 0 1
		outer loop
			vertex -409.46270751953125 92.61819458007812 17.683530807495117
			vertex -410.5925598144531 91.48834228515625 17.683530807495117
			vertex -408.8977966308594 92.05326843261719 17.683530807495117
		endloop
	endfacet
	facet normal -0.7071211054794246 -0.7070924566034886 0
		outer loop
			vertex -408.48822021484375 91.48834228515625 16.933530807495117
			vertex -407.9233093261719 90.92340850830078 16.933530807495117
			vertex -407.9233093261719 90.92340850830078 17.683530807495117
		endloop
	endfacet
	facet normal -0.7071211054794246 -0.7070924566034886 0
		outer loop
			vertex -408.48822021484375 91.48834228515625 16.933530807495117
			vertex -407.9233093261719 90.92340850830078 17.683530807495117
			vertex -408.48822021484375 91.48834228515625 17.683530807495117
		endloop
	endfacet
	facet normal 0.7071091685646642 -0.7071043938003704 0
		outer loop
			vertex -407.9233093261719 90.92340850830078 16.933530807495117
			vertex -406.79345703125 92.05326843261719 16.933530807495117
			vertex -406.79345703125 92.05326843261719 17.683530807495117
		endloop
	endfacet
	facet normal 0.7071091685646642 -0.7071043938003704 0
		outer loop
			vertex -407.9233093261719 90.92340850830078 16.933530807495117
			vertex -406.79345703125 92.05326843261719 17.683530807495117
			vertex -407.9233093261719 90.92340850830078 17.683530807495117
		endloop
	endfacet
	facet normal 0.7071163308118602 0.7070972314322634 0
		outer loop
			vertex -407.3583679199219 92.61819458007812 17.683530807495117
			vertex -406.79345703125 92.05326843261719 16.933530807495117
			vertex -407.3583679199219 92.61819458007812 16.933530807495117
		endloop
	endfacet
	facet normal 0.7071163308118602 0.7070972314322634 0
		outer loop
			vertex -407.3583679199219 92.61819458007812 17.683530807495117
			vertex -406.79345703125 92.05326843261719 17.683530807495117
			vertex -406.79345703125 92.05326843261719 16.933530807495117
		endloop
	endfacet
	facet normal -0.7071067811865476 0.7071067811865476 0
		outer loop
			vertex -407.3583679199219 92.61819458007812 16.933530807495117
			vertex -408.48822021484375 91.48834228515625 16.933530807495117
			vertex -408.48822021484375 91.48834228515625 17.683530807495117
		endloop
	endfacet
	facet normal -0.7071067811865476 0.7071067811865476 0
		outer loop
			vertex -407.3583679199219 92.61819458007812 16.933530807495117
			vertex -408.48822021484375 91.48834228515625 17.683530807495117
			vertex -407.3583679199219 92.61819458007812 17.683530807495117
		endloop
	endfacet
	facet normal 0 0 -1
		outer loop
			vertex -408.48822021484375 91.48834228515625 16.933530807495117
			vertex -407.3583679199219 92.61819458007812 16.933530807495117
			vertex -406.79345703125 92.05326843261719 16.933530807495117
		endloop
	endfacet
	facet normal 0 0 -1
		outer loop
			vertex -408.48822021484375 91.48834228515625 16.933530807495117
			vertex -406.79345703125 92.05326843261719 16.933530807495117
			vertex -407.9233093261719 90.92340850830078 16.933530807495117
		endloop
	endfacet
	facet normal 0 0 1
		outer loop
			vertex -406.79345703125 92.05326843261719 17.683530807495117
			vertex -408.48822021484375 91.48834228515625 17.683530807495117
			vertex -407.9233093261719 90.92340850830078 17.683530807495117
		endloop
	endfacet
	facet normal 0 0 1
		outer loop
			vertex -407.3583679199219 92.61819458007812 17.683530807495117
			vertex -408.48822021484375 91.48834228515625 17.683530807495117
			vertex -406.79345703125 92.05326843261719 17.683530807495117
		endloop
	endfacet
	facet normal -0.7070972316902029 -0.7071163305539279 0
		outer loop
			vertex -433.6981201171875 93.49382781982422 16.933530807495117
			vertex -433.1331787109375 92.92890167236328 16.933530807495117
			vertex -433.1331787109375 92.92890167236328 17.683530807495117
		endloop
	endfacet
	facet normal -0.7070972316902029 -0.7071163305539279 0
		outer loop
			vertex -433.6981201171875 93.49382781982422 16.933530807495117
			vertex -433.1331787109375 92.92890167236328 17.683530807495117
			vertex -433.6981201171875 93.49382781982422 17.683530807495117
		endloop
	endfacet
	facet normal 0.7071091685646642 -0.7071043938003704 0
		outer loop
			vertex -433.1331787109375 92.92890167236328 16.933530807495117
			vertex -432.0033264160156 94.05876159667969 16.933530807495117
			vertex -432.0033264160156 94.05876159667969 17.683530807495117
		endloop
	endfacet
	facet normal 0.7071091685646642 -0.7071043938003704 0
		outer loop
			vertex -433.1331787109375 92.92890167236328 16.933530807495117
			vertex -432.0033264160156 94.05876159667969 17.683530807495117
			vertex -433.1331787109375 92.92890167236328 17.683530807495117
		endloop
	endfacet
	facet normal 0.7071163308118602 0.7070972314322634 0
		outer loop
			vertex -432.5682373046875 94.62368774414062 17.683530807495117
			vertex -432.0033264160156 94.05876159667969 16.933530807495117
			vertex -432.5682373046875 94.62368774414062 16.933530807495117
		endloop
	endfacet
	facet normal 0.7071163308118602 0.7070972314322634 0
		outer loop
			vertex -432.5682373046875 94.62368774414062 17.683530807495117
			vertex -432.0033264160156 94.05876159667969 17.683530807495117
			vertex -432.0033264160156 94.05876159667969 16.933530807495117
		endloop
	endfacet
	facet normal -0.7070996191005601 0.7071139431999929 0
		outer loop
			vertex -432.5682373046875 94.62368774414062 16.933530807495117
			vertex -433.6981201171875 93.49382781982422 16.933530807495117
			vertex -433.6981201171875 93.49382781982422 17.683530807495117
		endloop
	endfacet
	facet normal -0.7070996191005601 0.7071139431999929 0
		outer loop
			vertex -432.5682373046875 94.62368774414062 16.933530807495117
			vertex -433.6981201171875 93.49382781982422 17.683530807495117
			vertex -432.5682373046875 94.62368774414062 17.683530807495117
		endloop
	endfacet
	facet normal 0 0 -1
		outer loop
			vertex -433.6981201171875 93.49382781982422 16.933530807495117
			vertex -432.5682373046875 94.62368774414062 16.933530807495117
			vertex -432.0033264160156 94.05876159667969 16.933530807495117
		endloop
	endfacet
	facet normal 0 0 -1
		outer loop
			vertex -433.6981201171875 93.49382781982422 16.933530807495117
			vertex -432.0033264160156 94.05876159667969 16.933530807495117
			vertex -433.1331787109375 92.92890167236328 16.933530807495117
		endloop
	endfacet
	facet normal 0 0 1
		outer loop
			vertex -432.0033264160156 94.05876159667969 17.683530807495117
			vertex -433.6981201171875 93.49382781982422 17.683530807495117
			vertex -433.1331787109375 92.92890167236328 17.683530807495117
		endloop
	endfacet
	facet normal 0 0 1
		outer loop
			vertex -432.5682373046875 94.62368774414062 17.683530807495117
			vertex -433.6981201171875 93.49382781982422 17.683530807495117
			vertex -432.0033264160156 94.05876159667969 17.683530807495117
		endloop
	endfacet
	facet normal -0.7070972316902029 -0.7071163305539279 0
		outer loop
			vertex -431.59375 93.49382781982422 16.933530807495117
			vertex -431.02880859375 92.92890167236328 16.933530807495117
			vertex -431.02880859375 92.92890167236328 17.683530807495117
		endloop
	endfacet
	facet normal -0.7070972316902029 -0.7071163305539279 0
		outer loop
			vertex -431.59375 93.49382781982422 16.933530807495117
			vertex -431.02880859375 92.92890167236328 17.683530807495117
			vertex -431.59375 93.49382781982422 17.683530807495117
		endloop
	endfacet
	facet normal 0.7071091685646642 -0.7071043938003704 0
		outer loop
			vertex -431.02880859375 92.92890167236328 16.933530807495117
			vertex -429.8989562988281 94.05876159667969 16.933530807495117
			vertex -429.8989562988281 94.05876159667969 17.683530807495117
		endloop
	endfacet
	facet normal 0.7071091685646642 -0.7071043938003704 0
		outer loop
			vertex -431.02880859375 92.92890167236328 16.933530807495117
			vertex -429.8989562988281 94.05876159667969 17.683530807495117
			vertex -431.02880859375 92.92890167236328 17.683530807495117
		endloop
	endfacet
	facet normal 0.7070972316902029 0.7071163305539279 0
		outer loop
			vertex -430.4638977050781 94.62368774414062 17.683530807495117
			vertex -429.8989562988281 94.05876159667969 16.933530807495117
			vertex -430.4638977050781 94.62368774414062 16.933530807495117
		endloop
	endfacet
	facet normal 0.7070972316902029 0.7071163305539279 0
		outer loop
			vertex -430.4638977050781 94.62368774414062 17.683530807495117
			vertex -429.8989562988281 94.05876159667969 17.683530807495117
			vertex -429.8989562988281 94.05876159667969 16.933530807495117
		endloop
	endfacet
	facet normal -0.7071091685646642 0.7071043938003704 0
		outer loop
			vertex -430.4638977050781 94.62368774414062 16.933530807495117
			vertex -431.59375 93.49382781982422 16.933530807495117
			vertex -431.59375 93.49382781982422 17.683530807495117
		endloop
	endfacet
	facet normal -0.7071091685646642 0.7071043938003704 0
		outer loop
			vertex -430.4638977050781 94.62368774414062 16.933530807495117
			vertex -431.59375 93.49382781982422 17.683530807495117
			vertex -430.4638977050781 94.62368774414062 17.683530807495117
		endloop
	endfacet
	facet normal 0 0 -1
		outer loop
			vertex -431.59375 93.49382781982422 16.933530807495117
			vertex -430.4638977050781 94.62368774414062 16.933530807495117
			vertex -429.8989562988281 94.05876159667969 16.933530807495117
		endloop
	endfacet
	facet normal 0 0 -1
		outer loop
			vertex -431.59375 93.49382781982422 16.933530807495117
			vertex -429.8989562988281 94.05876159667969 16.933530807495117
			vertex -431.02880859375 92.92890167236328 16.933530807495117
		endloop
	endfacet
	facet normal 0 0 1
		outer loop
			vertex -429.8989562988281 94.05876159667969 17.683530807495117
			vertex -431.59375 93.49382781982422 17.683530807495117
			vertex -431.02880859375 92.92890167236328 17.683530807495117
		endloop
	endfacet
	facet normal 0 0 1
		outer loop
			vertex -430.4638977050781 94.62368774414062 17.683530807495117
			vertex -431.59375 93.49382781982422 17.683530807495117
			vertex -429.8989562988281 94.05876159667969 17.683530807495117
		endloop
	endfacet
	facet normal -0.7070972316902029 -0.7071163305539279 0
		outer loop
			vertex -429.4894104003906 93.49382781982422 16.933530807495117
			vertex -428.9244689941406 92.92890167236328 16.933530807495117
			vertex -428.9244689941406 92.92890167236328 17.683530807495117
		endloop
	endfacet
	facet normal -0.7070972316902029 -0.7071163305539279 0
		outer loop
			vertex -429.4894104003906 93.49382781982422 16.933530807495117
			vertex -428.9244689941406 92.92890167236328 17.683530807495117
			vertex -429.4894104003906 93.49382781982422 17.683530807495117
		endloop
	endfacet
	facet normal 0.7071091685646642 -0.7071043938003704 0
		outer loop
			vertex -428.9244689941406 92.92890167236328 16.933530807495117
			vertex -427.79461669921875 94.05876159667969 16.933530807495117
			vertex -427.79461669921875 94.05876159667969 17.683530807495117
		endloop
	endfacet
	facet normal 0.7071091685646642 -0.7071043938003704 0
		outer loop
			vertex -428.9244689941406 92.92890167236328 16.933530807495117
			vertex -427.79461669921875 94.05876159667969 17.683530807495117
			vertex -428.9244689941406 92.92890167236328 17.683530807495117
		endloop
	endfacet
	facet normal 0.7071163308118602 0.7070972314322634 0
		outer loop
			vertex -428.3595275878906 94.62368774414062 17.683530807495117
			vertex -427.79461669921875 94.05876159667969 16.933530807495117
			vertex -428.3595275878906 94.62368774414062 16.933530807495117
		endloop
	endfacet
	facet normal 0.7071163308118602 0.7070972314322634 0
		outer loop
			vertex -428.3595275878906 94.62368774414062 17.683530807495117
			vertex -427.79461669921875 94.05876159667969 17.683530807495117
			vertex -427.79461669921875 94.05876159667969 16.933530807495117
		endloop
	endfacet
	facet normal -0.7070996191005601 0.7071139431999929 0
		outer loop
			vertex -428.3595275878906 94.62368774414062 16.933530807495117
			vertex -429.4894104003906 93.49382781982422 16.933530807495117
			vertex -429.4894104003906 93.49382781982422 17.683530807495117
		endloop
	endfacet
	facet normal -0.7070996191005601 0.7071139431999929 0
		outer loop
			vertex -428.3595275878906 94.62368774414062 16.933530807495117
			vertex -429.4894104003906 93.49382781982422 17.683530807495117
			vertex -428.3595275878906 94.62368774414062 17.683530807495117
		endloop
	endfacet
	facet normal 0 0 -1
		outer loop
			vertex -429.4894104003906 93.49382781982422 16.933530807495117
			vertex -428.3595275878906 94.62368774414062 16.933530807495117
			vertex -427.79461669921875 94.05876159667969 16.933530807495117
		endloop
	endfacet
	facet normal 0 0 -1
		outer loop
			vertex -429.4894104003906 93.49382781982422 16.933530807495117
			vertex -427.79461669921875 94.05876159667969 16.933530807495117
			vertex -428.9244689941406 92.92890167236328 16.933530807495117
		endloop
	endfacet
	facet normal 0 0 1
		outer loop
			vertex -427.79461669921875 94.05876159667969 17.683530807495117
			vertex -429.4894104003906 93.49382781982422 17.683530807495117
			vertex -428.9244689941406 92.92890167236328 17.683530807495117
		endloop
	endfacet
	facet normal 0 0 1
		outer loop
			vertex -428.3595275878906 94.62368774414062 17.683530807495117
			vertex -429.4894104003906 93.49382781982422 17.683530807495117
			vertex -427.79461669921875 94.05876159667969 17.683530807495117
		endloop
	endfacet
	facet normal -0.7070972316902029 -0.7071163305539279 0
		outer loop
			vertex -427.399169921875 93.49382781982422 16.933530807495117
			vertex -426.834228515625 92.92890167236328 16.933530807495117
			vertex -426.834228515625 92.92890167236328 17.683530807495117
		endloop
	endfacet
	facet normal -0.7070972316902029 -0.7071163305539279 0
		outer loop
			vertex -427.399169921875 93.49382781982422 16.933530807495117
			vertex -426.834228515625 92.92890167236328 17.683530807495117
			vertex -427.399169921875 93.49382781982422 17.683530807495117
		endloop
	endfacet
	facet normal 0.7071091685646642 -0.7071043938003704 0
		outer loop
			vertex -426.834228515625 92.92890167236328 16.933530807495117
			vertex -425.7043762207031 94.05876159667969 16.933530807495117
			vertex -425.7043762207031 94.05876159667969 17.683530807495117
		endloop
	endfacet
	facet normal 0.7071091685646642 -0.7071043938003704 0
		outer loop
			vertex -426.834228515625 92.92890167236328 16.933530807495117
			vertex -425.7043762207031 94.05876159667969 17.683530807495117
			vertex -426.834228515625 92.92890167236328 17.683530807495117
		endloop
	endfacet
	facet normal 0.7070972316902029 0.7071163305539279 0
		outer loop
			vertex -426.2693176269531 94.62368774414062 17.683530807495117
			vertex -425.7043762207031 94.05876159667969 16.933530807495117
			vertex -426.2693176269531 94.62368774414062 16.933530807495117
		endloop
	endfacet
	facet normal 0.7070972316902029 0.7071163305539279 0
		outer loop
			vertex -426.2693176269531 94.62368774414062 17.683530807495117
			vertex -425.7043762207031 94.05876159667969 17.683530807495117
			vertex -425.7043762207031 94.05876159667969 16.933530807495117
		endloop
	endfacet
	facet normal -0.7071091685646642 0.7071043938003704 0
		outer loop
			vertex -426.2693176269531 94.62368774414062 16.933530807495117
			vertex -427.399169921875 93.49382781982422 16.933530807495117
			vertex -427.399169921875 93.49382781982422 17.683530807495117
		endloop
	endfacet
	facet normal -0.7071091685646642 0.7071043938003704 0
		outer loop
			vertex -426.2693176269531 94.62368774414062 16.933530807495117
			vertex -427.399169921875 93.49382781982422 17.683530807495117
			vertex -426.2693176269531 94.62368774414062 17.683530807495117
		endloop
	endfacet
	facet normal 0 0 -1
		outer loop
			vertex -427.399169921875 93.49382781982422 16.933530807495117
			vertex -426.2693176269531 94.62368774414062 16.933530807495117
			vertex -425.7043762207031 94.05876159667969 16.933530807495117
		endloop
	endfacet
	facet normal 0 0 -1
		outer loop
			vertex -427.399169921875 93.49382781982422 16.933530807495117
			vertex -425.7043762207031 94.05876159667969 16.933530807495117
			vertex -426.834228515625 92.92890167236328 16.933530807495117
		endloop
	endfacet
	facet normal 0 0 1
		outer loop
			vertex -425.7043762207031 94.05876159667969 17.683530807495117
			vertex -427.399169921875 93.49382781982422 17.683530807495117
			vertex -426.834228515625 92.92890167236328 17.683530807495117
		endloop
	endfacet
	facet normal 0 0 1
		outer loop
			vertex -426.2693176269531 94.62368774414062 17.683530807495117
			vertex -427.399169921875 93.49382781982422 17.683530807495117
			vertex -425.7043762207031 94.05876159667969 17.683530807495117
		endloop
	endfacet
	facet normal -0.7071163308118602 -0.7070972314322634 0
		outer loop
			vertex -425.2947998046875 93.49382781982422 16.933530807495117
			vertex -424.7298889160156 92.92890167236328 16.933530807495117
			vertex -424.7298889160156 92.92890167236328 17.683530807495117
		endloop
	endfacet
	facet normal -0.7071163308118602 -0.7070972314322634 0
		outer loop
			vertex -425.2947998046875 93.49382781982422 16.933530807495117
			vertex -424.7298889160156 92.92890167236328 17.683530807495117
			vertex -425.2947998046875 93.49382781982422 17.683530807495117
		endloop
	endfacet
	facet normal 0.7071091685646642 -0.7071043938003704 0
		outer loop
			vertex -424.7298889160156 92.92890167236328 16.933530807495117
			vertex -423.60003662109375 94.05876159667969 16.933530807495117
			vertex -423.60003662109375 94.05876159667969 17.683530807495117
		endloop
	endfacet
	facet normal 0.7071091685646642 -0.7071043938003704 0
		outer loop
			vertex -424.7298889160156 92.92890167236328 16.933530807495117
			vertex -423.60003662109375 94.05876159667969 17.683530807495117
			vertex -424.7298889160156 92.92890167236328 17.683530807495117
		endloop
	endfacet
	facet normal 0.7071163308118602 0.7070972314322634 0
		outer loop
			vertex -424.1649475097656 94.62368774414062 17.683530807495117
			vertex -423.60003662109375 94.05876159667969 16.933530807495117
			vertex -424.1649475097656 94.62368774414062 16.933530807495117
		endloop
	endfacet
	facet normal 0.7071163308118602 0.7070972314322634 0
		outer loop
			vertex -424.1649475097656 94.62368774414062 17.683530807495117
			vertex -423.60003662109375 94.05876159667969 17.683530807495117
			vertex -423.60003662109375 94.05876159667969 16.933530807495117
		endloop
	endfacet
	facet normal -0.7071091685646642 0.7071043938003704 0
		outer loop
			vertex -424.1649475097656 94.62368774414062 16.933530807495117
			vertex -425.2947998046875 93.49382781982422 16.933530807495117
			vertex -425.2947998046875 93.49382781982422 17.683530807495117
		endloop
	endfacet
	facet normal -0.7071091685646642 0.7071043938003704 0
		outer loop
			vertex -424.1649475097656 94.62368774414062 16.933530807495117
			vertex -425.2947998046875 93.49382781982422 17.683530807495117
			vertex -424.1649475097656 94.62368774414062 17.683530807495117
		endloop
	endfacet
	facet normal 0 0 -1
		outer loop
			vertex -425.2947998046875 93.49382781982422 16.933530807495117
			vertex -424.1649475097656 94.62368774414062 16.933530807495117
			vertex -423.60003662109375 94.05876159667969 16.933530807495117
		endloop
	endfacet
	facet normal 0 0 -1
		outer loop
			vertex -425.2947998046875 93.49382781982422 16.933530807495117
			vertex -423.60003662109375 94.05876159667969 16.933530807495117
			vertex -424.7298889160156 92.92890167236328 16.933530807495117
		endloop
	endfacet
	facet normal 0 0 1
		outer loop
			vertex -423.60003662109375 94.05876159667969 17.683530807495117
			vertex -425.2947998046875 93.49382781982422 17.683530807495117
			vertex -424.7298889160156 92.92890167236328 17.683530807495117
		endloop
	endfacet
	facet normal 0 0 1
		outer loop
			vertex -424.1649475097656 94.62368774414062 17.683530807495117
			vertex -425.2947998046875 93.49382781982422 17.683530807495117
			vertex -423.60003662109375 94.05876159667969 17.683530807495117
		endloop
	endfacet
	facet normal -0.7070972316902029 -0.7071163305539279 0
		outer loop
			vertex -423.1904602050781 93.49382781982422 16.933530807495117
			vertex -422.6255187988281 92.92890167236328 16.933530807495117
			vertex -422.6255187988281 92.92890167236328 17.683530807495117
		endloop
	endfacet
	facet normal -0.7070972316902029 -0.7071163305539279 0
		outer loop
			vertex -423.1904602050781 93.49382781982422 16.933530807495117
			vertex -422.6255187988281 92.92890167236328 17.683530807495117
			vertex -423.1904602050781 93.49382781982422 17.683530807495117
		endloop
	endfacet
	facet normal 0.7071091685646642 -0.7071043938003704 0
		outer loop
			vertex -422.6255187988281 92.92890167236328 16.933530807495117
			vertex -421.49566650390625 94.05876159667969 16.933530807495117
			vertex -421.49566650390625 94.05876159667969 17.683530807495117
		endloop
	endfacet
	facet normal 0.7071091685646642 -0.7071043938003704 0
		outer loop
			vertex -422.6255187988281 92.92890167236328 16.933530807495117
			vertex -421.49566650390625 94.05876159667969 17.683530807495117
			vertex -422.6255187988281 92.92890167236328 17.683530807495117
		endloop
	endfacet
	facet normal 0.7070972316902029 0.7071163305539279 0
		outer loop
			vertex -422.06060791015625 94.62368774414062 17.683530807495117
			vertex -421.49566650390625 94.05876159667969 16.933530807495117
			vertex -422.06060791015625 94.62368774414062 16.933530807495117
		endloop
	endfacet
	facet normal 0.7070972316902029 0.7071163305539279 0
		outer loop
			vertex -422.06060791015625 94.62368774414062 17.683530807495117
			vertex -421.49566650390625 94.05876159667969 17.683530807495117
			vertex -421.49566650390625 94.05876159667969 16.933530807495117
		endloop
	endfacet
	facet normal -0.7071091685646642 0.7071043938003704 0
		outer loop
			vertex -422.06060791015625 94.62368774414062 16.933530807495117
			vertex -423.1904602050781 93.49382781982422 16.933530807495117
			vertex -423.1904602050781 93.49382781982422 17.683530807495117
		endloop
	endfacet
	facet normal -0.7071091685646642 0.7071043938003704 0
		outer loop
			vertex -422.06060791015625 94.62368774414062 16.933530807495117
			vertex -423.1904602050781 93.49382781982422 17.683530807495117
			vertex -422.06060791015625 94.62368774414062 17.683530807495117
		endloop
	endfacet
	facet normal 0 0 -1
		outer loop
			vertex -423.1904602050781 93.49382781982422 16.933530807495117
			vertex -422.06060791015625 94.62368774414062 16.933530807495117
			vertex -421.49566650390625 94.05876159667969 16.933530807495117
		endloop
	endfacet
	facet normal 0 0 -1
		outer loop
			vertex -423.1904602050781 93.49382781982422 16.933530807495117
			vertex -421.49566650390625 94.05876159667969 16.933530807495117
			vertex -422.6255187988281 92.92890167236328 16.933530807495117
		endloop
	endfacet
	facet normal 0 0 1
		outer loop
			vertex -421.49566650390625 94.05876159667969 17.683530807495117
			vertex -423.1904602050781 93.49382781982422 17.683530807495117
			vertex -422.6255187988281 92.92890167236328 17.683530807495117
		endloop
	endfacet
	facet normal 0 0 1
		outer loop
			vertex -422.06060791015625 94.62368774414062 17.683530807495117
			vertex -423.1904602050781 93.49382781982422 17.683530807495117
			vertex -421.49566650390625 94.05876159667969 17.683530807495117
		endloop
	endfacet
	facet normal -0.7071163308118602 -0.7070972314322634 0
		outer loop
			vertex -421.1002197265625 93.49382781982422 16.933530807495117
			vertex -420.5353088378906 92.92890167236328 16.933530807495117
			vertex -420.5353088378906 92.92890167236328 17.683530807495117
		endloop
	endfacet
	facet normal -0.7071163308118602 -0.7070972314322634 0
		outer loop
			vertex -421.1002197265625 93.49382781982422 16.933530807495117
			vertex -420.5353088378906 92.92890167236328 17.683530807495117
			vertex -421.1002197265625 93.49382781982422 17.683530807495117
		endloop
	endfacet
	facet normal 0.7071091685646642 -0.7071043938003704 0
		outer loop
			vertex -420.5353088378906 92.92890167236328 16.933530807495117
			vertex -419.40545654296875 94.05876159667969 16.933530807495117
			vertex -419.40545654296875 94.05876159667969 17.683530807495117
		endloop
	endfacet
	facet normal 0.7071091685646642 -0.7071043938003704 0
		outer loop
			vertex -420.5353088378906 92.92890167236328 16.933530807495117
			vertex -419.40545654296875 94.05876159667969 17.683530807495117
			vertex -420.5353088378906 92.92890167236328 17.683530807495117
		endloop
	endfacet
	facet normal 0.7071163308118602 0.7070972314322634 0
		outer loop
			vertex -419.9703674316406 94.62368774414062 17.683530807495117
			vertex -419.40545654296875 94.05876159667969 16.933530807495117
			vertex -419.9703674316406 94.62368774414062 16.933530807495117
		endloop
	endfacet
	facet normal 0.7071163308118602 0.7070972314322634 0
		outer loop
			vertex -419.9703674316406 94.62368774414062 17.683530807495117
			vertex -419.40545654296875 94.05876159667969 17.683530807495117
			vertex -419.40545654296875 94.05876159667969 16.933530807495117
		endloop
	endfacet
	facet normal -0.7071091685646642 0.7071043938003704 0
		outer loop
			vertex -419.9703674316406 94.62368774414062 16.933530807495117
			vertex -421.1002197265625 93.49382781982422 16.933530807495117
			vertex -421.1002197265625 93.49382781982422 17.683530807495117
		endloop
	endfacet
	facet normal -0.7071091685646642 0.7071043938003704 0
		outer loop
			vertex -419.9703674316406 94.62368774414062 16.933530807495117
			vertex -421.1002197265625 93.49382781982422 17.683530807495117
			vertex -419.9703674316406 94.62368774414062 17.683530807495117
		endloop
	endfacet
	facet normal 0 0 -1
		outer loop
			vertex -421.1002197265625 93.49382781982422 16.933530807495117
			vertex -419.9703674316406 94.62368774414062 16.933530807495117
			vertex -419.40545654296875 94.05876159667969 16.933530807495117
		endloop
	endfacet
	facet normal 0 0 -1
		outer loop
			vertex -421.1002197265625 93.49382781982422 16.933530807495117
			vertex -419.40545654296875 94.05876159667969 16.933530807495117
			vertex -420.5353088378906 92.92890167236328 16.933530807495117
		endloop
	endfacet
	facet normal 0 0 1
		outer loop
			vertex -419.40545654296875 94.05876159667969 17.683530807495117
			vertex -421.1002197265625 93.49382781982422 17.683530807495117
			vertex -420.5353088378906 92.92890167236328 17.683530807495117
		endloop
	endfacet
	facet normal 0 0 1
		outer loop
			vertex -419.9703674316406 94.62368774414062 17.683530807495117
			vertex -421.1002197265625 93.49382781982422 17.683530807495117
			vertex -419.40545654296875 94.05876159667969 17.683530807495117
		endloop
	endfacet
	facet normal -0.7070972316902029 -0.7071163305539279 0
		outer loop
			vertex -418.9958801269531 93.49382781982422 16.933530807495117
			vertex -418.4309387207031 92.92890167236328 16.933530807495117
			vertex -418.4309387207031 92.92890167236328 17.683530807495117
		endloop
	endfacet
	facet normal -0.7070972316902029 -0.7071163305539279 0
		outer loop
			vertex -418.9958801269531 93.49382781982422 16.933530807495117
			vertex -418.4309387207031 92.92890167236328 17.683530807495117
			vertex -418.9958801269531 93.49382781982422 17.683530807495117
		endloop
	endfacet
	facet normal 0.7071091685646642 -0.7071043938003704 0
		outer loop
			vertex -418.4309387207031 92.92890167236328 16.933530807495117
			vertex -417.30108642578125 94.05876159667969 16.933530807495117
			vertex -417.30108642578125 94.05876159667969 17.683530807495117
		endloop
	endfacet
	facet normal 0.7071091685646642 -0.7071043938003704 0
		outer loop
			vertex -418.4309387207031 92.92890167236328 16.933530807495117
			vertex -417.30108642578125 94.05876159667969 17.683530807495117
			vertex -418.4309387207031 92.92890167236328 17.683530807495117
		endloop
	endfacet
	facet normal 0.7070972316902029 0.7071163305539279 0
		outer loop
			vertex -417.86602783203125 94.62368774414062 17.683530807495117
			vertex -417.30108642578125 94.05876159667969 16.933530807495117
			vertex -417.86602783203125 94.62368774414062 16.933530807495117
		endloop
	endfacet
	facet normal 0.7070972316902029 0.7071163305539279 0
		outer loop
			vertex -417.86602783203125 94.62368774414062 17.683530807495117
			vertex -417.30108642578125 94.05876159667969 17.683530807495117
			vertex -417.30108642578125 94.05876159667969 16.933530807495117
		endloop
	endfacet
	facet normal -0.7071091685646642 0.7071043938003704 0
		outer loop
			vertex -417.86602783203125 94.62368774414062 16.933530807495117
			vertex -418.9958801269531 93.49382781982422 16.933530807495117
			vertex -418.9958801269531 93.49382781982422 17.683530807495117
		endloop
	endfacet
	facet normal -0.7071091685646642 0.7071043938003704 0
		outer loop
			vertex -417.86602783203125 94.62368774414062 16.933530807495117
			vertex -418.9958801269531 93.49382781982422 17.683530807495117
			vertex -417.86602783203125 94.62368774414062 17.683530807495117
		endloop
	endfacet
	facet normal 0 0 -1
		outer loop
			vertex -418.9958801269531 93.49382781982422 16.933530807495117
			vertex -417.86602783203125 94.62368774414062 16.933530807495117
			vertex -417.30108642578125 94.05876159667969 16.933530807495117
		endloop
	endfacet
	facet normal 0 0 -1
		outer loop
			vertex -418.9958801269531 93.49382781982422 16.933530807495117
			vertex -417.30108642578125 94.05876159667969 16.933530807495117
			vertex -418.4309387207031 92.92890167236328 16.933530807495117
		endloop
	endfacet
	facet normal 0 0 1
		outer loop
			vertex -417.30108642578125 94.05876159667969 17.683530807495117
			vertex -418.9958801269531 93.49382781982422 17.683530807495117
			vertex -418.4309387207031 92.92890167236328 17.683530807495117
		endloop
	endfacet
	facet normal 0 0 1
		outer loop
			vertex -417.86602783203125 94.62368774414062 17.683530807495117
			vertex -418.9958801269531 93.49382781982422 17.683530807495117
			vertex -417.30108642578125 94.05876159667969 17.683530807495117
		endloop
	endfacet
	facet normal -0.7071163308118602 -0.7070972314322634 0
		outer loop
			vertex -416.8915100097656 93.49382781982422 16.933530807495117
			vertex -416.32659912109375 92.92890167236328 16.933530807495117
			vertex -416.32659912109375 92.92890167236328 17.683530807495117
		endloop
	endfacet
	facet normal -0.7071163308118602 -0.7070972314322634 0
		outer loop
			vertex -416.8915100097656 93.49382781982422 16.933530807495117
			vertex -416.32659912109375 92.92890167236328 17.683530807495117
			vertex -416.8915100097656 93.49382781982422 17.683530807495117
		endloop
	endfacet
	facet normal 0.7071091685646642 -0.7071043938003704 0
		outer loop
			vertex -416.32659912109375 92.92890167236328 16.933530807495117
			vertex -415.1967468261719 94.05876159667969 16.933530807495117
			vertex -415.1967468261719 94.05876159667969 17.683530807495117
		endloop
	endfacet
	facet normal 0.7071091685646642 -0.7071043938003704 0
		outer loop
			vertex -416.32659912109375 92.92890167236328 16.933530807495117
			vertex -415.1967468261719 94.05876159667969 17.683530807495117
			vertex -416.32659912109375 92.92890167236328 17.683530807495117
		endloop
	endfacet
	facet normal 0.7071163308118602 0.7070972314322634 0
		outer loop
			vertex -415.76165771484375 94.62368774414062 17.683530807495117
			vertex -415.1967468261719 94.05876159667969 16.933530807495117
			vertex -415.76165771484375 94.62368774414062 16.933530807495117
		endloop
	endfacet
	facet normal 0.7071163308118602 0.7070972314322634 0
		outer loop
			vertex -415.76165771484375 94.62368774414062 17.683530807495117
			vertex -415.1967468261719 94.05876159667969 17.683530807495117
			vertex -415.1967468261719 94.05876159667969 16.933530807495117
		endloop
	endfacet
	facet normal -0.7071091685646642 0.7071043938003704 0
		outer loop
			vertex -415.76165771484375 94.62368774414062 16.933530807495117
			vertex -416.8915100097656 93.49382781982422 16.933530807495117
			vertex -416.8915100097656 93.49382781982422 17.683530807495117
		endloop
	endfacet
	facet normal -0.7071091685646642 0.7071043938003704 0
		outer loop
			vertex -415.76165771484375 94.62368774414062 16.933530807495117
			vertex -416.8915100097656 93.49382781982422 17.683530807495117
			vertex -415.76165771484375 94.62368774414062 17.683530807495117
		endloop
	endfacet
	facet normal 0 0 -1
		outer loop
			vertex -416.8915100097656 93.49382781982422 16.933530807495117
			vertex -415.76165771484375 94.62368774414062 16.933530807495117
			vertex -415.1967468261719 94.05876159667969 16.933530807495117
		endloop
	endfacet
	facet normal 0 0 -1
		outer loop
			vertex -416.8915100097656 93.49382781982422 16.933530807495117
			vertex -415.1967468261719 94.05876159667969 16.933530807495117
			vertex -416.32659912109375 92.92890167236328 16.933530807495117
		endloop
	endfacet
	facet normal 0 0 1
		outer loop
			vertex -415.1967468261719 94.05876159667969 17.683530807495117
			vertex -416.8915100097656 93.49382781982422 17.683530807495117
			vertex -416.32659912109375 92.92890167236328 17.683530807495117
		endloop
	endfacet
	facet normal 0 0 1
		outer loop
			vertex -415.76165771484375 94.62368774414062 17.683530807495117
			vertex -416.8915100097656 93.49382781982422 17.683530807495117
			vertex -415.1967468261719 94.05876159667969 17.683530807495117
		endloop
	endfacet
	facet normal -0.7070972316902029 -0.7071163305539279 0
		outer loop
			vertex -414.78717041015625 93.49382781982422 16.933530807495117
			vertex -414.22222900390625 92.92890167236328 16.933530807495117
			vertex -414.22222900390625 92.92890167236328 17.683530807495117
		endloop
	endfacet
	facet normal -0.7070972316902029 -0.7071163305539279 0
		outer loop
			vertex -414.78717041015625 93.49382781982422 16.933530807495117
			vertex -414.22222900390625 92.92890167236328 17.683530807495117
			vertex -414.78717041015625 93.49382781982422 17.683530807495117
		endloop
	endfacet
	facet normal 0.7071091685646642 -0.7071043938003704 0
		outer loop
			vertex -414.22222900390625 92.92890167236328 16.933530807495117
			vertex -413.0923767089844 94.05876159667969 16.933530807495117
			vertex -413.0923767089844 94.05876159667969 17.683530807495117
		endloop
	endfacet
	facet normal 0.7071091685646642 -0.7071043938003704 0
		outer loop
			vertex -414.22222900390625 92.92890167236328 16.933530807495117
			vertex -413.0923767089844 94.05876159667969 17.683530807495117
			vertex -414.22222900390625 92.92890167236328 17.683530807495117
		endloop
	endfacet
	facet normal 0.7070972316902029 0.7071163305539279 0
		outer loop
			vertex -413.6573181152344 94.62368774414062 17.683530807495117
			vertex -413.0923767089844 94.05876159667969 16.933530807495117
			vertex -413.6573181152344 94.62368774414062 16.933530807495117
		endloop
	endfacet
	facet normal 0.7070972316902029 0.7071163305539279 0
		outer loop
			vertex -413.6573181152344 94.62368774414062 17.683530807495117
			vertex -413.0923767089844 94.05876159667969 17.683530807495117
			vertex -413.0923767089844 94.05876159667969 16.933530807495117
		endloop
	endfacet
	facet normal -0.7071091685646642 0.7071043938003704 0
		outer loop
			vertex -413.6573181152344 94.62368774414062 16.933530807495117
			vertex -414.78717041015625 93.49382781982422 16.933530807495117
			vertex -414.78717041015625 93.49382781982422 17.683530807495117
		endloop
	endfacet
	facet normal -0.7071091685646642 0.7071043938003704 0
		outer loop
			vertex -413.6573181152344 94.62368774414062 16.933530807495117
			vertex -414.78717041015625 93.49382781982422 17.683530807495117
			vertex -413.6573181152344 94.62368774414062 17.683530807495117
		endloop
	endfacet
	facet normal 0 0 -1
		outer loop
			vertex -414.78717041015625 93.49382781982422 16.933530807495117
			vertex -413.6573181152344 94.62368774414062 16.933530807495117
			vertex -413.0923767089844 94.05876159667969 16.933530807495117
		endloop
	endfacet
	facet normal 0 0 -1
		outer loop
			vertex -414.78717041015625 93.49382781982422 16.933530807495117
			vertex -413.0923767089844 94.05876159667969 16.933530807495117
			vertex -414.22222900390625 92.92890167236328 16.933530807495117
		endloop
	endfacet
	facet normal 0 0 1
		outer loop
			vertex -413.0923767089844 94.05876159667969 17.683530807495117
			vertex -414.78717041015625 93.49382781982422 17.683530807495117
			vertex -414.22222900390625 92.92890167236328 17.683530807495117
		endloop
	endfacet
	facet normal 0 0 1
		outer loop
			vertex -413.6573181152344 94.62368774414062 17.683530807495117
			vertex -414.78717041015625 93.49382781982422 17.683530807495117
			vertex -413.0923767089844 94.05876159667969 17.683530807495117
		endloop
	endfacet
	facet normal -0.7071163308118602 -0.7070972314322634 0
		outer loop
			vertex -412.6969299316406 93.49382781982422 16.933530807495117
			vertex -412.13201904296875 92.92890167236328 16.933530807495117
			vertex -412.13201904296875 92.92890167236328 17.683530807495117
		endloop
	endfacet
	facet normal -0.7071163308118602 -0.7070972314322634 0
		outer loop
			vertex -412.6969299316406 93.49382781982422 16.933530807495117
			vertex -412.13201904296875 92.92890167236328 17.683530807495117
			vertex -412.6969299316406 93.49382781982422 17.683530807495117
		endloop
	endfacet
	facet normal 0.7070996191005601 -0.7071139431999929 0
		outer loop
			vertex -412.13201904296875 92.92890167236328 16.933530807495117
			vertex -411.00213623046875 94.05876159667969 16.933530807495117
			vertex -411.00213623046875 94.05876159667969 17.683530807495117
		endloop
	endfacet
	facet normal 0.7070996191005601 -0.7071139431999929 0
		outer loop
			vertex -412.13201904296875 92.92890167236328 16.933530807495117
			vertex -411.00213623046875 94.05876159667969 17.683530807495117
			vertex -412.13201904296875 92.92890167236328 17.683530807495117
		endloop
	endfacet
	facet normal 0.7070972316902029 0.7071163305539279 0
		outer loop
			vertex -411.56707763671875 94.62368774414062 17.683530807495117
			vertex -411.00213623046875 94.05876159667969 16.933530807495117
			vertex -411.56707763671875 94.62368774414062 16.933530807495117
		endloop
	endfacet
	facet normal 0.7070972316902029 0.7071163305539279 0
		outer loop
			vertex -411.56707763671875 94.62368774414062 17.683530807495117
			vertex -411.00213623046875 94.05876159667969 17.683530807495117
			vertex -411.00213623046875 94.05876159667969 16.933530807495117
		endloop
	endfacet
	facet normal -0.7071091685646642 0.7071043938003704 0
		outer loop
			vertex -411.56707763671875 94.62368774414062 16.933530807495117
			vertex -412.6969299316406 93.49382781982422 16.933530807495117
			vertex -412.6969299316406 93.49382781982422 17.683530807495117
		endloop
	endfacet
	facet normal -0.7071091685646642 0.7071043938003704 0
		outer loop
			vertex -411.56707763671875 94.62368774414062 16.933530807495117
			vertex -412.6969299316406 93.49382781982422 17.683530807495117
			vertex -411.56707763671875 94.62368774414062 17.683530807495117
		endloop
	endfacet
	facet normal 0 0 -1
		outer loop
			vertex -412.6969299316406 93.49382781982422 16.933530807495117
			vertex -411.56707763671875 94.62368774414062 16.933530807495117
			vertex -411.00213623046875 94.05876159667969 16.933530807495117
		endloop
	endfacet
	facet normal 0 0 -1
		outer loop
			vertex -412.6969299316406 93.49382781982422 16.933530807495117
			vertex -411.00213623046875 94.05876159667969 16.933530807495117
			vertex -412.13201904296875 92.92890167236328 16.933530807495117
		endloop
	endfacet
	facet normal 0 0 1
		outer loop
			vertex -411.00213623046875 94.05876159667969 17.683530807495117
			vertex -412.6969299316406 93.49382781982422 17.683530807495117
			vertex -412.13201904296875 92.92890167236328 17.683530807495117
		endloop
	endfacet
	facet normal 0 0 1
		outer loop
			vertex -411.56707763671875 94.62368774414062 17.683530807495117
			vertex -412.6969299316406 93.49382781982422 17.683530807495117
			vertex -411.00213623046875 94.05876159667969 17.683530807495117
		endloop
	endfacet
	facet normal -0.7071163308118602 -0.7070972314322634 0
		outer loop
			vertex -410.5925598144531 93.49382781982422 16.933530807495117
			vertex -410.02764892578125 92.92890167236328 16.933530807495117
			vertex -410.02764892578125 92.92890167236328 17.683530807495117
		endloop
	endfacet
	facet normal -0.7071163308118602 -0.7070972314322634 0
		outer loop
			vertex -410.5925598144531 93.49382781982422 16.933530807495117
			vertex -410.02764892578125 92.92890167236328 17.683530807495117
			vertex -410.5925598144531 93.49382781982422 17.683530807495117
		endloop
	endfacet
	facet normal 0.7071091685646642 -0.7071043938003704 0
		outer loop
			vertex -410.02764892578125 92.92890167236328 16.933530807495117
			vertex -408.8977966308594 94.05876159667969 16.933530807495117
			vertex -408.8977966308594 94.05876159667969 17.683530807495117
		endloop
	endfacet
	facet normal 0.7071091685646642 -0.7071043938003704 0
		outer loop
			vertex -410.02764892578125 92.92890167236328 16.933530807495117
			vertex -408.8977966308594 94.05876159667969 17.683530807495117
			vertex -410.02764892578125 92.92890167236328 17.683530807495117
		endloop
	endfacet
	facet normal 0.7071163308118602 0.7070972314322634 0
		outer loop
			vertex -409.46270751953125 94.62368774414062 17.683530807495117
			vertex -408.8977966308594 94.05876159667969 16.933530807495117
			vertex -409.46270751953125 94.62368774414062 16.933530807495117
		endloop
	endfacet
	facet normal 0.7071163308118602 0.7070972314322634 0
		outer loop
			vertex -409.46270751953125 94.62368774414062 17.683530807495117
			vertex -408.8977966308594 94.05876159667969 17.683530807495117
			vertex -408.8977966308594 94.05876159667969 16.933530807495117
		endloop
	endfacet
	facet normal -0.7071091685646642 0.7071043938003704 0
		outer loop
			vertex -409.46270751953125 94.62368774414062 16.933530807495117
			vertex -410.5925598144531 93.49382781982422 16.933530807495117
			vertex -410.5925598144531 93.49382781982422 17.683530807495117
		endloop
	endfacet
	facet normal -0.7071091685646642 0.7071043938003704 0
		outer loop
			vertex -409.46270751953125 94.62368774414062 16.933530807495117
			vertex -410.5925598144531 93.49382781982422 17.683530807495117
			vertex -409.46270751953125 94.62368774414062 17.683530807495117
		endloop
	endfacet
	facet normal 0 0 -1
		outer loop
			vertex -410.5925598144531 93.49382781982422 16.933530807495117
			vertex -409.46270751953125 94.62368774414062 16.933530807495117
			vertex -408.8977966308594 94.05876159667969 16.933530807495117
		endloop
	endfacet
	facet normal 0 0 -1
		outer loop
			vertex -410.5925598144531 93.49382781982422 16.933530807495117
			vertex -408.8977966308594 94.05876159667969 16.933530807495117
			vertex -410.02764892578125 92.92890167236328 16.933530807495117
		endloop
	endfacet
	facet normal 0 0 1
		outer loop
			vertex -408.8977966308594 94.05876159667969 17.683530807495117
			vertex -410.5925598144531 93.49382781982422 17.683530807495117
			vertex -410.02764892578125 92.92890167236328 17.683530807495117
		endloop
	endfacet
	facet normal 0 0 1
		outer loop
			vertex -409.46270751953125 94.62368774414062 17.683530807495117
			vertex -410.5925598144531 93.49382781982422 17.683530807495117
			vertex -408.8977966308594 94.05876159667969 17.683530807495117
		endloop
	endfacet
	facet normal -0.7071163308118602 -0.7070972314322634 0
		outer loop
			vertex -408.48822021484375 93.49382781982422 16.933530807495117
			vertex -407.9233093261719 92.92890167236328 16.933530807495117
			vertex -407.9233093261719 92.92890167236328 17.683530807495117
		endloop
	endfacet
	facet normal -0.7071163308118602 -0.7070972314322634 0
		outer loop
			vertex -408.48822021484375 93.49382781982422 16.933530807495117
			vertex -407.9233093261719 92.92890167236328 17.683530807495117
			vertex -408.48822021484375 93.49382781982422 17.683530807495117
		endloop
	endfacet
	facet normal 0.7071091685646642 -0.7071043938003704 0
		outer loop
			vertex -407.9233093261719 92.92890167236328 16.933530807495117
			vertex -406.79345703125 94.05876159667969 16.933530807495117
			vertex -406.79345703125 94.05876159667969 17.683530807495117
		endloop
	endfacet
	facet normal 0.7071091685646642 -0.7071043938003704 0
		outer loop
			vertex -407.9233093261719 92.92890167236328 16.933530807495117
			vertex -406.79345703125 94.05876159667969 17.683530807495117
			vertex -407.9233093261719 92.92890167236328 17.683530807495117
		endloop
	endfacet
	facet normal 0.7071163308118602 0.7070972314322634 0
		outer loop
			vertex -407.3583679199219 94.62368774414062 17.683530807495117
			vertex -406.79345703125 94.05876159667969 16.933530807495117
			vertex -407.3583679199219 94.62368774414062 16.933530807495117
		endloop
	endfacet
	facet normal 0.7071163308118602 0.7070972314322634 0
		outer loop
			vertex -407.3583679199219 94.62368774414062 17.683530807495117
			vertex -406.79345703125 94.05876159667969 17.683530807495117
			vertex -406.79345703125 94.05876159667969 16.933530807495117
		endloop
	endfacet
	facet normal -0.7071091685646642 0.7071043938003704 0
		outer loop
			vertex -407.3583679199219 94.62368774414062 16.933530807495117
			vertex -408.48822021484375 93.49382781982422 16.933530807495117
			vertex -408.48822021484375 93.49382781982422 17.683530807495117
		endloop
	endfacet
	facet normal -0.7071091685646642 0.7071043938003704 0
		outer loop
			vertex -407.3583679199219 94.62368774414062 16.933530807495117
			vertex -408.48822021484375 93.49382781982422 17.683530807495117
			vertex -407.3583679199219 94.62368774414062 17.683530807495117
		endloop
	endfacet
	facet normal 0 0 -1
		outer loop
			vertex -408.48822021484375 93.49382781982422 16.933530807495117
			vertex -407.3583679199219 94.62368774414062 16.933530807495117
			vertex -406.79345703125 94.05876159667969 16.933530807495117
		endloop
	endfacet
	facet normal 0 0 -1
		outer loop
			vertex -408.48822021484375 93.49382781982422 16.933530807495117
			vertex -406.79345703125 94.05876159667969 16.933530807495117
			vertex -407.9233093261719 92.92890167236328 16.933530807495117
		endloop
	endfacet
	facet normal 0 0 1
		outer loop
			vertex -406.79345703125 94.05876159667969 17.683530807495117
			vertex -408.48822021484375 93.49382781982422 17.683530807495117
			vertex -407.9233093261719 92.92890167236328 17.683530807495117
		endloop
	endfacet
	facet normal 0 0 1
		outer loop
			vertex -407.3583679199219 94.62368774414062 17.683530807495117
			vertex -408.48822021484375 93.49382781982422 17.683530807495117
			vertex -406.79345703125 94.05876159667969 17.683530807495117
		endloop
	endfacet
	facet normal -0.7070972316902029 -0.7071163305539279 0
		outer loop
			vertex -433.6981201171875 95.49932098388672 16.933530807495117
			vertex -433.1331787109375 94.93439483642578 16.933530807495117
			vertex -433.1331787109375 94.93439483642578 17.683530807495117
		endloop
	endfacet
	facet normal -0.7070972316902029 -0.7071163305539279 0
		outer loop
			vertex -433.6981201171875 95.49932098388672 16.933530807495117
			vertex -433.1331787109375 94.93439483642578 17.683530807495117
			vertex -433.6981201171875 95.49932098388672 17.683530807495117
		endloop
	endfacet
	facet normal 0.7071067811865476 -0.7071067811865476 0
		outer loop
			vertex -433.1331787109375 94.93439483642578 16.933530807495117
			vertex -432.0033264160156 96.06424713134766 16.933530807495117
			vertex -432.0033264160156 96.06424713134766 17.683530807495117
		endloop
	endfacet
	facet normal 0.7071067811865476 -0.7071067811865476 0
		outer loop
			vertex -433.1331787109375 94.93439483642578 16.933530807495117
			vertex -432.0033264160156 96.06424713134766 17.683530807495117
			vertex -433.1331787109375 94.93439483642578 17.683530807495117
		endloop
	endfacet
	facet normal 0.7071211054794246 0.7070924566034886 0
		outer loop
			vertex -432.5682373046875 96.62918090820312 17.683530807495117
			vertex -432.0033264160156 96.06424713134766 16.933530807495117
			vertex -432.5682373046875 96.62918090820312 16.933530807495117
		endloop
	endfacet
	facet normal 0.7071211054794246 0.7070924566034886 0
		outer loop
			vertex -432.5682373046875 96.62918090820312 17.683530807495117
			vertex -432.0033264160156 96.06424713134766 17.683530807495117
			vertex -432.0033264160156 96.06424713134766 16.933530807495117
		endloop
	endfacet
	facet normal -0.7070996191005601 0.7071139431999929 0
		outer loop
			vertex -432.5682373046875 96.62918090820312 16.933530807495117
			vertex -433.6981201171875 95.49932098388672 16.933530807495117
			vertex -433.6981201171875 95.49932098388672 17.683530807495117
		endloop
	endfacet
	facet normal -0.7070996191005601 0.7071139431999929 0
		outer loop
			vertex -432.5682373046875 96.62918090820312 16.933530807495117
			vertex -433.6981201171875 95.49932098388672 17.683530807495117
			vertex -432.5682373046875 96.62918090820312 17.683530807495117
		endloop
	endfacet
	facet normal 0 0 -1
		outer loop
			vertex -433.6981201171875 95.49932098388672 16.933530807495117
			vertex -432.5682373046875 96.62918090820312 16.933530807495117
			vertex -432.0033264160156 96.06424713134766 16.933530807495117
		endloop
	endfacet
	facet normal 0 0 -1
		outer loop
			vertex -433.6981201171875 95.49932098388672 16.933530807495117
			vertex -432.0033264160156 96.06424713134766 16.933530807495117
			vertex -433.1331787109375 94.93439483642578 16.933530807495117
		endloop
	endfacet
	facet normal 0 0 1
		outer loop
			vertex -432.0033264160156 96.06424713134766 17.683530807495117
			vertex -433.6981201171875 95.49932098388672 17.683530807495117
			vertex -433.1331787109375 94.93439483642578 17.683530807495117
		endloop
	endfacet
	facet normal 0 0 1
		outer loop
			vertex -432.5682373046875 96.62918090820312 17.683530807495117
			vertex -433.6981201171875 95.49932098388672 17.683530807495117
			vertex -432.0033264160156 96.06424713134766 17.683530807495117
		endloop
	endfacet
	facet normal -0.7070972316902029 -0.7071163305539279 0
		outer loop
			vertex -431.59375 95.49932098388672 16.933530807495117
			vertex -431.02880859375 94.93439483642578 16.933530807495117
			vertex -431.02880859375 94.93439483642578 17.683530807495117
		endloop
	endfacet
	facet normal -0.7070972316902029 -0.7071163305539279 0
		outer loop
			vertex -431.59375 95.49932098388672 16.933530807495117
			vertex -431.02880859375 94.93439483642578 17.683530807495117
			vertex -431.59375 95.49932098388672 17.683530807495117
		endloop
	endfacet
	facet normal 0.7071067811865476 -0.7071067811865476 0
		outer loop
			vertex -431.02880859375 94.93439483642578 16.933530807495117
			vertex -429.8989562988281 96.06424713134766 16.933530807495117
			vertex -429.8989562988281 96.06424713134766 17.683530807495117
		endloop
	endfacet
	facet normal 0.7071067811865476 -0.7071067811865476 0
		outer loop
			vertex -431.02880859375 94.93439483642578 16.933530807495117
			vertex -429.8989562988281 96.06424713134766 17.683530807495117
			vertex -431.02880859375 94.93439483642578 17.683530807495117
		endloop
	endfacet
	facet normal 0.7071020064867365 0.7071115558541179 0
		outer loop
			vertex -430.4638977050781 96.62918090820312 17.683530807495117
			vertex -429.8989562988281 96.06424713134766 16.933530807495117
			vertex -430.4638977050781 96.62918090820312 16.933530807495117
		endloop
	endfacet
	facet normal 0.7071020064867365 0.7071115558541179 0
		outer loop
			vertex -430.4638977050781 96.62918090820312 17.683530807495117
			vertex -429.8989562988281 96.06424713134766 17.683530807495117
			vertex -429.8989562988281 96.06424713134766 16.933530807495117
		endloop
	endfacet
	facet normal -0.7071091685646642 0.7071043938003704 0
		outer loop
			vertex -430.4638977050781 96.62918090820312 16.933530807495117
			vertex -431.59375 95.49932098388672 16.933530807495117
			vertex -431.59375 95.49932098388672 17.683530807495117
		endloop
	endfacet
	facet normal -0.7071091685646642 0.7071043938003704 0
		outer loop
			vertex -430.4638977050781 96.62918090820312 16.933530807495117
			vertex -431.59375 95.49932098388672 17.683530807495117
			vertex -430.4638977050781 96.62918090820312 17.683530807495117
		endloop
	endfacet
	facet normal 0 0 -1
		outer loop
			vertex -431.59375 95.49932098388672 16.933530807495117
			vertex -430.4638977050781 96.62918090820312 16.933530807495117
			vertex -429.8989562988281 96.06424713134766 16.933530807495117
		endloop
	endfacet
	facet normal 0 0 -1
		outer loop
			vertex -431.59375 95.49932098388672 16.933530807495117
			vertex -429.8989562988281 96.06424713134766 16.933530807495117
			vertex -431.02880859375 94.93439483642578 16.933530807495117
		endloop
	endfacet
	facet normal 0 0 1
		outer loop
			vertex -429.8989562988281 96.06424713134766 17.683530807495117
			vertex -431.59375 95.49932098388672 17.683530807495117
			vertex -431.02880859375 94.93439483642578 17.683530807495117
		endloop
	endfacet
	facet normal 0 0 1
		outer loop
			vertex -430.4638977050781 96.62918090820312 17.683530807495117
			vertex -431.59375 95.49932098388672 17.683530807495117
			vertex -429.8989562988281 96.06424713134766 17.683530807495117
		endloop
	endfacet
	facet normal -0.7070972316902029 -0.7071163305539279 0
		outer loop
			vertex -429.4894104003906 95.49932098388672 16.933530807495117
			vertex -428.9244689941406 94.93439483642578 16.933530807495117
			vertex -428.9244689941406 94.93439483642578 17.683530807495117
		endloop
	endfacet
	facet normal -0.7070972316902029 -0.7071163305539279 0
		outer loop
			vertex -429.4894104003906 95.49932098388672 16.933530807495117
			vertex -428.9244689941406 94.93439483642578 17.683530807495117
			vertex -429.4894104003906 95.49932098388672 17.683530807495117
		endloop
	endfacet
	facet normal 0.7071067811865476 -0.7071067811865476 0
		outer loop
			vertex -428.9244689941406 94.93439483642578 16.933530807495117
			vertex -427.79461669921875 96.06424713134766 16.933530807495117
			vertex -427.79461669921875 96.06424713134766 17.683530807495117
		endloop
	endfacet
	facet normal 0.7071067811865476 -0.7071067811865476 0
		outer loop
			vertex -428.9244689941406 94.93439483642578 16.933530807495117
			vertex -427.79461669921875 96.06424713134766 17.683530807495117
			vertex -428.9244689941406 94.93439483642578 17.683530807495117
		endloop
	endfacet
	facet normal 0.7071211054794246 0.7070924566034886 0
		outer loop
			vertex -428.3595275878906 96.62918090820312 17.683530807495117
			vertex -427.79461669921875 96.06424713134766 16.933530807495117
			vertex -428.3595275878906 96.62918090820312 16.933530807495117
		endloop
	endfacet
	facet normal 0.7071211054794246 0.7070924566034886 0
		outer loop
			vertex -428.3595275878906 96.62918090820312 17.683530807495117
			vertex -427.79461669921875 96.06424713134766 17.683530807495117
			vertex -427.79461669921875 96.06424713134766 16.933530807495117
		endloop
	endfacet
	facet normal -0.7070996191005601 0.7071139431999929 0
		outer loop
			vertex -428.3595275878906 96.62918090820312 16.933530807495117
			vertex -429.4894104003906 95.49932098388672 16.933530807495117
			vertex -429.4894104003906 95.49932098388672 17.683530807495117
		endloop
	endfacet
	facet normal -0.7070996191005601 0.7071139431999929 0
		outer loop
			vertex -428.3595275878906 96.62918090820312 16.933530807495117
			vertex -429.4894104003906 95.49932098388672 17.683530807495117
			vertex -428.3595275878906 96.62918090820312 17.683530807495117
		endloop
	endfacet
	facet normal 0 0 -1
		outer loop
			vertex -429.4894104003906 95.49932098388672 16.933530807495117
			vertex -428.3595275878906 96.62918090820312 16.933530807495117
			vertex -427.79461669921875 96.06424713134766 16.933530807495117
		endloop
	endfacet
	facet normal 0 0 -1
		outer loop
			vertex -429.4894104003906 95.49932098388672 16.933530807495117
			vertex -427.79461669921875 96.06424713134766 16.933530807495117
			vertex -428.9244689941406 94.93439483642578 16.933530807495117
		endloop
	endfacet
	facet normal 0 0 1
		outer loop
			vertex -427.79461669921875 96.06424713134766 17.683530807495117
			vertex -429.4894104003906 95.49932098388672 17.683530807495117
			vertex -428.9244689941406 94.93439483642578 17.683530807495117
		endloop
	endfacet
	facet normal 0 0 1
		outer loop
			vertex -428.3595275878906 96.62918090820312 17.683530807495117
			vertex -429.4894104003906 95.49932098388672 17.683530807495117
			vertex -427.79461669921875 96.06424713134766 17.683530807495117
		endloop
	endfacet
	facet normal -0.7070972316902029 -0.7071163305539279 0
		outer loop
			vertex -427.399169921875 95.49932098388672 16.933530807495117
			vertex -426.834228515625 94.93439483642578 16.933530807495117
			vertex -426.834228515625 94.93439483642578 17.683530807495117
		endloop
	endfacet
	facet normal -0.7070972316902029 -0.7071163305539279 0
		outer loop
			vertex -427.399169921875 95.49932098388672 16.933530807495117
			vertex -426.834228515625 94.93439483642578 17.683530807495117
			vertex -427.399169921875 95.49932098388672 17.683530807495117
		endloop
	endfacet
	facet normal 0.7071067811865476 -0.7071067811865476 0
		outer loop
			vertex -426.834228515625 94.93439483642578 16.933530807495117
			vertex -425.7043762207031 96.06424713134766 16.933530807495117
			vertex -425.7043762207031 96.06424713134766 17.683530807495117
		endloop
	endfacet
	facet normal 0.7071067811865476 -0.7071067811865476 0
		outer loop
			vertex -426.834228515625 94.93439483642578 16.933530807495117
			vertex -425.7043762207031 96.06424713134766 17.683530807495117
			vertex -426.834228515625 94.93439483642578 17.683530807495117
		endloop
	endfacet
	facet normal 0.7071020064867365 0.7071115558541179 0
		outer loop
			vertex -426.2693176269531 96.62918090820312 17.683530807495117
			vertex -425.7043762207031 96.06424713134766 16.933530807495117
			vertex -426.2693176269531 96.62918090820312 16.933530807495117
		endloop
	endfacet
	facet normal 0.7071020064867365 0.7071115558541179 0
		outer loop
			vertex -426.2693176269531 96.62918090820312 17.683530807495117
			vertex -425.7043762207031 96.06424713134766 17.683530807495117
			vertex -425.7043762207031 96.06424713134766 16.933530807495117
		endloop
	endfacet
	facet normal -0.7071091685646642 0.7071043938003704 0
		outer loop
			vertex -426.2693176269531 96.62918090820312 16.933530807495117
			vertex -427.399169921875 95.49932098388672 16.933530807495117
			vertex -427.399169921875 95.49932098388672 17.683530807495117
		endloop
	endfacet
	facet normal -0.7071091685646642 0.7071043938003704 0
		outer loop
			vertex -426.2693176269531 96.62918090820312 16.933530807495117
			vertex -427.399169921875 95.49932098388672 17.683530807495117
			vertex -426.2693176269531 96.62918090820312 17.683530807495117
		endloop
	endfacet
	facet normal 0 0 -1
		outer loop
			vertex -427.399169921875 95.49932098388672 16.933530807495117
			vertex -426.2693176269531 96.62918090820312 16.933530807495117
			vertex -425.7043762207031 96.06424713134766 16.933530807495117
		endloop
	endfacet
	facet normal 0 0 -1
		outer loop
			vertex -427.399169921875 95.49932098388672 16.933530807495117
			vertex -425.7043762207031 96.06424713134766 16.933530807495117
			vertex -426.834228515625 94.93439483642578 16.933530807495117
		endloop
	endfacet
	facet normal 0 0 1
		outer loop
			vertex -425.7043762207031 96.06424713134766 17.683530807495117
			vertex -427.399169921875 95.49932098388672 17.683530807495117
			vertex -426.834228515625 94.93439483642578 17.683530807495117
		endloop
	endfacet
	facet normal 0 0 1
		outer loop
			vertex -426.2693176269531 96.62918090820312 17.683530807495117
			vertex -427.399169921875 95.49932098388672 17.683530807495117
			vertex -425.7043762207031 96.06424713134766 17.683530807495117
		endloop
	endfacet
	facet normal -0.7071163308118602 -0.7070972314322634 0
		outer loop
			vertex -425.2947998046875 95.49932098388672 16.933530807495117
			vertex -424.7298889160156 94.93439483642578 16.933530807495117
			vertex -424.7298889160156 94.93439483642578 17.683530807495117
		endloop
	endfacet
	facet normal -0.7071163308118602 -0.7070972314322634 0
		outer loop
			vertex -425.2947998046875 95.49932098388672 16.933530807495117
			vertex -424.7298889160156 94.93439483642578 17.683530807495117
			vertex -425.2947998046875 95.49932098388672 17.683530807495117
		endloop
	endfacet
	facet normal 0.7071067811865476 -0.7071067811865476 0
		outer loop
			vertex -424.7298889160156 94.93439483642578 16.933530807495117
			vertex -423.60003662109375 96.06424713134766 16.933530807495117
			vertex -423.60003662109375 96.06424713134766 17.683530807495117
		endloop
	endfacet
	facet normal 0.7071067811865476 -0.7071067811865476 0
		outer loop
			vertex -424.7298889160156 94.93439483642578 16.933530807495117
			vertex -423.60003662109375 96.06424713134766 17.683530807495117
			vertex -424.7298889160156 94.93439483642578 17.683530807495117
		endloop
	endfacet
	facet normal 0.7071211054794246 0.7070924566034886 0
		outer loop
			vertex -424.1649475097656 96.62918090820312 17.683530807495117
			vertex -423.60003662109375 96.06424713134766 16.933530807495117
			vertex -424.1649475097656 96.62918090820312 16.933530807495117
		endloop
	endfacet
	facet normal 0.7071211054794246 0.7070924566034886 0
		outer loop
			vertex -424.1649475097656 96.62918090820312 17.683530807495117
			vertex -423.60003662109375 96.06424713134766 17.683530807495117
			vertex -423.60003662109375 96.06424713134766 16.933530807495117
		endloop
	endfacet
	facet normal -0.7071091685646642 0.7071043938003704 0
		outer loop
			vertex -424.1649475097656 96.62918090820312 16.933530807495117
			vertex -425.2947998046875 95.49932098388672 16.933530807495117
			vertex -425.2947998046875 95.49932098388672 17.683530807495117
		endloop
	endfacet
	facet normal -0.7071091685646642 0.7071043938003704 0
		outer loop
			vertex -424.1649475097656 96.62918090820312 16.933530807495117
			vertex -425.2947998046875 95.49932098388672 17.683530807495117
			vertex -424.1649475097656 96.62918090820312 17.683530807495117
		endloop
	endfacet
	facet normal 0 0 -1
		outer loop
			vertex -425.2947998046875 95.49932098388672 16.933530807495117
			vertex -424.1649475097656 96.62918090820312 16.933530807495117
			vertex -423.60003662109375 96.06424713134766 16.933530807495117
		endloop
	endfacet
	facet normal 0 0 -1
		outer loop
			vertex -425.2947998046875 95.49932098388672 16.933530807495117
			vertex -423.60003662109375 96.06424713134766 16.933530807495117
			vertex -424.7298889160156 94.93439483642578 16.933530807495117
		endloop
	endfacet
	facet normal 0 0 1
		outer loop
			vertex -423.60003662109375 96.06424713134766 17.683530807495117
			vertex -425.2947998046875 95.49932098388672 17.683530807495117
			vertex -424.7298889160156 94.93439483642578 17.683530807495117
		endloop
	endfacet
	facet normal 0 0 1
		outer loop
			vertex -424.1649475097656 96.62918090820312 17.683530807495117
			vertex -425.2947998046875 95.49932098388672 17.683530807495117
			vertex -423.60003662109375 96.06424713134766 17.683530807495117
		endloop
	endfacet
	facet normal -0.7070972316902029 -0.7071163305539279 0
		outer loop
			vertex -423.1904602050781 95.49932098388672 16.933530807495117
			vertex -422.6255187988281 94.93439483642578 16.933530807495117
			vertex -422.6255187988281 94.93439483642578 17.683530807495117
		endloop
	endfacet
	facet normal -0.7070972316902029 -0.7071163305539279 0
		outer loop
			vertex -423.1904602050781 95.49932098388672 16.933530807495117
			vertex -422.6255187988281 94.93439483642578 17.683530807495117
			vertex -423.1904602050781 95.49932098388672 17.683530807495117
		endloop
	endfacet
	facet normal 0.7071067811865476 -0.7071067811865476 0
		outer loop
			vertex -422.6255187988281 94.93439483642578 16.933530807495117
			vertex -421.49566650390625 96.06424713134766 16.933530807495117
			vertex -421.49566650390625 96.06424713134766 17.683530807495117
		endloop
	endfacet
	facet normal 0.7071067811865476 -0.7071067811865476 0
		outer loop
			vertex -422.6255187988281 94.93439483642578 16.933530807495117
			vertex -421.49566650390625 96.06424713134766 17.683530807495117
			vertex -422.6255187988281 94.93439483642578 17.683530807495117
		endloop
	endfacet
	facet normal 0.7071020064867365 0.7071115558541179 0
		outer loop
			vertex -422.06060791015625 96.62918090820312 17.683530807495117
			vertex -421.49566650390625 96.06424713134766 16.933530807495117
			vertex -422.06060791015625 96.62918090820312 16.933530807495117
		endloop
	endfacet
	facet normal 0.7071020064867365 0.7071115558541179 0
		outer loop
			vertex -422.06060791015625 96.62918090820312 17.683530807495117
			vertex -421.49566650390625 96.06424713134766 17.683530807495117
			vertex -421.49566650390625 96.06424713134766 16.933530807495117
		endloop
	endfacet
	facet normal -0.7071091685646642 0.7071043938003704 0
		outer loop
			vertex -422.06060791015625 96.62918090820312 16.933530807495117
			vertex -423.1904602050781 95.49932098388672 16.933530807495117
			vertex -423.1904602050781 95.49932098388672 17.683530807495117
		endloop
	endfacet
	facet normal -0.7071091685646642 0.7071043938003704 0
		outer loop
			vertex -422.06060791015625 96.62918090820312 16.933530807495117
			vertex -423.1904602050781 95.49932098388672 17.683530807495117
			vertex -422.06060791015625 96.62918090820312 17.683530807495117
		endloop
	endfacet
	facet normal 0 0 -1
		outer loop
			vertex -423.1904602050781 95.49932098388672 16.933530807495117
			vertex -422.06060791015625 96.62918090820312 16.933530807495117
			vertex -421.49566650390625 96.06424713134766 16.933530807495117
		endloop
	endfacet
	facet normal 0 0 -1
		outer loop
			vertex -423.1904602050781 95.49932098388672 16.933530807495117
			vertex -421.49566650390625 96.06424713134766 16.933530807495117
			vertex -422.6255187988281 94.93439483642578 16.933530807495117
		endloop
	endfacet
	facet normal 0 0 1
		outer loop
			vertex -421.49566650390625 96.06424713134766 17.683530807495117
			vertex -423.1904602050781 95.49932098388672 17.683530807495117
			vertex -422.6255187988281 94.93439483642578 17.683530807495117
		endloop
	endfacet
	facet normal 0 0 1
		outer loop
			vertex -422.06060791015625 96.62918090820312 17.683530807495117
			vertex -423.1904602050781 95.49932098388672 17.683530807495117
			vertex -421.49566650390625 96.06424713134766 17.683530807495117
		endloop
	endfacet
	facet normal -0.7071163308118602 -0.7070972314322634 0
		outer loop
			vertex -421.1002197265625 95.49932098388672 16.933530807495117
			vertex -420.5353088378906 94.93439483642578 16.933530807495117
			vertex -420.5353088378906 94.93439483642578 17.683530807495117
		endloop
	endfacet
	facet normal -0.7071163308118602 -0.7070972314322634 0
		outer loop
			vertex -421.1002197265625 95.49932098388672 16.933530807495117
			vertex -420.5353088378906 94.93439483642578 17.683530807495117
			vertex -421.1002197265625 95.49932098388672 17.683530807495117
		endloop
	endfacet
	facet normal 0.7071067811865476 -0.7071067811865476 0
		outer loop
			vertex -420.5353088378906 94.93439483642578 16.933530807495117
			vertex -419.40545654296875 96.06424713134766 16.933530807495117
			vertex -419.40545654296875 96.06424713134766 17.683530807495117
		endloop
	endfacet
	facet normal 0.7071067811865476 -0.7071067811865476 0
		outer loop
			vertex -420.5353088378906 94.93439483642578 16.933530807495117
			vertex -419.40545654296875 96.06424713134766 17.683530807495117
			vertex -420.5353088378906 94.93439483642578 17.683530807495117
		endloop
	endfacet
	facet normal 0.7071211054794246 0.7070924566034886 0
		outer loop
			vertex -419.9703674316406 96.62918090820312 17.683530807495117
			vertex -419.40545654296875 96.06424713134766 16.933530807495117
			vertex -419.9703674316406 96.62918090820312 16.933530807495117
		endloop
	endfacet
	facet normal 0.7071211054794246 0.7070924566034886 0
		outer loop
			vertex -419.9703674316406 96.62918090820312 17.683530807495117
			vertex -419.40545654296875 96.06424713134766 17.683530807495117
			vertex -419.40545654296875 96.06424713134766 16.933530807495117
		endloop
	endfacet
	facet normal -0.7071091685646642 0.7071043938003704 0
		outer loop
			vertex -419.9703674316406 96.62918090820312 16.933530807495117
			vertex -421.1002197265625 95.49932098388672 16.933530807495117
			vertex -421.1002197265625 95.49932098388672 17.683530807495117
		endloop
	endfacet
	facet normal -0.7071091685646642 0.7071043938003704 0
		outer loop
			vertex -419.9703674316406 96.62918090820312 16.933530807495117
			vertex -421.1002197265625 95.49932098388672 17.683530807495117
			vertex -419.9703674316406 96.62918090820312 17.683530807495117
		endloop
	endfacet
	facet normal 0 0 -1
		outer loop
			vertex -421.1002197265625 95.49932098388672 16.933530807495117
			vertex -419.9703674316406 96.62918090820312 16.933530807495117
			vertex -419.40545654296875 96.06424713134766 16.933530807495117
		endloop
	endfacet
	facet normal 0 0 -1
		outer loop
			vertex -421.1002197265625 95.49932098388672 16.933530807495117
			vertex -419.40545654296875 96.06424713134766 16.933530807495117
			vertex -420.5353088378906 94.93439483642578 16.933530807495117
		endloop
	endfacet
	facet normal 0 0 1
		outer loop
			vertex -419.40545654296875 96.06424713134766 17.683530807495117
			vertex -421.1002197265625 95.49932098388672 17.683530807495117
			vertex -420.5353088378906 94.93439483642578 17.683530807495117
		endloop
	endfacet
	facet normal 0 0 1
		outer loop
			vertex -419.9703674316406 96.62918090820312 17.683530807495117
			vertex -421.1002197265625 95.49932098388672 17.683530807495117
			vertex -419.40545654296875 96.06424713134766 17.683530807495117
		endloop
	endfacet
	facet normal -0.7070972316902029 -0.7071163305539279 0
		outer loop
			vertex -418.9958801269531 95.49932098388672 16.933530807495117
			vertex -418.4309387207031 94.93439483642578 16.933530807495117
			vertex -418.4309387207031 94.93439483642578 17.683530807495117
		endloop
	endfacet
	facet normal -0.7070972316902029 -0.7071163305539279 0
		outer loop
			vertex -418.9958801269531 95.49932098388672 16.933530807495117
			vertex -418.4309387207031 94.93439483642578 17.683530807495117
			vertex -418.9958801269531 95.49932098388672 17.683530807495117
		endloop
	endfacet
	facet normal 0.7071067811865476 -0.7071067811865476 0
		outer loop
			vertex -418.4309387207031 94.93439483642578 16.933530807495117
			vertex -417.30108642578125 96.06424713134766 16.933530807495117
			vertex -417.30108642578125 96.06424713134766 17.683530807495117
		endloop
	endfacet
	facet normal 0.7071067811865476 -0.7071067811865476 0
		outer loop
			vertex -418.4309387207031 94.93439483642578 16.933530807495117
			vertex -417.30108642578125 96.06424713134766 17.683530807495117
			vertex -418.4309387207031 94.93439483642578 17.683530807495117
		endloop
	endfacet
	facet normal 0.7071020064867365 0.7071115558541179 0
		outer loop
			vertex -417.86602783203125 96.62918090820312 17.683530807495117
			vertex -417.30108642578125 96.06424713134766 16.933530807495117
			vertex -417.86602783203125 96.62918090820312 16.933530807495117
		endloop
	endfacet
	facet normal 0.7071020064867365 0.7071115558541179 0
		outer loop
			vertex -417.86602783203125 96.62918090820312 17.683530807495117
			vertex -417.30108642578125 96.06424713134766 17.683530807495117
			vertex -417.30108642578125 96.06424713134766 16.933530807495117
		endloop
	endfacet
	facet normal -0.7071091685646642 0.7071043938003704 0
		outer loop
			vertex -417.86602783203125 96.62918090820312 16.933530807495117
			vertex -418.9958801269531 95.49932098388672 16.933530807495117
			vertex -418.9958801269531 95.49932098388672 17.683530807495117
		endloop
	endfacet
	facet normal -0.7071091685646642 0.7071043938003704 0
		outer loop
			vertex -417.86602783203125 96.62918090820312 16.933530807495117
			vertex -418.9958801269531 95.49932098388672 17.683530807495117
			vertex -417.86602783203125 96.62918090820312 17.683530807495117
		endloop
	endfacet
	facet normal 0 0 -1
		outer loop
			vertex -418.9958801269531 95.49932098388672 16.933530807495117
			vertex -417.86602783203125 96.62918090820312 16.933530807495117
			vertex -417.30108642578125 96.06424713134766 16.933530807495117
		endloop
	endfacet
	facet normal 0 0 -1
		outer loop
			vertex -418.9958801269531 95.49932098388672 16.933530807495117
			vertex -417.30108642578125 96.06424713134766 16.933530807495117
			vertex -418.4309387207031 94.93439483642578 16.933530807495117
		endloop
	endfacet
	facet normal 0 0 1
		outer loop
			vertex -417.30108642578125 96.06424713134766 17.683530807495117
			vertex -418.9958801269531 95.49932098388672 17.683530807495117
			vertex -418.4309387207031 94.93439483642578 17.683530807495117
		endloop
	endfacet
	facet normal 0 0 1
		outer loop
			vertex -417.86602783203125 96.62918090820312 17.683530807495117
			vertex -418.9958801269531 95.49932098388672 17.683530807495117
			vertex -417.30108642578125 96.06424713134766 17.683530807495117
		endloop
	endfacet
	facet normal -0.7071163308118602 -0.7070972314322634 0
		outer loop
			vertex -416.8915100097656 95.49932098388672 16.933530807495117
			vertex -416.32659912109375 94.93439483642578 16.933530807495117
			vertex -416.32659912109375 94.93439483642578 17.683530807495117
		endloop
	endfacet
	facet normal -0.7071163308118602 -0.7070972314322634 0
		outer loop
			vertex -416.8915100097656 95.49932098388672 16.933530807495117
			vertex -416.32659912109375 94.93439483642578 17.683530807495117
			vertex -416.8915100097656 95.49932098388672 17.683530807495117
		endloop
	endfacet
	facet normal 0.7071067811865476 -0.7071067811865476 0
		outer loop
			vertex -416.32659912109375 94.93439483642578 16.933530807495117
			vertex -415.1967468261719 96.06424713134766 16.933530807495117
			vertex -415.1967468261719 96.06424713134766 17.683530807495117
		endloop
	endfacet
	facet normal 0.7071067811865476 -0.7071067811865476 0
		outer loop
			vertex -416.32659912109375 94.93439483642578 16.933530807495117
			vertex -415.1967468261719 96.06424713134766 17.683530807495117
			vertex -416.32659912109375 94.93439483642578 17.683530807495117
		endloop
	endfacet
	facet normal 0.7071211054794246 0.7070924566034886 0
		outer loop
			vertex -415.76165771484375 96.62918090820312 17.683530807495117
			vertex -415.1967468261719 96.06424713134766 16.933530807495117
			vertex -415.76165771484375 96.62918090820312 16.933530807495117
		endloop
	endfacet
	facet normal 0.7071211054794246 0.7070924566034886 0
		outer loop
			vertex -415.76165771484375 96.62918090820312 17.683530807495117
			vertex -415.1967468261719 96.06424713134766 17.683530807495117
			vertex -415.1967468261719 96.06424713134766 16.933530807495117
		endloop
	endfacet
	facet normal -0.7071091685646642 0.7071043938003704 0
		outer loop
			vertex -415.76165771484375 96.62918090820312 16.933530807495117
			vertex -416.8915100097656 95.49932098388672 16.933530807495117
			vertex -416.8915100097656 95.49932098388672 17.683530807495117
		endloop
	endfacet
	facet normal -0.7071091685646642 0.7071043938003704 0
		outer loop
			vertex -415.76165771484375 96.62918090820312 16.933530807495117
			vertex -416.8915100097656 95.49932098388672 17.683530807495117
			vertex -415.76165771484375 96.62918090820312 17.683530807495117
		endloop
	endfacet
	facet normal 0 0 -1
		outer loop
			vertex -416.8915100097656 95.49932098388672 16.933530807495117
			vertex -415.76165771484375 96.62918090820312 16.933530807495117
			vertex -415.1967468261719 96.06424713134766 16.933530807495117
		endloop
	endfacet
	facet normal 0 0 -1
		outer loop
			vertex -416.8915100097656 95.49932098388672 16.933530807495117
			vertex -415.1967468261719 96.06424713134766 16.933530807495117
			vertex -416.32659912109375 94.93439483642578 16.933530807495117
		endloop
	endfacet
	facet normal 0 0 1
		outer loop
			vertex -415.1967468261719 96.06424713134766 17.683530807495117
			vertex -416.8915100097656 95.49932098388672 17.683530807495117
			vertex -416.32659912109375 94.93439483642578 17.683530807495117
		endloop
	endfacet
	facet normal 0 0 1
		outer loop
			vertex -415.76165771484375 96.62918090820312 17.683530807495117
			vertex -416.8915100097656 95.49932098388672 17.683530807495117
			vertex -415.1967468261719 96.06424713134766 17.683530807495117
		endloop
	endfacet
	facet normal -0.7070972316902029 -0.7071163305539279 0
		outer loop
			vertex -414.78717041015625 95.49932098388672 16.933530807495117
			vertex -414.22222900390625 94.93439483642578 16.933530807495117
			vertex -414.22222900390625 94.93439483642578 17.683530807495117
		endloop
	endfacet
	facet normal -0.7070972316902029 -0.7071163305539279 0
		outer loop
			vertex -414.78717041015625 95.49932098388672 16.933530807495117
			vertex -414.22222900390625 94.93439483642578 17.683530807495117
			vertex -414.78717041015625 95.49932098388672 17.683530807495117
		endloop
	endfacet
	facet normal 0.7071067811865476 -0.7071067811865476 0
		outer loop
			vertex -414.22222900390625 94.93439483642578 16.933530807495117
			vertex -413.0923767089844 96.06424713134766 16.933530807495117
			vertex -413.0923767089844 96.06424713134766 17.683530807495117
		endloop
	endfacet
	facet normal 0.7071067811865476 -0.7071067811865476 0
		outer loop
			vertex -414.22222900390625 94.93439483642578 16.933530807495117
			vertex -413.0923767089844 96.06424713134766 17.683530807495117
			vertex -414.22222900390625 94.93439483642578 17.683530807495117
		endloop
	endfacet
	facet normal 0.7071020064867365 0.7071115558541179 0
		outer loop
			vertex -413.6573181152344 96.62918090820312 17.683530807495117
			vertex -413.0923767089844 96.06424713134766 16.933530807495117
			vertex -413.6573181152344 96.62918090820312 16.933530807495117
		endloop
	endfacet
	facet normal 0.7071020064867365 0.7071115558541179 0
		outer loop
			vertex -413.6573181152344 96.62918090820312 17.683530807495117
			vertex -413.0923767089844 96.06424713134766 17.683530807495117
			vertex -413.0923767089844 96.06424713134766 16.933530807495117
		endloop
	endfacet
	facet normal -0.7071091685646642 0.7071043938003704 0
		outer loop
			vertex -413.6573181152344 96.62918090820312 16.933530807495117
			vertex -414.78717041015625 95.49932098388672 16.933530807495117
			vertex -414.78717041015625 95.49932098388672 17.683530807495117
		endloop
	endfacet
	facet normal -0.7071091685646642 0.7071043938003704 0
		outer loop
			vertex -413.6573181152344 96.62918090820312 16.933530807495117
			vertex -414.78717041015625 95.49932098388672 17.683530807495117
			vertex -413.6573181152344 96.62918090820312 17.683530807495117
		endloop
	endfacet
	facet normal 0 0 -1
		outer loop
			vertex -414.78717041015625 95.49932098388672 16.933530807495117
			vertex -413.6573181152344 96.62918090820312 16.933530807495117
			vertex -413.0923767089844 96.06424713134766 16.933530807495117
		endloop
	endfacet
	facet normal 0 0 -1
		outer loop
			vertex -414.78717041015625 95.49932098388672 16.933530807495117
			vertex -413.0923767089844 96.06424713134766 16.933530807495117
			vertex -414.22222900390625 94.93439483642578 16.933530807495117
		endloop
	endfacet
	facet normal 0 0 1
		outer loop
			vertex -413.0923767089844 96.06424713134766 17.683530807495117
			vertex -414.78717041015625 95.49932098388672 17.683530807495117
			vertex -414.22222900390625 94.93439483642578 17.683530807495117
		endloop
	endfacet
	facet normal 0 0 1
		outer loop
			vertex -413.6573181152344 96.62918090820312 17.683530807495117
			vertex -414.78717041015625 95.49932098388672 17.683530807495117
			vertex -413.0923767089844 96.06424713134766 17.683530807495117
		endloop
	endfacet
	facet normal -0.7071163308118602 -0.7070972314322634 0
		outer loop
			vertex -412.6969299316406 95.49932098388672 16.933530807495117
			vertex -412.13201904296875 94.93439483642578 16.933530807495117
			vertex -412.13201904296875 94.93439483642578 17.683530807495117
		endloop
	endfacet
	facet normal -0.7071163308118602 -0.7070972314322634 0
		outer loop
			vertex -412.6969299316406 95.49932098388672 16.933530807495117
			vertex -412.13201904296875 94.93439483642578 17.683530807495117
			vertex -412.6969299316406 95.49932098388672 17.683530807495117
		endloop
	endfacet
	facet normal 0.7070972316902029 -0.7071163305539279 0
		outer loop
			vertex -412.13201904296875 94.93439483642578 16.933530807495117
			vertex -411.00213623046875 96.06424713134766 16.933530807495117
			vertex -411.00213623046875 96.06424713134766 17.683530807495117
		endloop
	endfacet
	facet normal 0.7070972316902029 -0.7071163305539279 0
		outer loop
			vertex -412.13201904296875 94.93439483642578 16.933530807495117
			vertex -411.00213623046875 96.06424713134766 17.683530807495117
			vertex -412.13201904296875 94.93439483642578 17.683530807495117
		endloop
	endfacet
	facet normal 0.7071020064867365 0.7071115558541179 0
		outer loop
			vertex -411.56707763671875 96.62918090820312 17.683530807495117
			vertex -411.00213623046875 96.06424713134766 16.933530807495117
			vertex -411.56707763671875 96.62918090820312 16.933530807495117
		endloop
	endfacet
	facet normal 0.7071020064867365 0.7071115558541179 0
		outer loop
			vertex -411.56707763671875 96.62918090820312 17.683530807495117
			vertex -411.00213623046875 96.06424713134766 17.683530807495117
			vertex -411.00213623046875 96.06424713134766 16.933530807495117
		endloop
	endfacet
	facet normal -0.7071091685646642 0.7071043938003704 0
		outer loop
			vertex -411.56707763671875 96.62918090820312 16.933530807495117
			vertex -412.6969299316406 95.49932098388672 16.933530807495117
			vertex -412.6969299316406 95.49932098388672 17.683530807495117
		endloop
	endfacet
	facet normal -0.7071091685646642 0.7071043938003704 0
		outer loop
			vertex -411.56707763671875 96.62918090820312 16.933530807495117
			vertex -412.6969299316406 95.49932098388672 17.683530807495117
			vertex -411.56707763671875 96.62918090820312 17.683530807495117
		endloop
	endfacet
	facet normal 0 0 -1
		outer loop
			vertex -412.6969299316406 95.49932098388672 16.933530807495117
			vertex -411.56707763671875 96.62918090820312 16.933530807495117
			vertex -411.00213623046875 96.06424713134766 16.933530807495117
		endloop
	endfacet
	facet normal 0 0 -1
		outer loop
			vertex -412.6969299316406 95.49932098388672 16.933530807495117
			vertex -411.00213623046875 96.06424713134766 16.933530807495117
			vertex -412.13201904296875 94.93439483642578 16.933530807495117
		endloop
	endfacet
	facet normal 0 0 1
		outer loop
			vertex -411.00213623046875 96.06424713134766 17.683530807495117
			vertex -412.6969299316406 95.49932098388672 17.683530807495117
			vertex -412.13201904296875 94.93439483642578 17.683530807495117
		endloop
	endfacet
	facet normal 0 0 1
		outer loop
			vertex -411.56707763671875 96.62918090820312 17.683530807495117
			vertex -412.6969299316406 95.49932098388672 17.683530807495117
			vertex -411.00213623046875 96.06424713134766 17.683530807495117
		endloop
	endfacet
	facet normal -0.7071163308118602 -0.7070972314322634 0
		outer loop
			vertex -410.5925598144531 95.49932098388672 16.933530807495117
			vertex -410.02764892578125 94.93439483642578 16.933530807495117
			vertex -410.02764892578125 94.93439483642578 17.683530807495117
		endloop
	endfacet
	facet normal -0.7071163308118602 -0.7070972314322634 0
		outer loop
			vertex -410.5925598144531 95.49932098388672 16.933530807495117
			vertex -410.02764892578125 94.93439483642578 17.683530807495117
			vertex -410.5925598144531 95.49932098388672 17.683530807495117
		endloop
	endfacet
	facet normal 0.7071067811865476 -0.7071067811865476 0
		outer loop
			vertex -410.02764892578125 94.93439483642578 16.933530807495117
			vertex -408.8977966308594 96.06424713134766 16.933530807495117
			vertex -408.8977966308594 96.06424713134766 17.683530807495117
		endloop
	endfacet
	facet normal 0.7071067811865476 -0.7071067811865476 0
		outer loop
			vertex -410.02764892578125 94.93439483642578 16.933530807495117
			vertex -408.8977966308594 96.06424713134766 17.683530807495117
			vertex -410.02764892578125 94.93439483642578 17.683530807495117
		endloop
	endfacet
	facet normal 0.7071211054794246 0.7070924566034886 0
		outer loop
			vertex -409.46270751953125 96.62918090820312 17.683530807495117
			vertex -408.8977966308594 96.06424713134766 16.933530807495117
			vertex -409.46270751953125 96.62918090820312 16.933530807495117
		endloop
	endfacet
	facet normal 0.7071211054794246 0.7070924566034886 0
		outer loop
			vertex -409.46270751953125 96.62918090820312 17.683530807495117
			vertex -408.8977966308594 96.06424713134766 17.683530807495117
			vertex -408.8977966308594 96.06424713134766 16.933530807495117
		endloop
	endfacet
	facet normal -0.7071091685646642 0.7071043938003704 0
		outer loop
			vertex -409.46270751953125 96.62918090820312 16.933530807495117
			vertex -410.5925598144531 95.49932098388672 16.933530807495117
			vertex -410.5925598144531 95.49932098388672 17.683530807495117
		endloop
	endfacet
	facet normal -0.7071091685646642 0.7071043938003704 0
		outer loop
			vertex -409.46270751953125 96.62918090820312 16.933530807495117
			vertex -410.5925598144531 95.49932098388672 17.683530807495117
			vertex -409.46270751953125 96.62918090820312 17.683530807495117
		endloop
	endfacet
	facet normal 0 0 -1
		outer loop
			vertex -410.5925598144531 95.49932098388672 16.933530807495117
			vertex -409.46270751953125 96.62918090820312 16.933530807495117
			vertex -408.8977966308594 96.06424713134766 16.933530807495117
		endloop
	endfacet
	facet normal 0 0 -1
		outer loop
			vertex -410.5925598144531 95.49932098388672 16.933530807495117
			vertex -408.8977966308594 96.06424713134766 16.933530807495117
			vertex -410.02764892578125 94.93439483642578 16.933530807495117
		endloop
	endfacet
	facet normal 0 0 1
		outer loop
			vertex -408.8977966308594 96.06424713134766 17.683530807495117
			vertex -410.5925598144531 95.49932098388672 17.683530807495117
			vertex -410.02764892578125 94.93439483642578 17.683530807495117
		endloop
	endfacet
	facet normal 0 0 1
		outer loop
			vertex -409.46270751953125 96.62918090820312 17.683530807495117
			vertex -410.5925598144531 95.49932098388672 17.683530807495117
			vertex -408.8977966308594 96.06424713134766 17.683530807495117
		endloop
	endfacet
	facet normal -0.7071163308118602 -0.7070972314322634 0
		outer loop
			vertex -408.48822021484375 95.49932098388672 16.933530807495117
			vertex -407.9233093261719 94.93439483642578 16.933530807495117
			vertex -407.9233093261719 94.93439483642578 17.683530807495117
		endloop
	endfacet
	facet normal -0.7071163308118602 -0.7070972314322634 0
		outer loop
			vertex -408.48822021484375 95.49932098388672 16.933530807495117
			vertex -407.9233093261719 94.93439483642578 17.683530807495117
			vertex -408.48822021484375 95.49932098388672 17.683530807495117
		endloop
	endfacet
	facet normal 0.7071067811865476 -0.7071067811865476 0
		outer loop
			vertex -407.9233093261719 94.93439483642578 16.933530807495117
			vertex -406.79345703125 96.06424713134766 16.933530807495117
			vertex -406.79345703125 96.06424713134766 17.683530807495117
		endloop
	endfacet
	facet normal 0.7071067811865476 -0.7071067811865476 0
		outer loop
			vertex -407.9233093261719 94.93439483642578 16.933530807495117
			vertex -406.79345703125 96.06424713134766 17.683530807495117
			vertex -407.9233093261719 94.93439483642578 17.683530807495117
		endloop
	endfacet
	facet normal 0.7071211054794246 0.7070924566034886 0
		outer loop
			vertex -407.3583679199219 96.62918090820312 17.683530807495117
			vertex -406.79345703125 96.06424713134766 16.933530807495117
			vertex -407.3583679199219 96.62918090820312 16.933530807495117
		endloop
	endfacet
	facet normal 0.7071211054794246 0.7070924566034886 0
		outer loop
			vertex -407.3583679199219 96.62918090820312 17.683530807495117
			vertex -406.79345703125 96.06424713134766 17.683530807495117
			vertex -406.79345703125 96.06424713134766 16.933530807495117
		endloop
	endfacet
	facet normal -0.7071091685646642 0.7071043938003704 0
		outer loop
			vertex -407.3583679199219 96.62918090820312 16.933530807495117
			vertex -408.48822021484375 95.49932098388672 16.933530807495117
			vertex -408.48822021484375 95.49932098388672 17.683530807495117
		endloop
	endfacet
	facet normal -0.7071091685646642 0.7071043938003704 0
		outer loop
			vertex -407.3583679199219 96.62918090820312 16.933530807495117
			vertex -408.48822021484375 95.49932098388672 17.683530807495117
			vertex -407.3583679199219 96.62918090820312 17.683530807495117
		endloop
	endfacet
	facet normal 0 0 -1
		outer loop
			vertex -408.48822021484375 95.49932098388672 16.933530807495117
			vertex -407.3583679199219 96.62918090820312 16.933530807495117
			vertex -406.79345703125 96.06424713134766 16.933530807495117
		endloop
	endfacet
	facet normal 0 0 -1
		outer loop
			vertex -408.48822021484375 95.49932098388672 16.933530807495117
			vertex -406.79345703125 96.06424713134766 16.933530807495117
			vertex -407.9233093261719 94.93439483642578 16.933530807495117
		endloop
	endfacet
	facet normal 0 0 1
		outer loop
			vertex -406.79345703125 96.06424713134766 17.683530807495117
			vertex -408.48822021484375 95.49932098388672 17.683530807495117
			vertex -407.9233093261719 94.93439483642578 17.683530807495117
		endloop
	endfacet
	facet normal 0 0 1
		outer loop
			vertex -407.3583679199219 96.62918090820312 17.683530807495117
			vertex -408.48822021484375 95.49932098388672 17.683530807495117
			vertex -406.79345703125 96.06424713134766 17.683530807495117
		endloop
	endfacet
	facet normal -0.7070972316902029 -0.7071163305539279 0
		outer loop
			vertex -433.6981201171875 97.49069213867188 16.933530807495117
			vertex -433.1331787109375 96.92576599121094 16.933530807495117
			vertex -433.1331787109375 96.92576599121094 17.683530807495117
		endloop
	endfacet
	facet normal -0.7070972316902029 -0.7071163305539279 0
		outer loop
			vertex -433.6981201171875 97.49069213867188 16.933530807495117
			vertex -433.1331787109375 96.92576599121094 17.683530807495117
			vertex -433.6981201171875 97.49069213867188 17.683530807495117
		endloop
	endfacet
	facet normal 0.7071067811865476 -0.7071067811865476 0
		outer loop
			vertex -433.1331787109375 96.92576599121094 16.933530807495117
			vertex -432.0033264160156 98.05561828613281 16.933530807495117
			vertex -432.0033264160156 98.05561828613281 17.683530807495117
		endloop
	endfacet
	facet normal 0.7071067811865476 -0.7071067811865476 0
		outer loop
			vertex -433.1331787109375 96.92576599121094 16.933530807495117
			vertex -432.0033264160156 98.05561828613281 17.683530807495117
			vertex -433.1331787109375 96.92576599121094 17.683530807495117
		endloop
	endfacet
	facet normal 0.7071163308118602 0.7070972314322634 0
		outer loop
			vertex -432.5682373046875 98.62054443359375 17.683530807495117
			vertex -432.0033264160156 98.05561828613281 16.933530807495117
			vertex -432.5682373046875 98.62054443359375 16.933530807495117
		endloop
	endfacet
	facet normal 0.7071163308118602 0.7070972314322634 0
		outer loop
			vertex -432.5682373046875 98.62054443359375 17.683530807495117
			vertex -432.0033264160156 98.05561828613281 17.683530807495117
			vertex -432.0033264160156 98.05561828613281 16.933530807495117
		endloop
	endfacet
	facet normal -0.7070972316902029 0.7071163305539279 0
		outer loop
			vertex -432.5682373046875 98.62054443359375 16.933530807495117
			vertex -433.6981201171875 97.49069213867188 16.933530807495117
			vertex -433.6981201171875 97.49069213867188 17.683530807495117
		endloop
	endfacet
	facet normal -0.7070972316902029 0.7071163305539279 0
		outer loop
			vertex -432.5682373046875 98.62054443359375 16.933530807495117
			vertex -433.6981201171875 97.49069213867188 17.683530807495117
			vertex -432.5682373046875 98.62054443359375 17.683530807495117
		endloop
	endfacet
	facet normal 0 0 -1
		outer loop
			vertex -433.6981201171875 97.49069213867188 16.933530807495117
			vertex -432.5682373046875 98.62054443359375 16.933530807495117
			vertex -432.0033264160156 98.05561828613281 16.933530807495117
		endloop
	endfacet
	facet normal 0 0 -1
		outer loop
			vertex -433.6981201171875 97.49069213867188 16.933530807495117
			vertex -432.0033264160156 98.05561828613281 16.933530807495117
			vertex -433.1331787109375 96.92576599121094 16.933530807495117
		endloop
	endfacet
	facet normal 0 0 1
		outer loop
			vertex -432.0033264160156 98.05561828613281 17.683530807495117
			vertex -433.6981201171875 97.49069213867188 17.683530807495117
			vertex -433.1331787109375 96.92576599121094 17.683530807495117
		endloop
	endfacet
	facet normal 0 0 1
		outer loop
			vertex -432.5682373046875 98.62054443359375 17.683530807495117
			vertex -433.6981201171875 97.49069213867188 17.683530807495117
			vertex -432.0033264160156 98.05561828613281 17.683530807495117
		endloop
	endfacet
	facet normal -0.7070972316902029 -0.7071163305539279 0
		outer loop
			vertex -431.59375 97.49069213867188 16.933530807495117
			vertex -431.02880859375 96.92576599121094 16.933530807495117
			vertex -431.02880859375 96.92576599121094 17.683530807495117
		endloop
	endfacet
	facet normal -0.7070972316902029 -0.7071163305539279 0
		outer loop
			vertex -431.59375 97.49069213867188 16.933530807495117
			vertex -431.02880859375 96.92576599121094 17.683530807495117
			vertex -431.59375 97.49069213867188 17.683530807495117
		endloop
	endfacet
	facet normal 0.7071067811865476 -0.7071067811865476 0
		outer loop
			vertex -431.02880859375 96.92576599121094 16.933530807495117
			vertex -429.8989562988281 98.05561828613281 16.933530807495117
			vertex -429.8989562988281 98.05561828613281 17.683530807495117
		endloop
	endfacet
	facet normal 0.7071067811865476 -0.7071067811865476 0
		outer loop
			vertex -431.02880859375 96.92576599121094 16.933530807495117
			vertex -429.8989562988281 98.05561828613281 17.683530807495117
			vertex -431.02880859375 96.92576599121094 17.683530807495117
		endloop
	endfacet
	facet normal 0.7070972316902029 0.7071163305539279 0
		outer loop
			vertex -430.4638977050781 98.62054443359375 17.683530807495117
			vertex -429.8989562988281 98.05561828613281 16.933530807495117
			vertex -430.4638977050781 98.62054443359375 16.933530807495117
		endloop
	endfacet
	facet normal 0.7070972316902029 0.7071163305539279 0
		outer loop
			vertex -430.4638977050781 98.62054443359375 17.683530807495117
			vertex -429.8989562988281 98.05561828613281 17.683530807495117
			vertex -429.8989562988281 98.05561828613281 16.933530807495117
		endloop
	endfacet
	facet normal -0.7071067811865476 0.7071067811865476 0
		outer loop
			vertex -430.4638977050781 98.62054443359375 16.933530807495117
			vertex -431.59375 97.49069213867188 16.933530807495117
			vertex -431.59375 97.49069213867188 17.683530807495117
		endloop
	endfacet
	facet normal -0.7071067811865476 0.7071067811865476 0
		outer loop
			vertex -430.4638977050781 98.62054443359375 16.933530807495117
			vertex -431.59375 97.49069213867188 17.683530807495117
			vertex -430.4638977050781 98.62054443359375 17.683530807495117
		endloop
	endfacet
	facet normal 0 0 -1
		outer loop
			vertex -431.59375 97.49069213867188 16.933530807495117
			vertex -430.4638977050781 98.62054443359375 16.933530807495117
			vertex -429.8989562988281 98.05561828613281 16.933530807495117
		endloop
	endfacet
	facet normal 0 0 -1
		outer loop
			vertex -431.59375 97.49069213867188 16.933530807495117
			vertex -429.8989562988281 98.05561828613281 16.933530807495117
			vertex -431.02880859375 96.92576599121094 16.933530807495117
		endloop
	endfacet
	facet normal 0 0 1
		outer loop
			vertex -429.8989562988281 98.05561828613281 17.683530807495117
			vertex -431.59375 97.49069213867188 17.683530807495117
			vertex -431.02880859375 96.92576599121094 17.683530807495117
		endloop
	endfacet
	facet normal 0 0 1
		outer loop
			vertex -430.4638977050781 98.62054443359375 17.683530807495117
			vertex -431.59375 97.49069213867188 17.683530807495117
			vertex -429.8989562988281 98.05561828613281 17.683530807495117
		endloop
	endfacet
	facet normal -0.7070972316902029 -0.7071163305539279 0
		outer loop
			vertex -429.4894104003906 97.49069213867188 16.933530807495117
			vertex -428.9244689941406 96.92576599121094 16.933530807495117
			vertex -428.9244689941406 96.92576599121094 17.683530807495117
		endloop
	endfacet
	facet normal -0.7070972316902029 -0.7071163305539279 0
		outer loop
			vertex -429.4894104003906 97.49069213867188 16.933530807495117
			vertex -428.9244689941406 96.92576599121094 17.683530807495117
			vertex -429.4894104003906 97.49069213867188 17.683530807495117
		endloop
	endfacet
	facet normal 0.7071067811865476 -0.7071067811865476 0
		outer loop
			vertex -428.9244689941406 96.92576599121094 16.933530807495117
			vertex -427.79461669921875 98.05561828613281 16.933530807495117
			vertex -427.79461669921875 98.05561828613281 17.683530807495117
		endloop
	endfacet
	facet normal 0.7071067811865476 -0.7071067811865476 0
		outer loop
			vertex -428.9244689941406 96.92576599121094 16.933530807495117
			vertex -427.79461669921875 98.05561828613281 17.683530807495117
			vertex -428.9244689941406 96.92576599121094 17.683530807495117
		endloop
	endfacet
	facet normal 0.7071163308118602 0.7070972314322634 0
		outer loop
			vertex -428.3595275878906 98.62054443359375 17.683530807495117
			vertex -427.79461669921875 98.05561828613281 16.933530807495117
			vertex -428.3595275878906 98.62054443359375 16.933530807495117
		endloop
	endfacet
	facet normal 0.7071163308118602 0.7070972314322634 0
		outer loop
			vertex -428.3595275878906 98.62054443359375 17.683530807495117
			vertex -427.79461669921875 98.05561828613281 17.683530807495117
			vertex -427.79461669921875 98.05561828613281 16.933530807495117
		endloop
	endfacet
	facet normal -0.7070972316902029 0.7071163305539279 0
		outer loop
			vertex -428.3595275878906 98.62054443359375 16.933530807495117
			vertex -429.4894104003906 97.49069213867188 16.933530807495117
			vertex -429.4894104003906 97.49069213867188 17.683530807495117
		endloop
	endfacet
	facet normal -0.7070972316902029 0.7071163305539279 0
		outer loop
			vertex -428.3595275878906 98.62054443359375 16.933530807495117
			vertex -429.4894104003906 97.49069213867188 17.683530807495117
			vertex -428.3595275878906 98.62054443359375 17.683530807495117
		endloop
	endfacet
	facet normal 0 0 -1
		outer loop
			vertex -429.4894104003906 97.49069213867188 16.933530807495117
			vertex -428.3595275878906 98.62054443359375 16.933530807495117
			vertex -427.79461669921875 98.05561828613281 16.933530807495117
		endloop
	endfacet
	facet normal 0 0 -1
		outer loop
			vertex -429.4894104003906 97.49069213867188 16.933530807495117
			vertex -427.79461669921875 98.05561828613281 16.933530807495117
			vertex -428.9244689941406 96.92576599121094 16.933530807495117
		endloop
	endfacet
	facet normal 0 0 1
		outer loop
			vertex -427.79461669921875 98.05561828613281 17.683530807495117
			vertex -429.4894104003906 97.49069213867188 17.683530807495117
			vertex -428.9244689941406 96.92576599121094 17.683530807495117
		endloop
	endfacet
	facet normal 0 0 1
		outer loop
			vertex -428.3595275878906 98.62054443359375 17.683530807495117
			vertex -429.4894104003906 97.49069213867188 17.683530807495117
			vertex -427.79461669921875 98.05561828613281 17.683530807495117
		endloop
	endfacet
	facet normal -0.7070972316902029 -0.7071163305539279 0
		outer loop
			vertex -427.399169921875 97.49069213867188 16.933530807495117
			vertex -426.834228515625 96.92576599121094 16.933530807495117
			vertex -426.834228515625 96.92576599121094 17.683530807495117
		endloop
	endfacet
	facet normal -0.7070972316902029 -0.7071163305539279 0
		outer loop
			vertex -427.399169921875 97.49069213867188 16.933530807495117
			vertex -426.834228515625 96.92576599121094 17.683530807495117
			vertex -427.399169921875 97.49069213867188 17.683530807495117
		endloop
	endfacet
	facet normal 0.7071067811865476 -0.7071067811865476 0
		outer loop
			vertex -426.834228515625 96.92576599121094 16.933530807495117
			vertex -425.7043762207031 98.05561828613281 16.933530807495117
			vertex -425.7043762207031 98.05561828613281 17.683530807495117
		endloop
	endfacet
	facet normal 0.7071067811865476 -0.7071067811865476 0
		outer loop
			vertex -426.834228515625 96.92576599121094 16.933530807495117
			vertex -425.7043762207031 98.05561828613281 17.683530807495117
			vertex -426.834228515625 96.92576599121094 17.683530807495117
		endloop
	endfacet
	facet normal 0.7070972316902029 0.7071163305539279 0
		outer loop
			vertex -426.2693176269531 98.62054443359375 17.683530807495117
			vertex -425.7043762207031 98.05561828613281 16.933530807495117
			vertex -426.2693176269531 98.62054443359375 16.933530807495117
		endloop
	endfacet
	facet normal 0.7070972316902029 0.7071163305539279 0
		outer loop
			vertex -426.2693176269531 98.62054443359375 17.683530807495117
			vertex -425.7043762207031 98.05561828613281 17.683530807495117
			vertex -425.7043762207031 98.05561828613281 16.933530807495117
		endloop
	endfacet
	facet normal -0.7071067811865476 0.7071067811865476 0
		outer loop
			vertex -426.2693176269531 98.62054443359375 16.933530807495117
			vertex -427.399169921875 97.49069213867188 16.933530807495117
			vertex -427.399169921875 97.49069213867188 17.683530807495117
		endloop
	endfacet
	facet normal -0.7071067811865476 0.7071067811865476 0
		outer loop
			vertex -426.2693176269531 98.62054443359375 16.933530807495117
			vertex -427.399169921875 97.49069213867188 17.683530807495117
			vertex -426.2693176269531 98.62054443359375 17.683530807495117
		endloop
	endfacet
	facet normal 0 0 -1
		outer loop
			vertex -427.399169921875 97.49069213867188 16.933530807495117
			vertex -426.2693176269531 98.62054443359375 16.933530807495117
			vertex -425.7043762207031 98.05561828613281 16.933530807495117
		endloop
	endfacet
	facet normal 0 0 -1
		outer loop
			vertex -427.399169921875 97.49069213867188 16.933530807495117
			vertex -425.7043762207031 98.05561828613281 16.933530807495117
			vertex -426.834228515625 96.92576599121094 16.933530807495117
		endloop
	endfacet
	facet normal 0 0 1
		outer loop
			vertex -425.7043762207031 98.05561828613281 17.683530807495117
			vertex -427.399169921875 97.49069213867188 17.683530807495117
			vertex -426.834228515625 96.92576599121094 17.683530807495117
		endloop
	endfacet
	facet normal 0 0 1
		outer loop
			vertex -426.2693176269531 98.62054443359375 17.683530807495117
			vertex -427.399169921875 97.49069213867188 17.683530807495117
			vertex -425.7043762207031 98.05561828613281 17.683530807495117
		endloop
	endfacet
	facet normal -0.7071163308118602 -0.7070972314322634 0
		outer loop
			vertex -425.2947998046875 97.49069213867188 16.933530807495117
			vertex -424.7298889160156 96.92576599121094 16.933530807495117
			vertex -424.7298889160156 96.92576599121094 17.683530807495117
		endloop
	endfacet
	facet normal -0.7071163308118602 -0.7070972314322634 0
		outer loop
			vertex -425.2947998046875 97.49069213867188 16.933530807495117
			vertex -424.7298889160156 96.92576599121094 17.683530807495117
			vertex -425.2947998046875 97.49069213867188 17.683530807495117
		endloop
	endfacet
	facet normal 0.7071067811865476 -0.7071067811865476 0
		outer loop
			vertex -424.7298889160156 96.92576599121094 16.933530807495117
			vertex -423.60003662109375 98.05561828613281 16.933530807495117
			vertex -423.60003662109375 98.05561828613281 17.683530807495117
		endloop
	endfacet
	facet normal 0.7071067811865476 -0.7071067811865476 0
		outer loop
			vertex -424.7298889160156 96.92576599121094 16.933530807495117
			vertex -423.60003662109375 98.05561828613281 17.683530807495117
			vertex -424.7298889160156 96.92576599121094 17.683530807495117
		endloop
	endfacet
	facet normal 0.7071163308118602 0.7070972314322634 0
		outer loop
			vertex -424.1649475097656 98.62054443359375 17.683530807495117
			vertex -423.60003662109375 98.05561828613281 16.933530807495117
			vertex -424.1649475097656 98.62054443359375 16.933530807495117
		endloop
	endfacet
	facet normal 0.7071163308118602 0.7070972314322634 0
		outer loop
			vertex -424.1649475097656 98.62054443359375 17.683530807495117
			vertex -423.60003662109375 98.05561828613281 17.683530807495117
			vertex -423.60003662109375 98.05561828613281 16.933530807495117
		endloop
	endfacet
	facet normal -0.7071067811865476 0.7071067811865476 0
		outer loop
			vertex -424.1649475097656 98.62054443359375 16.933530807495117
			vertex -425.2947998046875 97.49069213867188 16.933530807495117
			vertex -425.2947998046875 97.49069213867188 17.683530807495117
		endloop
	endfacet
	facet normal -0.7071067811865476 0.7071067811865476 0
		outer loop
			vertex -424.1649475097656 98.62054443359375 16.933530807495117
			vertex -425.2947998046875 97.49069213867188 17.683530807495117
			vertex -424.1649475097656 98.62054443359375 17.683530807495117
		endloop
	endfacet
	facet normal 0 0 -1
		outer loop
			vertex -425.2947998046875 97.49069213867188 16.933530807495117
			vertex -424.1649475097656 98.62054443359375 16.933530807495117
			vertex -423.60003662109375 98.05561828613281 16.933530807495117
		endloop
	endfacet
	facet normal 0 0 -1
		outer loop
			vertex -425.2947998046875 97.49069213867188 16.933530807495117
			vertex -423.60003662109375 98.05561828613281 16.933530807495117
			vertex -424.7298889160156 96.92576599121094 16.933530807495117
		endloop
	endfacet
	facet normal 0 0 1
		outer loop
			vertex -423.60003662109375 98.05561828613281 17.683530807495117
			vertex -425.2947998046875 97.49069213867188 17.683530807495117
			vertex -424.7298889160156 96.92576599121094 17.683530807495117
		endloop
	endfacet
	facet normal 0 0 1
		outer loop
			vertex -424.1649475097656 98.62054443359375 17.683530807495117
			vertex -425.2947998046875 97.49069213867188 17.683530807495117
			vertex -423.60003662109375 98.05561828613281 17.683530807495117
		endloop
	endfacet
	facet normal -0.7070972316902029 -0.7071163305539279 0
		outer loop
			vertex -423.1904602050781 97.49069213867188 16.933530807495117
			vertex -422.6255187988281 96.92576599121094 16.933530807495117
			vertex -422.6255187988281 96.92576599121094 17.683530807495117
		endloop
	endfacet
	facet normal -0.7070972316902029 -0.7071163305539279 0
		outer loop
			vertex -423.1904602050781 97.49069213867188 16.933530807495117
			vertex -422.6255187988281 96.92576599121094 17.683530807495117
			vertex -423.1904602050781 97.49069213867188 17.683530807495117
		endloop
	endfacet
	facet normal 0.7071067811865476 -0.7071067811865476 0
		outer loop
			vertex -422.6255187988281 96.92576599121094 16.933530807495117
			vertex -421.49566650390625 98.05561828613281 16.933530807495117
			vertex -421.49566650390625 98.05561828613281 17.683530807495117
		endloop
	endfacet
	facet normal 0.7071067811865476 -0.7071067811865476 0
		outer loop
			vertex -422.6255187988281 96.92576599121094 16.933530807495117
			vertex -421.49566650390625 98.05561828613281 17.683530807495117
			vertex -422.6255187988281 96.92576599121094 17.683530807495117
		endloop
	endfacet
	facet normal 0.7070972316902029 0.7071163305539279 0
		outer loop
			vertex -422.06060791015625 98.62054443359375 17.683530807495117
			vertex -421.49566650390625 98.05561828613281 16.933530807495117
			vertex -422.06060791015625 98.62054443359375 16.933530807495117
		endloop
	endfacet
	facet normal 0.7070972316902029 0.7071163305539279 0
		outer loop
			vertex -422.06060791015625 98.62054443359375 17.683530807495117
			vertex -421.49566650390625 98.05561828613281 17.683530807495117
			vertex -421.49566650390625 98.05561828613281 16.933530807495117
		endloop
	endfacet
	facet normal -0.7071067811865476 0.7071067811865476 0
		outer loop
			vertex -422.06060791015625 98.62054443359375 16.933530807495117
			vertex -423.1904602050781 97.49069213867188 16.933530807495117
			vertex -423.1904602050781 97.49069213867188 17.683530807495117
		endloop
	endfacet
	facet normal -0.7071067811865476 0.7071067811865476 0
		outer loop
			vertex -422.06060791015625 98.62054443359375 16.933530807495117
			vertex -423.1904602050781 97.49069213867188 17.683530807495117
			vertex -422.06060791015625 98.62054443359375 17.683530807495117
		endloop
	endfacet
	facet normal 0 0 -1
		outer loop
			vertex -423.1904602050781 97.49069213867188 16.933530807495117
			vertex -422.06060791015625 98.62054443359375 16.933530807495117
			vertex -421.49566650390625 98.05561828613281 16.933530807495117
		endloop
	endfacet
	facet normal 0 0 -1
		outer loop
			vertex -423.1904602050781 97.49069213867188 16.933530807495117
			vertex -421.49566650390625 98.05561828613281 16.933530807495117
			vertex -422.6255187988281 96.92576599121094 16.933530807495117
		endloop
	endfacet
	facet normal 0 0 1
		outer loop
			vertex -421.49566650390625 98.05561828613281 17.683530807495117
			vertex -423.1904602050781 97.49069213867188 17.683530807495117
			vertex -422.6255187988281 96.92576599121094 17.683530807495117
		endloop
	endfacet
	facet normal 0 0 1
		outer loop
			vertex -422.06060791015625 98.62054443359375 17.683530807495117
			vertex -423.1904602050781 97.49069213867188 17.683530807495117
			vertex -421.49566650390625 98.05561828613281 17.683530807495117
		endloop
	endfacet
	facet normal -0.7071163308118602 -0.7070972314322634 0
		outer loop
			vertex -421.1002197265625 97.49069213867188 16.933530807495117
			vertex -420.5353088378906 96.92576599121094 16.933530807495117
			vertex -420.5353088378906 96.92576599121094 17.683530807495117
		endloop
	endfacet
	facet normal -0.7071163308118602 -0.7070972314322634 0
		outer loop
			vertex -421.1002197265625 97.49069213867188 16.933530807495117
			vertex -420.5353088378906 96.92576599121094 17.683530807495117
			vertex -421.1002197265625 97.49069213867188 17.683530807495117
		endloop
	endfacet
	facet normal 0.7071067811865476 -0.7071067811865476 0
		outer loop
			vertex -420.5353088378906 96.92576599121094 16.933530807495117
			vertex -419.40545654296875 98.05561828613281 16.933530807495117
			vertex -419.40545654296875 98.05561828613281 17.683530807495117
		endloop
	endfacet
	facet normal 0.7071067811865476 -0.7071067811865476 0
		outer loop
			vertex -420.5353088378906 96.92576599121094 16.933530807495117
			vertex -419.40545654296875 98.05561828613281 17.683530807495117
			vertex -420.5353088378906 96.92576599121094 17.683530807495117
		endloop
	endfacet
	facet normal 0.7071163308118602 0.7070972314322634 0
		outer loop
			vertex -419.9703674316406 98.62054443359375 17.683530807495117
			vertex -419.40545654296875 98.05561828613281 16.933530807495117
			vertex -419.9703674316406 98.62054443359375 16.933530807495117
		endloop
	endfacet
	facet normal 0.7071163308118602 0.7070972314322634 0
		outer loop
			vertex -419.9703674316406 98.62054443359375 17.683530807495117
			vertex -419.40545654296875 98.05561828613281 17.683530807495117
			vertex -419.40545654296875 98.05561828613281 16.933530807495117
		endloop
	endfacet
	facet normal -0.7071067811865476 0.7071067811865476 0
		outer loop
			vertex -419.9703674316406 98.62054443359375 16.933530807495117
			vertex -421.1002197265625 97.49069213867188 16.933530807495117
			vertex -421.1002197265625 97.49069213867188 17.683530807495117
		endloop
	endfacet
	facet normal -0.7071067811865476 0.7071067811865476 0
		outer loop
			vertex -419.9703674316406 98.62054443359375 16.933530807495117
			vertex -421.1002197265625 97.49069213867188 17.683530807495117
			vertex -419.9703674316406 98.62054443359375 17.683530807495117
		endloop
	endfacet
	facet normal 0 0 -1
		outer loop
			vertex -421.1002197265625 97.49069213867188 16.933530807495117
			vertex -419.9703674316406 98.62054443359375 16.933530807495117
			vertex -419.40545654296875 98.05561828613281 16.933530807495117
		endloop
	endfacet
	facet normal 0 0 -1
		outer loop
			vertex -421.1002197265625 97.49069213867188 16.933530807495117
			vertex -419.40545654296875 98.05561828613281 16.933530807495117
			vertex -420.5353088378906 96.92576599121094 16.933530807495117
		endloop
	endfacet
	facet normal 0 0 1
		outer loop
			vertex -419.40545654296875 98.05561828613281 17.683530807495117
			vertex -421.1002197265625 97.49069213867188 17.683530807495117
			vertex -420.5353088378906 96.92576599121094 17.683530807495117
		endloop
	endfacet
	facet normal 0 0 1
		outer loop
			vertex -419.9703674316406 98.62054443359375 17.683530807495117
			vertex -421.1002197265625 97.49069213867188 17.683530807495117
			vertex -419.40545654296875 98.05561828613281 17.683530807495117
		endloop
	endfacet
	facet normal -0.7070972316902029 -0.7071163305539279 0
		outer loop
			vertex -418.9958801269531 97.49069213867188 16.933530807495117
			vertex -418.4309387207031 96.92576599121094 16.933530807495117
			vertex -418.4309387207031 96.92576599121094 17.683530807495117
		endloop
	endfacet
	facet normal -0.7070972316902029 -0.7071163305539279 0
		outer loop
			vertex -418.9958801269531 97.49069213867188 16.933530807495117
			vertex -418.4309387207031 96.92576599121094 17.683530807495117
			vertex -418.9958801269531 97.49069213867188 17.683530807495117
		endloop
	endfacet
	facet normal 0.7071067811865476 -0.7071067811865476 0
		outer loop
			vertex -418.4309387207031 96.92576599121094 16.933530807495117
			vertex -417.30108642578125 98.05561828613281 16.933530807495117
			vertex -417.30108642578125 98.05561828613281 17.683530807495117
		endloop
	endfacet
	facet normal 0.7071067811865476 -0.7071067811865476 0
		outer loop
			vertex -418.4309387207031 96.92576599121094 16.933530807495117
			vertex -417.30108642578125 98.05561828613281 17.683530807495117
			vertex -418.4309387207031 96.92576599121094 17.683530807495117
		endloop
	endfacet
	facet normal 0.7070972316902029 0.7071163305539279 0
		outer loop
			vertex -417.86602783203125 98.62054443359375 17.683530807495117
			vertex -417.30108642578125 98.05561828613281 16.933530807495117
			vertex -417.86602783203125 98.62054443359375 16.933530807495117
		endloop
	endfacet
	facet normal 0.7070972316902029 0.7071163305539279 0
		outer loop
			vertex -417.86602783203125 98.62054443359375 17.683530807495117
			vertex -417.30108642578125 98.05561828613281 17.683530807495117
			vertex -417.30108642578125 98.05561828613281 16.933530807495117
		endloop
	endfacet
	facet normal -0.7071067811865476 0.7071067811865476 0
		outer loop
			vertex -417.86602783203125 98.62054443359375 16.933530807495117
			vertex -418.9958801269531 97.49069213867188 16.933530807495117
			vertex -418.9958801269531 97.49069213867188 17.683530807495117
		endloop
	endfacet
	facet normal -0.7071067811865476 0.7071067811865476 0
		outer loop
			vertex -417.86602783203125 98.62054443359375 16.933530807495117
			vertex -418.9958801269531 97.49069213867188 17.683530807495117
			vertex -417.86602783203125 98.62054443359375 17.683530807495117
		endloop
	endfacet
	facet normal 0 0 -1
		outer loop
			vertex -418.9958801269531 97.49069213867188 16.933530807495117
			vertex -417.86602783203125 98.62054443359375 16.933530807495117
			vertex -417.30108642578125 98.05561828613281 16.933530807495117
		endloop
	endfacet
	facet normal 0 0 -1
		outer loop
			vertex -418.9958801269531 97.49069213867188 16.933530807495117
			vertex -417.30108642578125 98.05561828613281 16.933530807495117
			vertex -418.4309387207031 96.92576599121094 16.933530807495117
		endloop
	endfacet
	facet normal 0 0 1
		outer loop
			vertex -417.30108642578125 98.05561828613281 17.683530807495117
			vertex -418.9958801269531 97.49069213867188 17.683530807495117
			vertex -418.4309387207031 96.92576599121094 17.683530807495117
		endloop
	endfacet
	facet normal 0 0 1
		outer loop
			vertex -417.86602783203125 98.62054443359375 17.683530807495117
			vertex -418.9958801269531 97.49069213867188 17.683530807495117
			vertex -417.30108642578125 98.05561828613281 17.683530807495117
		endloop
	endfacet
	facet normal -0.7071163308118602 -0.7070972314322634 0
		outer loop
			vertex -416.8915100097656 97.49069213867188 16.933530807495117
			vertex -416.32659912109375 96.92576599121094 16.933530807495117
			vertex -416.32659912109375 96.92576599121094 17.683530807495117
		endloop
	endfacet
	facet normal -0.7071163308118602 -0.7070972314322634 0
		outer loop
			vertex -416.8915100097656 97.49069213867188 16.933530807495117
			vertex -416.32659912109375 96.92576599121094 17.683530807495117
			vertex -416.8915100097656 97.49069213867188 17.683530807495117
		endloop
	endfacet
	facet normal 0.7071067811865476 -0.7071067811865476 0
		outer loop
			vertex -416.32659912109375 96.92576599121094 16.933530807495117
			vertex -415.1967468261719 98.05561828613281 16.933530807495117
			vertex -415.1967468261719 98.05561828613281 17.683530807495117
		endloop
	endfacet
	facet normal 0.7071067811865476 -0.7071067811865476 0
		outer loop
			vertex -416.32659912109375 96.92576599121094 16.933530807495117
			vertex -415.1967468261719 98.05561828613281 17.683530807495117
			vertex -416.32659912109375 96.92576599121094 17.683530807495117
		endloop
	endfacet
	facet normal 0.7071163308118602 0.7070972314322634 0
		outer loop
			vertex -415.76165771484375 98.62054443359375 17.683530807495117
			vertex -415.1967468261719 98.05561828613281 16.933530807495117
			vertex -415.76165771484375 98.62054443359375 16.933530807495117
		endloop
	endfacet
	facet normal 0.7071163308118602 0.7070972314322634 0
		outer loop
			vertex -415.76165771484375 98.62054443359375 17.683530807495117
			vertex -415.1967468261719 98.05561828613281 17.683530807495117
			vertex -415.1967468261719 98.05561828613281 16.933530807495117
		endloop
	endfacet
	facet normal -0.7071067811865476 0.7071067811865476 0
		outer loop
			vertex -415.76165771484375 98.62054443359375 16.933530807495117
			vertex -416.8915100097656 97.49069213867188 16.933530807495117
			vertex -416.8915100097656 97.49069213867188 17.683530807495117
		endloop
	endfacet
	facet normal -0.7071067811865476 0.7071067811865476 0
		outer loop
			vertex -415.76165771484375 98.62054443359375 16.933530807495117
			vertex -416.8915100097656 97.49069213867188 17.683530807495117
			vertex -415.76165771484375 98.62054443359375 17.683530807495117
		endloop
	endfacet
	facet normal 0 0 -1
		outer loop
			vertex -416.8915100097656 97.49069213867188 16.933530807495117
			vertex -415.76165771484375 98.62054443359375 16.933530807495117
			vertex -415.1967468261719 98.05561828613281 16.933530807495117
		endloop
	endfacet
	facet normal 0 0 -1
		outer loop
			vertex -416.8915100097656 97.49069213867188 16.933530807495117
			vertex -415.1967468261719 98.05561828613281 16.933530807495117
			vertex -416.32659912109375 96.92576599121094 16.933530807495117
		endloop
	endfacet
	facet normal 0 0 1
		outer loop
			vertex -415.1967468261719 98.05561828613281 17.683530807495117
			vertex -416.8915100097656 97.49069213867188 17.683530807495117
			vertex -416.32659912109375 96.92576599121094 17.683530807495117
		endloop
	endfacet
	facet normal 0 0 1
		outer loop
			vertex -415.76165771484375 98.62054443359375 17.683530807495117
			vertex -416.8915100097656 97.49069213867188 17.683530807495117
			vertex -415.1967468261719 98.05561828613281 17.683530807495117
		endloop
	endfacet
	facet normal -0.7070972316902029 -0.7071163305539279 0
		outer loop
			vertex -414.78717041015625 97.49069213867188 16.933530807495117
			vertex -414.22222900390625 96.92576599121094 16.933530807495117
			vertex -414.22222900390625 96.92576599121094 17.683530807495117
		endloop
	endfacet
	facet normal -0.7070972316902029 -0.7071163305539279 0
		outer loop
			vertex -414.78717041015625 97.49069213867188 16.933530807495117
			vertex -414.22222900390625 96.92576599121094 17.683530807495117
			vertex -414.78717041015625 97.49069213867188 17.683530807495117
		endloop
	endfacet
	facet normal 0.7071067811865476 -0.7071067811865476 0
		outer loop
			vertex -414.22222900390625 96.92576599121094 16.933530807495117
			vertex -413.0923767089844 98.05561828613281 16.933530807495117
			vertex -413.0923767089844 98.05561828613281 17.683530807495117
		endloop
	endfacet
	facet normal 0.7071067811865476 -0.7071067811865476 0
		outer loop
			vertex -414.22222900390625 96.92576599121094 16.933530807495117
			vertex -413.0923767089844 98.05561828613281 17.683530807495117
			vertex -414.22222900390625 96.92576599121094 17.683530807495117
		endloop
	endfacet
	facet normal 0.7070972316902029 0.7071163305539279 0
		outer loop
			vertex -413.6573181152344 98.62054443359375 17.683530807495117
			vertex -413.0923767089844 98.05561828613281 16.933530807495117
			vertex -413.6573181152344 98.62054443359375 16.933530807495117
		endloop
	endfacet
	facet normal 0.7070972316902029 0.7071163305539279 0
		outer loop
			vertex -413.6573181152344 98.62054443359375 17.683530807495117
			vertex -413.0923767089844 98.05561828613281 17.683530807495117
			vertex -413.0923767089844 98.05561828613281 16.933530807495117
		endloop
	endfacet
	facet normal -0.7071067811865476 0.7071067811865476 0
		outer loop
			vertex -413.6573181152344 98.62054443359375 16.933530807495117
			vertex -414.78717041015625 97.49069213867188 16.933530807495117
			vertex -414.78717041015625 97.49069213867188 17.683530807495117
		endloop
	endfacet
	facet normal -0.7071067811865476 0.7071067811865476 0
		outer loop
			vertex -413.6573181152344 98.62054443359375 16.933530807495117
			vertex -414.78717041015625 97.49069213867188 17.683530807495117
			vertex -413.6573181152344 98.62054443359375 17.683530807495117
		endloop
	endfacet
	facet normal 0 0 -1
		outer loop
			vertex -414.78717041015625 97.49069213867188 16.933530807495117
			vertex -413.6573181152344 98.62054443359375 16.933530807495117
			vertex -413.0923767089844 98.05561828613281 16.933530807495117
		endloop
	endfacet
	facet normal 0 0 -1
		outer loop
			vertex -414.78717041015625 97.49069213867188 16.933530807495117
			vertex -413.0923767089844 98.05561828613281 16.933530807495117
			vertex -414.22222900390625 96.92576599121094 16.933530807495117
		endloop
	endfacet
	facet normal 0 0 1
		outer loop
			vertex -413.0923767089844 98.05561828613281 17.683530807495117
			vertex -414.78717041015625 97.49069213867188 17.683530807495117
			vertex -414.22222900390625 96.92576599121094 17.683530807495117
		endloop
	endfacet
	facet normal 0 0 1
		outer loop
			vertex -413.6573181152344 98.62054443359375 17.683530807495117
			vertex -414.78717041015625 97.49069213867188 17.683530807495117
			vertex -413.0923767089844 98.05561828613281 17.683530807495117
		endloop
	endfacet
	facet normal -0.7071163308118602 -0.7070972314322634 0
		outer loop
			vertex -412.6969299316406 97.49069213867188 16.933530807495117
			vertex -412.13201904296875 96.92576599121094 16.933530807495117
			vertex -412.13201904296875 96.92576599121094 17.683530807495117
		endloop
	endfacet
	facet normal -0.7071163308118602 -0.7070972314322634 0
		outer loop
			vertex -412.6969299316406 97.49069213867188 16.933530807495117
			vertex -412.13201904296875 96.92576599121094 17.683530807495117
			vertex -412.6969299316406 97.49069213867188 17.683530807495117
		endloop
	endfacet
	facet normal 0.7070972316902029 -0.7071163305539279 0
		outer loop
			vertex -412.13201904296875 96.92576599121094 16.933530807495117
			vertex -411.00213623046875 98.05561828613281 16.933530807495117
			vertex -411.00213623046875 98.05561828613281 17.683530807495117
		endloop
	endfacet
	facet normal 0.7070972316902029 -0.7071163305539279 0
		outer loop
			vertex -412.13201904296875 96.92576599121094 16.933530807495117
			vertex -411.00213623046875 98.05561828613281 17.683530807495117
			vertex -412.13201904296875 96.92576599121094 17.683530807495117
		endloop
	endfacet
	facet normal 0.7070972316902029 0.7071163305539279 0
		outer loop
			vertex -411.56707763671875 98.62054443359375 17.683530807495117
			vertex -411.00213623046875 98.05561828613281 16.933530807495117
			vertex -411.56707763671875 98.62054443359375 16.933530807495117
		endloop
	endfacet
	facet normal 0.7070972316902029 0.7071163305539279 0
		outer loop
			vertex -411.56707763671875 98.62054443359375 17.683530807495117
			vertex -411.00213623046875 98.05561828613281 17.683530807495117
			vertex -411.00213623046875 98.05561828613281 16.933530807495117
		endloop
	endfacet
	facet normal -0.7071067811865476 0.7071067811865476 0
		outer loop
			vertex -411.56707763671875 98.62054443359375 16.933530807495117
			vertex -412.6969299316406 97.49069213867188 16.933530807495117
			vertex -412.6969299316406 97.49069213867188 17.683530807495117
		endloop
	endfacet
	facet normal -0.7071067811865476 0.7071067811865476 0
		outer loop
			vertex -411.56707763671875 98.62054443359375 16.933530807495117
			vertex -412.6969299316406 97.49069213867188 17.683530807495117
			vertex -411.56707763671875 98.62054443359375 17.683530807495117
		endloop
	endfacet
	facet normal 0 0 -1
		outer loop
			vertex -412.6969299316406 97.49069213867188 16.933530807495117
			vertex -411.56707763671875 98.62054443359375 16.933530807495117
			vertex -411.00213623046875 98.05561828613281 16.933530807495117
		endloop
	endfacet
	facet normal 0 0 -1
		outer loop
			vertex -412.6969299316406 97.49069213867188 16.933530807495117
			vertex -411.00213623046875 98.05561828613281 16.933530807495117
			vertex -412.13201904296875 96.92576599121094 16.933530807495117
		endloop
	endfacet
	facet normal 0 0 1
		outer loop
			vertex -411.00213623046875 98.05561828613281 17.683530807495117
			vertex -412.6969299316406 97.49069213867188 17.683530807495117
			vertex -412.13201904296875 96.92576599121094 17.683530807495117
		endloop
	endfacet
	facet normal 0 0 1
		outer loop
			vertex -411.56707763671875 98.62054443359375 17.683530807495117
			vertex -412.6969299316406 97.49069213867188 17.683530807495117
			vertex -411.00213623046875 98.05561828613281 17.683530807495117
		endloop
	endfacet
	facet normal -0.7071163308118602 -0.7070972314322634 0
		outer loop
			vertex -410.5925598144531 97.49069213867188 16.933530807495117
			vertex -410.02764892578125 96.92576599121094 16.933530807495117
			vertex -410.02764892578125 96.92576599121094 17.683530807495117
		endloop
	endfacet
	facet normal -0.7071163308118602 -0.7070972314322634 0
		outer loop
			vertex -410.5925598144531 97.49069213867188 16.933530807495117
			vertex -410.02764892578125 96.92576599121094 17.683530807495117
			vertex -410.5925598144531 97.49069213867188 17.683530807495117
		endloop
	endfacet
	facet normal 0.7071067811865476 -0.7071067811865476 0
		outer loop
			vertex -410.02764892578125 96.92576599121094 16.933530807495117
			vertex -408.8977966308594 98.05561828613281 16.933530807495117
			vertex -408.8977966308594 98.05561828613281 17.683530807495117
		endloop
	endfacet
	facet normal 0.7071067811865476 -0.7071067811865476 0
		outer loop
			vertex -410.02764892578125 96.92576599121094 16.933530807495117
			vertex -408.8977966308594 98.05561828613281 17.683530807495117
			vertex -410.02764892578125 96.92576599121094 17.683530807495117
		endloop
	endfacet
	facet normal 0.7071163308118602 0.7070972314322634 0
		outer loop
			vertex -409.46270751953125 98.62054443359375 17.683530807495117
			vertex -408.8977966308594 98.05561828613281 16.933530807495117
			vertex -409.46270751953125 98.62054443359375 16.933530807495117
		endloop
	endfacet
	facet normal 0.7071163308118602 0.7070972314322634 0
		outer loop
			vertex -409.46270751953125 98.62054443359375 17.683530807495117
			vertex -408.8977966308594 98.05561828613281 17.683530807495117
			vertex -408.8977966308594 98.05561828613281 16.933530807495117
		endloop
	endfacet
	facet normal -0.7071067811865476 0.7071067811865476 0
		outer loop
			vertex -409.46270751953125 98.62054443359375 16.933530807495117
			vertex -410.5925598144531 97.49069213867188 16.933530807495117
			vertex -410.5925598144531 97.49069213867188 17.683530807495117
		endloop
	endfacet
	facet normal -0.7071067811865476 0.7071067811865476 0
		outer loop
			vertex -409.46270751953125 98.62054443359375 16.933530807495117
			vertex -410.5925598144531 97.49069213867188 17.683530807495117
			vertex -409.46270751953125 98.62054443359375 17.683530807495117
		endloop
	endfacet
	facet normal 0 0 -1
		outer loop
			vertex -410.5925598144531 97.49069213867188 16.933530807495117
			vertex -409.46270751953125 98.62054443359375 16.933530807495117
			vertex -408.8977966308594 98.05561828613281 16.933530807495117
		endloop
	endfacet
	facet normal 0 0 -1
		outer loop
			vertex -410.5925598144531 97.49069213867188 16.933530807495117
			vertex -408.8977966308594 98.05561828613281 16.933530807495117
			vertex -410.02764892578125 96.92576599121094 16.933530807495117
		endloop
	endfacet
	facet normal 0 0 1
		outer loop
			vertex -408.8977966308594 98.05561828613281 17.683530807495117
			vertex -410.5925598144531 97.49069213867188 17.683530807495117
			vertex -410.02764892578125 96.92576599121094 17.683530807495117
		endloop
	endfacet
	facet normal 0 0 1
		outer loop
			vertex -409.46270751953125 98.62054443359375 17.683530807495117
			vertex -410.5925598144531 97.49069213867188 17.683530807495117
			vertex -408.8977966308594 98.05561828613281 17.683530807495117
		endloop
	endfacet
	facet normal -0.7071163308118602 -0.7070972314322634 0
		outer loop
			vertex -408.48822021484375 97.49069213867188 16.933530807495117
			vertex -407.9233093261719 96.92576599121094 16.933530807495117
			vertex -407.9233093261719 96.92576599121094 17.683530807495117
		endloop
	endfacet
	facet normal -0.7071163308118602 -0.7070972314322634 0
		outer loop
			vertex -408.48822021484375 97.49069213867188 16.933530807495117
			vertex -407.9233093261719 96.92576599121094 17.683530807495117
			vertex -408.48822021484375 97.49069213867188 17.683530807495117
		endloop
	endfacet
	facet normal 0.7071067811865476 -0.7071067811865476 0
		outer loop
			vertex -407.9233093261719 96.92576599121094 16.933530807495117
			vertex -406.79345703125 98.05561828613281 16.933530807495117
			vertex -406.79345703125 98.05561828613281 17.683530807495117
		endloop
	endfacet
	facet normal 0.7071067811865476 -0.7071067811865476 0
		outer loop
			vertex -407.9233093261719 96.92576599121094 16.933530807495117
			vertex -406.79345703125 98.05561828613281 17.683530807495117
			vertex -407.9233093261719 96.92576599121094 17.683530807495117
		endloop
	endfacet
	facet normal 0.7071163308118602 0.7070972314322634 0
		outer loop
			vertex -407.3583679199219 98.62054443359375 17.683530807495117
			vertex -406.79345703125 98.05561828613281 16.933530807495117
			vertex -407.3583679199219 98.62054443359375 16.933530807495117
		endloop
	endfacet
	facet normal 0.7071163308118602 0.7070972314322634 0
		outer loop
			vertex -407.3583679199219 98.62054443359375 17.683530807495117
			vertex -406.79345703125 98.05561828613281 17.683530807495117
			vertex -406.79345703125 98.05561828613281 16.933530807495117
		endloop
	endfacet
	facet normal -0.7071067811865476 0.7071067811865476 0
		outer loop
			vertex -407.3583679199219 98.62054443359375 16.933530807495117
			vertex -408.48822021484375 97.49069213867188 16.933530807495117
			vertex -408.48822021484375 97.49069213867188 17.683530807495117
		endloop
	endfacet
	facet normal -0.7071067811865476 0.7071067811865476 0
		outer loop
			vertex -407.3583679199219 98.62054443359375 16.933530807495117
			vertex -408.48822021484375 97.49069213867188 17.683530807495117
			vertex -407.3583679199219 98.62054443359375 17.683530807495117
		endloop
	endfacet
	facet normal 0 0 -1
		outer loop
			vertex -408.48822021484375 97.49069213867188 16.933530807495117
			vertex -407.3583679199219 98.62054443359375 16.933530807495117
			vertex -406.79345703125 98.05561828613281 16.933530807495117
		endloop
	endfacet
	facet normal 0 0 -1
		outer loop
			vertex -408.48822021484375 97.49069213867188 16.933530807495117
			vertex -406.79345703125 98.05561828613281 16.933530807495117
			vertex -407.9233093261719 96.92576599121094 16.933530807495117
		endloop
	endfacet
	facet normal 0 0 1
		outer loop
			vertex -406.79345703125 98.05561828613281 17.683530807495117
			vertex -408.48822021484375 97.49069213867188 17.683530807495117
			vertex -407.9233093261719 96.92576599121094 17.683530807495117
		endloop
	endfacet
	facet normal 0 0 1
		outer loop
			vertex -407.3583679199219 98.62054443359375 17.683530807495117
			vertex -408.48822021484375 97.49069213867188 17.683530807495117
			vertex -406.79345703125 98.05561828613281 17.683530807495117
		endloop
	endfacet
	facet normal -0.7070972316902029 -0.7071163305539279 0
		outer loop
			vertex -433.6981201171875 99.49618530273438 16.933530807495117
			vertex -433.1331787109375 98.93125915527344 16.933530807495117
			vertex -433.1331787109375 98.93125915527344 17.683530807495117
		endloop
	endfacet
	facet normal -0.7070972316902029 -0.7071163305539279 0
		outer loop
			vertex -433.6981201171875 99.49618530273438 16.933530807495117
			vertex -433.1331787109375 98.93125915527344 17.683530807495117
			vertex -433.6981201171875 99.49618530273438 17.683530807495117
		endloop
	endfacet
	facet normal 0.7071067811865476 -0.7071067811865476 0
		outer loop
			vertex -433.1331787109375 98.93125915527344 16.933530807495117
			vertex -432.0033264160156 100.06111145019531 16.933530807495117
			vertex -432.0033264160156 100.06111145019531 17.683530807495117
		endloop
	endfacet
	facet normal 0.7071067811865476 -0.7071067811865476 0
		outer loop
			vertex -433.1331787109375 98.93125915527344 16.933530807495117
			vertex -432.0033264160156 100.06111145019531 17.683530807495117
			vertex -433.1331787109375 98.93125915527344 17.683530807495117
		endloop
	endfacet
	facet normal 0.7071163308118602 0.7070972314322634 0
		outer loop
			vertex -432.5682373046875 100.62603759765625 17.683530807495117
			vertex -432.0033264160156 100.06111145019531 16.933530807495117
			vertex -432.5682373046875 100.62603759765625 16.933530807495117
		endloop
	endfacet
	facet normal 0.7071163308118602 0.7070972314322634 0
		outer loop
			vertex -432.5682373046875 100.62603759765625 17.683530807495117
			vertex -432.0033264160156 100.06111145019531 17.683530807495117
			vertex -432.0033264160156 100.06111145019531 16.933530807495117
		endloop
	endfacet
	facet normal -0.7070972316902029 0.7071163305539279 0
		outer loop
			vertex -432.5682373046875 100.62603759765625 16.933530807495117
			vertex -433.6981201171875 99.49618530273438 16.933530807495117
			vertex -433.6981201171875 99.49618530273438 17.683530807495117
		endloop
	endfacet
	facet normal -0.7070972316902029 0.7071163305539279 0
		outer loop
			vertex -432.5682373046875 100.62603759765625 16.933530807495117
			vertex -433.6981201171875 99.49618530273438 17.683530807495117
			vertex -432.5682373046875 100.62603759765625 17.683530807495117
		endloop
	endfacet
	facet normal 0 0 -1
		outer loop
			vertex -433.6981201171875 99.49618530273438 16.933530807495117
			vertex -432.5682373046875 100.62603759765625 16.933530807495117
			vertex -432.0033264160156 100.06111145019531 16.933530807495117
		endloop
	endfacet
	facet normal 0 0 -1
		outer loop
			vertex -433.6981201171875 99.49618530273438 16.933530807495117
			vertex -432.0033264160156 100.06111145019531 16.933530807495117
			vertex -433.1331787109375 98.93125915527344 16.933530807495117
		endloop
	endfacet
	facet normal 0 0 1
		outer loop
			vertex -432.0033264160156 100.06111145019531 17.683530807495117
			vertex -433.6981201171875 99.49618530273438 17.683530807495117
			vertex -433.1331787109375 98.93125915527344 17.683530807495117
		endloop
	endfacet
	facet normal 0 0 1
		outer loop
			vertex -432.5682373046875 100.62603759765625 17.683530807495117
			vertex -433.6981201171875 99.49618530273438 17.683530807495117
			vertex -432.0033264160156 100.06111145019531 17.683530807495117
		endloop
	endfacet
	facet normal -0.7070972316902029 -0.7071163305539279 0
		outer loop
			vertex -431.59375 99.49618530273438 16.933530807495117
			vertex -431.02880859375 98.93125915527344 16.933530807495117
			vertex -431.02880859375 98.93125915527344 17.683530807495117
		endloop
	endfacet
	facet normal -0.7070972316902029 -0.7071163305539279 0
		outer loop
			vertex -431.59375 99.49618530273438 16.933530807495117
			vertex -431.02880859375 98.93125915527344 17.683530807495117
			vertex -431.59375 99.49618530273438 17.683530807495117
		endloop
	endfacet
	facet normal 0.7071067811865476 -0.7071067811865476 0
		outer loop
			vertex -431.02880859375 98.93125915527344 16.933530807495117
			vertex -429.8989562988281 100.06111145019531 16.933530807495117
			vertex -429.8989562988281 100.06111145019531 17.683530807495117
		endloop
	endfacet
	facet normal 0.7071067811865476 -0.7071067811865476 0
		outer loop
			vertex -431.02880859375 98.93125915527344 16.933530807495117
			vertex -429.8989562988281 100.06111145019531 17.683530807495117
			vertex -431.02880859375 98.93125915527344 17.683530807495117
		endloop
	endfacet
	facet normal 0.7070972316902029 0.7071163305539279 0
		outer loop
			vertex -430.4638977050781 100.62603759765625 17.683530807495117
			vertex -429.8989562988281 100.06111145019531 16.933530807495117
			vertex -430.4638977050781 100.62603759765625 16.933530807495117
		endloop
	endfacet
	facet normal 0.7070972316902029 0.7071163305539279 0
		outer loop
			vertex -430.4638977050781 100.62603759765625 17.683530807495117
			vertex -429.8989562988281 100.06111145019531 17.683530807495117
			vertex -429.8989562988281 100.06111145019531 16.933530807495117
		endloop
	endfacet
	facet normal -0.7071067811865476 0.7071067811865476 0
		outer loop
			vertex -430.4638977050781 100.62603759765625 16.933530807495117
			vertex -431.59375 99.49618530273438 16.933530807495117
			vertex -431.59375 99.49618530273438 17.683530807495117
		endloop
	endfacet
	facet normal -0.7071067811865476 0.7071067811865476 0
		outer loop
			vertex -430.4638977050781 100.62603759765625 16.933530807495117
			vertex -431.59375 99.49618530273438 17.683530807495117
			vertex -430.4638977050781 100.62603759765625 17.683530807495117
		endloop
	endfacet
	facet normal 0 0 -1
		outer loop
			vertex -431.59375 99.49618530273438 16.933530807495117
			vertex -430.4638977050781 100.62603759765625 16.933530807495117
			vertex -429.8989562988281 100.06111145019531 16.933530807495117
		endloop
	endfacet
	facet normal 0 0 -1
		outer loop
			vertex -431.59375 99.49618530273438 16.933530807495117
			vertex -429.8989562988281 100.06111145019531 16.933530807495117
			vertex -431.02880859375 98.93125915527344 16.933530807495117
		endloop
	endfacet
	facet normal 0 0 1
		outer loop
			vertex -429.8989562988281 100.06111145019531 17.683530807495117
			vertex -431.59375 99.49618530273438 17.683530807495117
			vertex -431.02880859375 98.93125915527344 17.683530807495117
		endloop
	endfacet
	facet normal 0 0 1
		outer loop
			vertex -430.4638977050781 100.62603759765625 17.683530807495117
			vertex -431.59375 99.49618530273438 17.683530807495117
			vertex -429.8989562988281 100.06111145019531 17.683530807495117
		endloop
	endfacet
	facet normal -0.7070972316902029 -0.7071163305539279 0
		outer loop
			vertex -429.4894104003906 99.49618530273438 16.933530807495117
			vertex -428.9244689941406 98.93125915527344 16.933530807495117
			vertex -428.9244689941406 98.93125915527344 17.683530807495117
		endloop
	endfacet
	facet normal -0.7070972316902029 -0.7071163305539279 0
		outer loop
			vertex -429.4894104003906 99.49618530273438 16.933530807495117
			vertex -428.9244689941406 98.93125915527344 17.683530807495117
			vertex -429.4894104003906 99.49618530273438 17.683530807495117
		endloop
	endfacet
	facet normal 0.7071067811865476 -0.7071067811865476 0
		outer loop
			vertex -428.9244689941406 98.93125915527344 16.933530807495117
			vertex -427.79461669921875 100.06111145019531 16.933530807495117
			vertex -427.79461669921875 100.06111145019531 17.683530807495117
		endloop
	endfacet
	facet normal 0.7071067811865476 -0.7071067811865476 0
		outer loop
			vertex -428.9244689941406 98.93125915527344 16.933530807495117
			vertex -427.79461669921875 100.06111145019531 17.683530807495117
			vertex -428.9244689941406 98.93125915527344 17.683530807495117
		endloop
	endfacet
	facet normal 0.7071163308118602 0.7070972314322634 0
		outer loop
			vertex -428.3595275878906 100.62603759765625 17.683530807495117
			vertex -427.79461669921875 100.06111145019531 16.933530807495117
			vertex -428.3595275878906 100.62603759765625 16.933530807495117
		endloop
	endfacet
	facet normal 0.7071163308118602 0.7070972314322634 0
		outer loop
			vertex -428.3595275878906 100.62603759765625 17.683530807495117
			vertex -427.79461669921875 100.06111145019531 17.683530807495117
			vertex -427.79461669921875 100.06111145019531 16.933530807495117
		endloop
	endfacet
	facet normal -0.7070972316902029 0.7071163305539279 0
		outer loop
			vertex -428.3595275878906 100.62603759765625 16.933530807495117
			vertex -429.4894104003906 99.49618530273438 16.933530807495117
			vertex -429.4894104003906 99.49618530273438 17.683530807495117
		endloop
	endfacet
	facet normal -0.7070972316902029 0.7071163305539279 0
		outer loop
			vertex -428.3595275878906 100.62603759765625 16.933530807495117
			vertex -429.4894104003906 99.49618530273438 17.683530807495117
			vertex -428.3595275878906 100.62603759765625 17.683530807495117
		endloop
	endfacet
	facet normal 0 0 -1
		outer loop
			vertex -429.4894104003906 99.49618530273438 16.933530807495117
			vertex -428.3595275878906 100.62603759765625 16.933530807495117
			vertex -427.79461669921875 100.06111145019531 16.933530807495117
		endloop
	endfacet
	facet normal 0 0 -1
		outer loop
			vertex -429.4894104003906 99.49618530273438 16.933530807495117
			vertex -427.79461669921875 100.06111145019531 16.933530807495117
			vertex -428.9244689941406 98.93125915527344 16.933530807495117
		endloop
	endfacet
	facet normal 0 0 1
		outer loop
			vertex -427.79461669921875 100.06111145019531 17.683530807495117
			vertex -429.4894104003906 99.49618530273438 17.683530807495117
			vertex -428.9244689941406 98.93125915527344 17.683530807495117
		endloop
	endfacet
	facet normal 0 0 1
		outer loop
			vertex -428.3595275878906 100.62603759765625 17.683530807495117
			vertex -429.4894104003906 99.49618530273438 17.683530807495117
			vertex -427.79461669921875 100.06111145019531 17.683530807495117
		endloop
	endfacet
	facet normal -0.7070972316902029 -0.7071163305539279 0
		outer loop
			vertex -427.399169921875 99.49618530273438 16.933530807495117
			vertex -426.834228515625 98.93125915527344 16.933530807495117
			vertex -426.834228515625 98.93125915527344 17.683530807495117
		endloop
	endfacet
	facet normal -0.7070972316902029 -0.7071163305539279 0
		outer loop
			vertex -427.399169921875 99.49618530273438 16.933530807495117
			vertex -426.834228515625 98.93125915527344 17.683530807495117
			vertex -427.399169921875 99.49618530273438 17.683530807495117
		endloop
	endfacet
	facet normal 0.7071067811865476 -0.7071067811865476 0
		outer loop
			vertex -426.834228515625 98.93125915527344 16.933530807495117
			vertex -425.7043762207031 100.06111145019531 16.933530807495117
			vertex -425.7043762207031 100.06111145019531 17.683530807495117
		endloop
	endfacet
	facet normal 0.7071067811865476 -0.7071067811865476 0
		outer loop
			vertex -426.834228515625 98.93125915527344 16.933530807495117
			vertex -425.7043762207031 100.06111145019531 17.683530807495117
			vertex -426.834228515625 98.93125915527344 17.683530807495117
		endloop
	endfacet
	facet normal 0.7070972316902029 0.7071163305539279 0
		outer loop
			vertex -426.2693176269531 100.62603759765625 17.683530807495117
			vertex -425.7043762207031 100.06111145019531 16.933530807495117
			vertex -426.2693176269531 100.62603759765625 16.933530807495117
		endloop
	endfacet
	facet normal 0.7070972316902029 0.7071163305539279 0
		outer loop
			vertex -426.2693176269531 100.62603759765625 17.683530807495117
			vertex -425.7043762207031 100.06111145019531 17.683530807495117
			vertex -425.7043762207031 100.06111145019531 16.933530807495117
		endloop
	endfacet
	facet normal -0.7071067811865476 0.7071067811865476 0
		outer loop
			vertex -426.2693176269531 100.62603759765625 16.933530807495117
			vertex -427.399169921875 99.49618530273438 16.933530807495117
			vertex -427.399169921875 99.49618530273438 17.683530807495117
		endloop
	endfacet
	facet normal -0.7071067811865476 0.7071067811865476 0
		outer loop
			vertex -426.2693176269531 100.62603759765625 16.933530807495117
			vertex -427.399169921875 99.49618530273438 17.683530807495117
			vertex -426.2693176269531 100.62603759765625 17.683530807495117
		endloop
	endfacet
	facet normal 0 0 -1
		outer loop
			vertex -427.399169921875 99.49618530273438 16.933530807495117
			vertex -426.2693176269531 100.62603759765625 16.933530807495117
			vertex -425.7043762207031 100.06111145019531 16.933530807495117
		endloop
	endfacet
	facet normal 0 0 -1
		outer loop
			vertex -427.399169921875 99.49618530273438 16.933530807495117
			vertex -425.7043762207031 100.06111145019531 16.933530807495117
			vertex -426.834228515625 98.93125915527344 16.933530807495117
		endloop
	endfacet
	facet normal 0 0 1
		outer loop
			vertex -425.7043762207031 100.06111145019531 17.683530807495117
			vertex -427.399169921875 99.49618530273438 17.683530807495117
			vertex -426.834228515625 98.93125915527344 17.683530807495117
		endloop
	endfacet
	facet normal 0 0 1
		outer loop
			vertex -426.2693176269531 100.62603759765625 17.683530807495117
			vertex -427.399169921875 99.49618530273438 17.683530807495117
			vertex -425.7043762207031 100.06111145019531 17.683530807495117
		endloop
	endfacet
	facet normal -0.7071163308118602 -0.7070972314322634 0
		outer loop
			vertex -425.2947998046875 99.49618530273438 16.933530807495117
			vertex -424.7298889160156 98.93125915527344 16.933530807495117
			vertex -424.7298889160156 98.93125915527344 17.683530807495117
		endloop
	endfacet
	facet normal -0.7071163308118602 -0.7070972314322634 0
		outer loop
			vertex -425.2947998046875 99.49618530273438 16.933530807495117
			vertex -424.7298889160156 98.93125915527344 17.683530807495117
			vertex -425.2947998046875 99.49618530273438 17.683530807495117
		endloop
	endfacet
	facet normal 0.7071067811865476 -0.7071067811865476 0
		outer loop
			vertex -424.7298889160156 98.93125915527344 16.933530807495117
			vertex -423.60003662109375 100.06111145019531 16.933530807495117
			vertex -423.60003662109375 100.06111145019531 17.683530807495117
		endloop
	endfacet
	facet normal 0.7071067811865476 -0.7071067811865476 0
		outer loop
			vertex -424.7298889160156 98.93125915527344 16.933530807495117
			vertex -423.60003662109375 100.06111145019531 17.683530807495117
			vertex -424.7298889160156 98.93125915527344 17.683530807495117
		endloop
	endfacet
	facet normal 0.7071163308118602 0.7070972314322634 0
		outer loop
			vertex -424.1649475097656 100.62603759765625 17.683530807495117
			vertex -423.60003662109375 100.06111145019531 16.933530807495117
			vertex -424.1649475097656 100.62603759765625 16.933530807495117
		endloop
	endfacet
	facet normal 0.7071163308118602 0.7070972314322634 0
		outer loop
			vertex -424.1649475097656 100.62603759765625 17.683530807495117
			vertex -423.60003662109375 100.06111145019531 17.683530807495117
			vertex -423.60003662109375 100.06111145019531 16.933530807495117
		endloop
	endfacet
	facet normal -0.7071067811865476 0.7071067811865476 0
		outer loop
			vertex -424.1649475097656 100.62603759765625 16.933530807495117
			vertex -425.2947998046875 99.49618530273438 16.933530807495117
			vertex -425.2947998046875 99.49618530273438 17.683530807495117
		endloop
	endfacet
	facet normal -0.7071067811865476 0.7071067811865476 0
		outer loop
			vertex -424.1649475097656 100.62603759765625 16.933530807495117
			vertex -425.2947998046875 99.49618530273438 17.683530807495117
			vertex -424.1649475097656 100.62603759765625 17.683530807495117
		endloop
	endfacet
	facet normal 0 0 -1
		outer loop
			vertex -425.2947998046875 99.49618530273438 16.933530807495117
			vertex -424.1649475097656 100.62603759765625 16.933530807495117
			vertex -423.60003662109375 100.06111145019531 16.933530807495117
		endloop
	endfacet
	facet normal 0 0 -1
		outer loop
			vertex -425.2947998046875 99.49618530273438 16.933530807495117
			vertex -423.60003662109375 100.06111145019531 16.933530807495117
			vertex -424.7298889160156 98.93125915527344 16.933530807495117
		endloop
	endfacet
	facet normal 0 0 1
		outer loop
			vertex -423.60003662109375 100.06111145019531 17.683530807495117
			vertex -425.2947998046875 99.49618530273438 17.683530807495117
			vertex -424.7298889160156 98.93125915527344 17.683530807495117
		endloop
	endfacet
	facet normal 0 0 1
		outer loop
			vertex -424.1649475097656 100.62603759765625 17.683530807495117
			vertex -425.2947998046875 99.49618530273438 17.683530807495117
			vertex -423.60003662109375 100.06111145019531 17.683530807495117
		endloop
	endfacet
	facet normal -0.7070972316902029 -0.7071163305539279 0
		outer loop
			vertex -423.1904602050781 99.49618530273438 16.933530807495117
			vertex -422.6255187988281 98.93125915527344 16.933530807495117
			vertex -422.6255187988281 98.93125915527344 17.683530807495117
		endloop
	endfacet
	facet normal -0.7070972316902029 -0.7071163305539279 0
		outer loop
			vertex -423.1904602050781 99.49618530273438 16.933530807495117
			vertex -422.6255187988281 98.93125915527344 17.683530807495117
			vertex -423.1904602050781 99.49618530273438 17.683530807495117
		endloop
	endfacet
	facet normal 0.7071067811865476 -0.7071067811865476 0
		outer loop
			vertex -422.6255187988281 98.93125915527344 16.933530807495117
			vertex -421.49566650390625 100.06111145019531 16.933530807495117
			vertex -421.49566650390625 100.06111145019531 17.683530807495117
		endloop
	endfacet
	facet normal 0.7071067811865476 -0.7071067811865476 0
		outer loop
			vertex -422.6255187988281 98.93125915527344 16.933530807495117
			vertex -421.49566650390625 100.06111145019531 17.683530807495117
			vertex -422.6255187988281 98.93125915527344 17.683530807495117
		endloop
	endfacet
	facet normal 0.7070972316902029 0.7071163305539279 0
		outer loop
			vertex -422.06060791015625 100.62603759765625 17.683530807495117
			vertex -421.49566650390625 100.06111145019531 16.933530807495117
			vertex -422.06060791015625 100.62603759765625 16.933530807495117
		endloop
	endfacet
	facet normal 0.7070972316902029 0.7071163305539279 0
		outer loop
			vertex -422.06060791015625 100.62603759765625 17.683530807495117
			vertex -421.49566650390625 100.06111145019531 17.683530807495117
			vertex -421.49566650390625 100.06111145019531 16.933530807495117
		endloop
	endfacet
	facet normal -0.7071067811865476 0.7071067811865476 0
		outer loop
			vertex -422.06060791015625 100.62603759765625 16.933530807495117
			vertex -423.1904602050781 99.49618530273438 16.933530807495117
			vertex -423.1904602050781 99.49618530273438 17.683530807495117
		endloop
	endfacet
	facet normal -0.7071067811865476 0.7071067811865476 0
		outer loop
			vertex -422.06060791015625 100.62603759765625 16.933530807495117
			vertex -423.1904602050781 99.49618530273438 17.683530807495117
			vertex -422.06060791015625 100.62603759765625 17.683530807495117
		endloop
	endfacet
	facet normal 0 0 -1
		outer loop
			vertex -423.1904602050781 99.49618530273438 16.933530807495117
			vertex -422.06060791015625 100.62603759765625 16.933530807495117
			vertex -421.49566650390625 100.06111145019531 16.933530807495117
		endloop
	endfacet
	facet normal 0 0 -1
		outer loop
			vertex -423.1904602050781 99.49618530273438 16.933530807495117
			vertex -421.49566650390625 100.06111145019531 16.933530807495117
			vertex -422.6255187988281 98.93125915527344 16.933530807495117
		endloop
	endfacet
	facet normal 0 0 1
		outer loop
			vertex -421.49566650390625 100.06111145019531 17.683530807495117
			vertex -423.1904602050781 99.49618530273438 17.683530807495117
			vertex -422.6255187988281 98.93125915527344 17.683530807495117
		endloop
	endfacet
	facet normal 0 0 1
		outer loop
			vertex -422.06060791015625 100.62603759765625 17.683530807495117
			vertex -423.1904602050781 99.49618530273438 17.683530807495117
			vertex -421.49566650390625 100.06111145019531 17.683530807495117
		endloop
	endfacet
	facet normal -0.7071163308118602 -0.7070972314322634 0
		outer loop
			vertex -421.1002197265625 99.49618530273438 16.933530807495117
			vertex -420.5353088378906 98.93125915527344 16.933530807495117
			vertex -420.5353088378906 98.93125915527344 17.683530807495117
		endloop
	endfacet
	facet normal -0.7071163308118602 -0.7070972314322634 0
		outer loop
			vertex -421.1002197265625 99.49618530273438 16.933530807495117
			vertex -420.5353088378906 98.93125915527344 17.683530807495117
			vertex -421.1002197265625 99.49618530273438 17.683530807495117
		endloop
	endfacet
	facet normal 0.7071067811865476 -0.7071067811865476 0
		outer loop
			vertex -420.5353088378906 98.93125915527344 16.933530807495117
			vertex -419.40545654296875 100.06111145019531 16.933530807495117
			vertex -419.40545654296875 100.06111145019531 17.683530807495117
		endloop
	endfacet
	facet normal 0.7071067811865476 -0.7071067811865476 0
		outer loop
			vertex -420.5353088378906 98.93125915527344 16.933530807495117
			vertex -419.40545654296875 100.06111145019531 17.683530807495117
			vertex -420.5353088378906 98.93125915527344 17.683530807495117
		endloop
	endfacet
	facet normal 0.7071163308118602 0.7070972314322634 0
		outer loop
			vertex -419.9703674316406 100.62603759765625 17.683530807495117
			vertex -419.40545654296875 100.06111145019531 16.933530807495117
			vertex -419.9703674316406 100.62603759765625 16.933530807495117
		endloop
	endfacet
	facet normal 0.7071163308118602 0.7070972314322634 0
		outer loop
			vertex -419.9703674316406 100.62603759765625 17.683530807495117
			vertex -419.40545654296875 100.06111145019531 17.683530807495117
			vertex -419.40545654296875 100.06111145019531 16.933530807495117
		endloop
	endfacet
	facet normal -0.7071067811865476 0.7071067811865476 0
		outer loop
			vertex -419.9703674316406 100.62603759765625 16.933530807495117
			vertex -421.1002197265625 99.49618530273438 16.933530807495117
			vertex -421.1002197265625 99.49618530273438 17.683530807495117
		endloop
	endfacet
	facet normal -0.7071067811865476 0.7071067811865476 0
		outer loop
			vertex -419.9703674316406 100.62603759765625 16.933530807495117
			vertex -421.1002197265625 99.49618530273438 17.683530807495117
			vertex -419.9703674316406 100.62603759765625 17.683530807495117
		endloop
	endfacet
	facet normal 0 0 -1
		outer loop
			vertex -421.1002197265625 99.49618530273438 16.933530807495117
			vertex -419.9703674316406 100.62603759765625 16.933530807495117
			vertex -419.40545654296875 100.06111145019531 16.933530807495117
		endloop
	endfacet
	facet normal 0 0 -1
		outer loop
			vertex -421.1002197265625 99.49618530273438 16.933530807495117
			vertex -419.40545654296875 100.06111145019531 16.933530807495117
			vertex -420.5353088378906 98.93125915527344 16.933530807495117
		endloop
	endfacet
	facet normal 0 0 1
		outer loop
			vertex -419.40545654296875 100.06111145019531 17.683530807495117
			vertex -421.1002197265625 99.49618530273438 17.683530807495117
			vertex -420.5353088378906 98.93125915527344 17.683530807495117
		endloop
	endfacet
	facet normal 0 0 1
		outer loop
			vertex -419.9703674316406 100.62603759765625 17.683530807495117
			vertex -421.1002197265625 99.49618530273438 17.683530807495117
			vertex -419.40545654296875 100.06111145019531 17.683530807495117
		endloop
	endfacet
	facet normal -0.7070972316902029 -0.7071163305539279 0
		outer loop
			vertex -418.9958801269531 99.49618530273438 16.933530807495117
			vertex -418.4309387207031 98.93125915527344 16.933530807495117
			vertex -418.4309387207031 98.93125915527344 17.683530807495117
		endloop
	endfacet
	facet normal -0.7070972316902029 -0.7071163305539279 0
		outer loop
			vertex -418.9958801269531 99.49618530273438 16.933530807495117
			vertex -418.4309387207031 98.93125915527344 17.683530807495117
			vertex -418.9958801269531 99.49618530273438 17.683530807495117
		endloop
	endfacet
	facet normal 0.7071067811865476 -0.7071067811865476 0
		outer loop
			vertex -418.4309387207031 98.93125915527344 16.933530807495117
			vertex -417.30108642578125 100.06111145019531 16.933530807495117
			vertex -417.30108642578125 100.06111145019531 17.683530807495117
		endloop
	endfacet
	facet normal 0.7071067811865476 -0.7071067811865476 0
		outer loop
			vertex -418.4309387207031 98.93125915527344 16.933530807495117
			vertex -417.30108642578125 100.06111145019531 17.683530807495117
			vertex -418.4309387207031 98.93125915527344 17.683530807495117
		endloop
	endfacet
	facet normal 0.7070972316902029 0.7071163305539279 0
		outer loop
			vertex -417.86602783203125 100.62603759765625 17.683530807495117
			vertex -417.30108642578125 100.06111145019531 16.933530807495117
			vertex -417.86602783203125 100.62603759765625 16.933530807495117
		endloop
	endfacet
	facet normal 0.7070972316902029 0.7071163305539279 0
		outer loop
			vertex -417.86602783203125 100.62603759765625 17.683530807495117
			vertex -417.30108642578125 100.06111145019531 17.683530807495117
			vertex -417.30108642578125 100.06111145019531 16.933530807495117
		endloop
	endfacet
	facet normal -0.7071067811865476 0.7071067811865476 0
		outer loop
			vertex -417.86602783203125 100.62603759765625 16.933530807495117
			vertex -418.9958801269531 99.49618530273438 16.933530807495117
			vertex -418.9958801269531 99.49618530273438 17.683530807495117
		endloop
	endfacet
	facet normal -0.7071067811865476 0.7071067811865476 0
		outer loop
			vertex -417.86602783203125 100.62603759765625 16.933530807495117
			vertex -418.9958801269531 99.49618530273438 17.683530807495117
			vertex -417.86602783203125 100.62603759765625 17.683530807495117
		endloop
	endfacet
	facet normal 0 0 -1
		outer loop
			vertex -418.9958801269531 99.49618530273438 16.933530807495117
			vertex -417.86602783203125 100.62603759765625 16.933530807495117
			vertex -417.30108642578125 100.06111145019531 16.933530807495117
		endloop
	endfacet
	facet normal 0 0 -1
		outer loop
			vertex -418.9958801269531 99.49618530273438 16.933530807495117
			vertex -417.30108642578125 100.06111145019531 16.933530807495117
			vertex -418.4309387207031 98.93125915527344 16.933530807495117
		endloop
	endfacet
	facet normal 0 0 1
		outer loop
			vertex -417.30108642578125 100.06111145019531 17.683530807495117
			vertex -418.9958801269531 99.49618530273438 17.683530807495117
			vertex -418.4309387207031 98.93125915527344 17.683530807495117
		endloop
	endfacet
	facet normal 0 0 1
		outer loop
			vertex -417.86602783203125 100.62603759765625 17.683530807495117
			vertex -418.9958801269531 99.49618530273438 17.683530807495117
			vertex -417.30108642578125 100.06111145019531 17.683530807495117
		endloop
	endfacet
	facet normal -0.7071163308118602 -0.7070972314322634 0
		outer loop
			vertex -416.8915100097656 99.49618530273438 16.933530807495117
			vertex -416.32659912109375 98.93125915527344 16.933530807495117
			vertex -416.32659912109375 98.93125915527344 17.683530807495117
		endloop
	endfacet
	facet normal -0.7071163308118602 -0.7070972314322634 0
		outer loop
			vertex -416.8915100097656 99.49618530273438 16.933530807495117
			vertex -416.32659912109375 98.93125915527344 17.683530807495117
			vertex -416.8915100097656 99.49618530273438 17.683530807495117
		endloop
	endfacet
	facet normal 0.7071067811865476 -0.7071067811865476 0
		outer loop
			vertex -416.32659912109375 98.93125915527344 16.933530807495117
			vertex -415.1967468261719 100.06111145019531 16.933530807495117
			vertex -415.1967468261719 100.06111145019531 17.683530807495117
		endloop
	endfacet
	facet normal 0.7071067811865476 -0.7071067811865476 0
		outer loop
			vertex -416.32659912109375 98.93125915527344 16.933530807495117
			vertex -415.1967468261719 100.06111145019531 17.683530807495117
			vertex -416.32659912109375 98.93125915527344 17.683530807495117
		endloop
	endfacet
	facet normal 0.7071163308118602 0.7070972314322634 0
		outer loop
			vertex -415.76165771484375 100.62603759765625 17.683530807495117
			vertex -415.1967468261719 100.06111145019531 16.933530807495117
			vertex -415.76165771484375 100.62603759765625 16.933530807495117
		endloop
	endfacet
	facet normal 0.7071163308118602 0.7070972314322634 0
		outer loop
			vertex -415.76165771484375 100.62603759765625 17.683530807495117
			vertex -415.1967468261719 100.06111145019531 17.683530807495117
			vertex -415.1967468261719 100.06111145019531 16.933530807495117
		endloop
	endfacet
	facet normal -0.7071067811865476 0.7071067811865476 0
		outer loop
			vertex -415.76165771484375 100.62603759765625 16.933530807495117
			vertex -416.8915100097656 99.49618530273438 16.933530807495117
			vertex -416.8915100097656 99.49618530273438 17.683530807495117
		endloop
	endfacet
	facet normal -0.7071067811865476 0.7071067811865476 0
		outer loop
			vertex -415.76165771484375 100.62603759765625 16.933530807495117
			vertex -416.8915100097656 99.49618530273438 17.683530807495117
			vertex -415.76165771484375 100.62603759765625 17.683530807495117
		endloop
	endfacet
	facet normal 0 0 -1
		outer loop
			vertex -416.8915100097656 99.49618530273438 16.933530807495117
			vertex -415.76165771484375 100.62603759765625 16.933530807495117
			vertex -415.1967468261719 100.06111145019531 16.933530807495117
		endloop
	endfacet
	facet normal 0 0 -1
		outer loop
			vertex -416.8915100097656 99.49618530273438 16.933530807495117
			vertex -415.1967468261719 100.06111145019531 16.933530807495117
			vertex -416.32659912109375 98.93125915527344 16.933530807495117
		endloop
	endfacet
	facet normal 0 0 1
		outer loop
			vertex -415.1967468261719 100.06111145019531 17.683530807495117
			vertex -416.8915100097656 99.49618530273438 17.683530807495117
			vertex -416.32659912109375 98.93125915527344 17.683530807495117
		endloop
	endfacet
	facet normal 0 0 1
		outer loop
			vertex -415.76165771484375 100.62603759765625 17.683530807495117
			vertex -416.8915100097656 99.49618530273438 17.683530807495117
			vertex -415.1967468261719 100.06111145019531 17.683530807495117
		endloop
	endfacet
	facet normal -0.7070972316902029 -0.7071163305539279 0
		outer loop
			vertex -414.78717041015625 99.49618530273438 16.933530807495117
			vertex -414.22222900390625 98.93125915527344 16.933530807495117
			vertex -414.22222900390625 98.93125915527344 17.683530807495117
		endloop
	endfacet
	facet normal -0.7070972316902029 -0.7071163305539279 0
		outer loop
			vertex -414.78717041015625 99.49618530273438 16.933530807495117
			vertex -414.22222900390625 98.93125915527344 17.683530807495117
			vertex -414.78717041015625 99.49618530273438 17.683530807495117
		endloop
	endfacet
	facet normal 0.7071067811865476 -0.7071067811865476 0
		outer loop
			vertex -414.22222900390625 98.93125915527344 16.933530807495117
			vertex -413.0923767089844 100.06111145019531 16.933530807495117
			vertex -413.0923767089844 100.06111145019531 17.683530807495117
		endloop
	endfacet
	facet normal 0.7071067811865476 -0.7071067811865476 0
		outer loop
			vertex -414.22222900390625 98.93125915527344 16.933530807495117
			vertex -413.0923767089844 100.06111145019531 17.683530807495117
			vertex -414.22222900390625 98.93125915527344 17.683530807495117
		endloop
	endfacet
	facet normal 0.7070972316902029 0.7071163305539279 0
		outer loop
			vertex -413.6573181152344 100.62603759765625 17.683530807495117
			vertex -413.0923767089844 100.06111145019531 16.933530807495117
			vertex -413.6573181152344 100.62603759765625 16.933530807495117
		endloop
	endfacet
	facet normal 0.7070972316902029 0.7071163305539279 0
		outer loop
			vertex -413.6573181152344 100.62603759765625 17.683530807495117
			vertex -413.0923767089844 100.06111145019531 17.683530807495117
			vertex -413.0923767089844 100.06111145019531 16.933530807495117
		endloop
	endfacet
	facet normal -0.7071067811865476 0.7071067811865476 0
		outer loop
			vertex -413.6573181152344 100.62603759765625 16.933530807495117
			vertex -414.78717041015625 99.49618530273438 16.933530807495117
			vertex -414.78717041015625 99.49618530273438 17.683530807495117
		endloop
	endfacet
	facet normal -0.7071067811865476 0.7071067811865476 0
		outer loop
			vertex -413.6573181152344 100.62603759765625 16.933530807495117
			vertex -414.78717041015625 99.49618530273438 17.683530807495117
			vertex -413.6573181152344 100.62603759765625 17.683530807495117
		endloop
	endfacet
	facet normal 0 0 -1
		outer loop
			vertex -414.78717041015625 99.49618530273438 16.933530807495117
			vertex -413.6573181152344 100.62603759765625 16.933530807495117
			vertex -413.0923767089844 100.06111145019531 16.933530807495117
		endloop
	endfacet
	facet normal 0 0 -1
		outer loop
			vertex -414.78717041015625 99.49618530273438 16.933530807495117
			vertex -413.0923767089844 100.06111145019531 16.933530807495117
			vertex -414.22222900390625 98.93125915527344 16.933530807495117
		endloop
	endfacet
	facet normal 0 0 1
		outer loop
			vertex -413.0923767089844 100.06111145019531 17.683530807495117
			vertex -414.78717041015625 99.49618530273438 17.683530807495117
			vertex -414.22222900390625 98.93125915527344 17.683530807495117
		endloop
	endfacet
	facet normal 0 0 1
		outer loop
			vertex -413.6573181152344 100.62603759765625 17.683530807495117
			vertex -414.78717041015625 99.49618530273438 17.683530807495117
			vertex -413.0923767089844 100.06111145019531 17.683530807495117
		endloop
	endfacet
	facet normal -0.7071163308118602 -0.7070972314322634 0
		outer loop
			vertex -412.6969299316406 99.49618530273438 16.933530807495117
			vertex -412.13201904296875 98.93125915527344 16.933530807495117
			vertex -412.13201904296875 98.93125915527344 17.683530807495117
		endloop
	endfacet
	facet normal -0.7071163308118602 -0.7070972314322634 0
		outer loop
			vertex -412.6969299316406 99.49618530273438 16.933530807495117
			vertex -412.13201904296875 98.93125915527344 17.683530807495117
			vertex -412.6969299316406 99.49618530273438 17.683530807495117
		endloop
	endfacet
	facet normal 0.7070972316902029 -0.7071163305539279 0
		outer loop
			vertex -412.13201904296875 98.93125915527344 16.933530807495117
			vertex -411.00213623046875 100.06111145019531 16.933530807495117
			vertex -411.00213623046875 100.06111145019531 17.683530807495117
		endloop
	endfacet
	facet normal 0.7070972316902029 -0.7071163305539279 0
		outer loop
			vertex -412.13201904296875 98.93125915527344 16.933530807495117
			vertex -411.00213623046875 100.06111145019531 17.683530807495117
			vertex -412.13201904296875 98.93125915527344 17.683530807495117
		endloop
	endfacet
	facet normal 0.7070972316902029 0.7071163305539279 0
		outer loop
			vertex -411.56707763671875 100.62603759765625 17.683530807495117
			vertex -411.00213623046875 100.06111145019531 16.933530807495117
			vertex -411.56707763671875 100.62603759765625 16.933530807495117
		endloop
	endfacet
	facet normal 0.7070972316902029 0.7071163305539279 0
		outer loop
			vertex -411.56707763671875 100.62603759765625 17.683530807495117
			vertex -411.00213623046875 100.06111145019531 17.683530807495117
			vertex -411.00213623046875 100.06111145019531 16.933530807495117
		endloop
	endfacet
	facet normal -0.7071067811865476 0.7071067811865476 0
		outer loop
			vertex -411.56707763671875 100.62603759765625 16.933530807495117
			vertex -412.6969299316406 99.49618530273438 16.933530807495117
			vertex -412.6969299316406 99.49618530273438 17.683530807495117
		endloop
	endfacet
	facet normal -0.7071067811865476 0.7071067811865476 0
		outer loop
			vertex -411.56707763671875 100.62603759765625 16.933530807495117
			vertex -412.6969299316406 99.49618530273438 17.683530807495117
			vertex -411.56707763671875 100.62603759765625 17.683530807495117
		endloop
	endfacet
	facet normal 0 0 -1
		outer loop
			vertex -412.6969299316406 99.49618530273438 16.933530807495117
			vertex -411.56707763671875 100.62603759765625 16.933530807495117
			vertex -411.00213623046875 100.06111145019531 16.933530807495117
		endloop
	endfacet
	facet normal 0 0 -1
		outer loop
			vertex -412.6969299316406 99.49618530273438 16.933530807495117
			vertex -411.00213623046875 100.06111145019531 16.933530807495117
			vertex -412.13201904296875 98.93125915527344 16.933530807495117
		endloop
	endfacet
	facet normal 0 0 1
		outer loop
			vertex -411.00213623046875 100.06111145019531 17.683530807495117
			vertex -412.6969299316406 99.49618530273438 17.683530807495117
			vertex -412.13201904296875 98.93125915527344 17.683530807495117
		endloop
	endfacet
	facet normal 0 0 1
		outer loop
			vertex -411.56707763671875 100.62603759765625 17.683530807495117
			vertex -412.6969299316406 99.49618530273438 17.683530807495117
			vertex -411.00213623046875 100.06111145019531 17.683530807495117
		endloop
	endfacet
	facet normal -0.7071163308118602 -0.7070972314322634 0
		outer loop
			vertex -410.5925598144531 99.49618530273438 16.933530807495117
			vertex -410.02764892578125 98.93125915527344 16.933530807495117
			vertex -410.02764892578125 98.93125915527344 17.683530807495117
		endloop
	endfacet
	facet normal -0.7071163308118602 -0.7070972314322634 0
		outer loop
			vertex -410.5925598144531 99.49618530273438 16.933530807495117
			vertex -410.02764892578125 98.93125915527344 17.683530807495117
			vertex -410.5925598144531 99.49618530273438 17.683530807495117
		endloop
	endfacet
	facet normal 0.7071067811865476 -0.7071067811865476 0
		outer loop
			vertex -410.02764892578125 98.93125915527344 16.933530807495117
			vertex -408.8977966308594 100.06111145019531 16.933530807495117
			vertex -408.8977966308594 100.06111145019531 17.683530807495117
		endloop
	endfacet
	facet normal 0.7071067811865476 -0.7071067811865476 0
		outer loop
			vertex -410.02764892578125 98.93125915527344 16.933530807495117
			vertex -408.8977966308594 100.06111145019531 17.683530807495117
			vertex -410.02764892578125 98.93125915527344 17.683530807495117
		endloop
	endfacet
	facet normal 0.7071163308118602 0.7070972314322634 0
		outer loop
			vertex -409.46270751953125 100.62603759765625 17.683530807495117
			vertex -408.8977966308594 100.06111145019531 16.933530807495117
			vertex -409.46270751953125 100.62603759765625 16.933530807495117
		endloop
	endfacet
	facet normal 0.7071163308118602 0.7070972314322634 0
		outer loop
			vertex -409.46270751953125 100.62603759765625 17.683530807495117
			vertex -408.8977966308594 100.06111145019531 17.683530807495117
			vertex -408.8977966308594 100.06111145019531 16.933530807495117
		endloop
	endfacet
	facet normal -0.7071067811865476 0.7071067811865476 0
		outer loop
			vertex -409.46270751953125 100.62603759765625 16.933530807495117
			vertex -410.5925598144531 99.49618530273438 16.933530807495117
			vertex -410.5925598144531 99.49618530273438 17.683530807495117
		endloop
	endfacet
	facet normal -0.7071067811865476 0.7071067811865476 0
		outer loop
			vertex -409.46270751953125 100.62603759765625 16.933530807495117
			vertex -410.5925598144531 99.49618530273438 17.683530807495117
			vertex -409.46270751953125 100.62603759765625 17.683530807495117
		endloop
	endfacet
	facet normal 0 0 -1
		outer loop
			vertex -410.5925598144531 99.49618530273438 16.933530807495117
			vertex -409.46270751953125 100.62603759765625 16.933530807495117
			vertex -408.8977966308594 100.06111145019531 16.933530807495117
		endloop
	endfacet
	facet normal 0 0 -1
		outer loop
			vertex -410.5925598144531 99.49618530273438 16.933530807495117
			vertex -408.8977966308594 100.06111145019531 16.933530807495117
			vertex -410.02764892578125 98.93125915527344 16.933530807495117
		endloop
	endfacet
	facet normal 0 0 1
		outer loop
			vertex -408.8977966308594 100.06111145019531 17.683530807495117
			vertex -410.5925598144531 99.49618530273438 17.683530807495117
			vertex -410.02764892578125 98.93125915527344 17.683530807495117
		endloop
	endfacet
	facet normal 0 0 1
		outer loop
			vertex -409.46270751953125 100.62603759765625 17.683530807495117
			vertex -410.5925598144531 99.49618530273438 17.683530807495117
			vertex -408.8977966308594 100.06111145019531 17.683530807495117
		endloop
	endfacet
	facet normal -0.7071163308118602 -0.7070972314322634 0
		outer loop
			vertex -408.48822021484375 99.49618530273438 16.933530807495117
			vertex -407.9233093261719 98.93125915527344 16.933530807495117
			vertex -407.9233093261719 98.93125915527344 17.683530807495117
		endloop
	endfacet
	facet normal -0.7071163308118602 -0.7070972314322634 0
		outer loop
			vertex -408.48822021484375 99.49618530273438 16.933530807495117
			vertex -407.9233093261719 98.93125915527344 17.683530807495117
			vertex -408.48822021484375 99.49618530273438 17.683530807495117
		endloop
	endfacet
	facet normal 0.7071067811865476 -0.7071067811865476 0
		outer loop
			vertex -407.9233093261719 98.93125915527344 16.933530807495117
			vertex -406.79345703125 100.06111145019531 16.933530807495117
			vertex -406.79345703125 100.06111145019531 17.683530807495117
		endloop
	endfacet
	facet normal 0.7071067811865476 -0.7071067811865476 0
		outer loop
			vertex -407.9233093261719 98.93125915527344 16.933530807495117
			vertex -406.79345703125 100.06111145019531 17.683530807495117
			vertex -407.9233093261719 98.93125915527344 17.683530807495117
		endloop
	endfacet
	facet normal 0.7071163308118602 0.7070972314322634 0
		outer loop
			vertex -407.3583679199219 100.62603759765625 17.683530807495117
			vertex -406.79345703125 100.06111145019531 16.933530807495117
			vertex -407.3583679199219 100.62603759765625 16.933530807495117
		endloop
	endfacet
	facet normal 0.7071163308118602 0.7070972314322634 0
		outer loop
			vertex -407.3583679199219 100.62603759765625 17.683530807495117
			vertex -406.79345703125 100.06111145019531 17.683530807495117
			vertex -406.79345703125 100.06111145019531 16.933530807495117
		endloop
	endfacet
	facet normal -0.7071067811865476 0.7071067811865476 0
		outer loop
			vertex -407.3583679199219 100.62603759765625 16.933530807495117
			vertex -408.48822021484375 99.49618530273438 16.933530807495117
			vertex -408.48822021484375 99.49618530273438 17.683530807495117
		endloop
	endfacet
	facet normal -0.7071067811865476 0.7071067811865476 0
		outer loop
			vertex -407.3583679199219 100.62603759765625 16.933530807495117
			vertex -408.48822021484375 99.49618530273438 17.683530807495117
			vertex -407.3583679199219 100.62603759765625 17.683530807495117
		endloop
	endfacet
	facet normal 0 0 -1
		outer loop
			vertex -408.48822021484375 99.49618530273438 16.933530807495117
			vertex -407.3583679199219 100.62603759765625 16.933530807495117
			vertex -406.79345703125 100.06111145019531 16.933530807495117
		endloop
	endfacet
	facet normal 0 0 -1
		outer loop
			vertex -408.48822021484375 99.49618530273438 16.933530807495117
			vertex -406.79345703125 100.06111145019531 16.933530807495117
			vertex -407.9233093261719 98.93125915527344 16.933530807495117
		endloop
	endfacet
	facet normal 0 0 1
		outer loop
			vertex -406.79345703125 100.06111145019531 17.683530807495117
			vertex -408.48822021484375 99.49618530273438 17.683530807495117
			vertex -407.9233093261719 98.93125915527344 17.683530807495117
		endloop
	endfacet
	facet normal 0 0 1
		outer loop
			vertex -407.3583679199219 100.62603759765625 17.683530807495117
			vertex -408.48822021484375 99.49618530273438 17.683530807495117
			vertex -406.79345703125 100.06111145019531 17.683530807495117
		endloop
	endfacet
	facet normal -0.7070972316902029 -0.7071163305539279 0
		outer loop
			vertex -433.6981201171875 101.48755645751953 16.933530807495117
			vertex -433.1331787109375 100.9226303100586 16.933530807495117
			vertex -433.1331787109375 100.9226303100586 17.683530807495117
		endloop
	endfacet
	facet normal -0.7070972316902029 -0.7071163305539279 0
		outer loop
			vertex -433.6981201171875 101.48755645751953 16.933530807495117
			vertex -433.1331787109375 100.9226303100586 17.683530807495117
			vertex -433.6981201171875 101.48755645751953 17.683530807495117
		endloop
	endfacet
	facet normal 0.7071067811865476 -0.7071067811865476 0
		outer loop
			vertex -433.1331787109375 100.9226303100586 16.933530807495117
			vertex -432.0033264160156 102.05248260498047 16.933530807495117
			vertex -432.0033264160156 102.05248260498047 17.683530807495117
		endloop
	endfacet
	facet normal 0.7071067811865476 -0.7071067811865476 0
		outer loop
			vertex -433.1331787109375 100.9226303100586 16.933530807495117
			vertex -432.0033264160156 102.05248260498047 17.683530807495117
			vertex -433.1331787109375 100.9226303100586 17.683530807495117
		endloop
	endfacet
	facet normal 0.7071163308118602 0.7070972314322634 0
		outer loop
			vertex -432.5682373046875 102.6174087524414 17.683530807495117
			vertex -432.0033264160156 102.05248260498047 16.933530807495117
			vertex -432.5682373046875 102.6174087524414 16.933530807495117
		endloop
	endfacet
	facet normal 0.7071163308118602 0.7070972314322634 0
		outer loop
			vertex -432.5682373046875 102.6174087524414 17.683530807495117
			vertex -432.0033264160156 102.05248260498047 17.683530807495117
			vertex -432.0033264160156 102.05248260498047 16.933530807495117
		endloop
	endfacet
	facet normal -0.7070972316902029 0.7071163305539279 0
		outer loop
			vertex -432.5682373046875 102.6174087524414 16.933530807495117
			vertex -433.6981201171875 101.48755645751953 16.933530807495117
			vertex -433.6981201171875 101.48755645751953 17.683530807495117
		endloop
	endfacet
	facet normal -0.7070972316902029 0.7071163305539279 0
		outer loop
			vertex -432.5682373046875 102.6174087524414 16.933530807495117
			vertex -433.6981201171875 101.48755645751953 17.683530807495117
			vertex -432.5682373046875 102.6174087524414 17.683530807495117
		endloop
	endfacet
	facet normal 0 0 -1
		outer loop
			vertex -433.6981201171875 101.48755645751953 16.933530807495117
			vertex -432.5682373046875 102.6174087524414 16.933530807495117
			vertex -432.0033264160156 102.05248260498047 16.933530807495117
		endloop
	endfacet
	facet normal 0 0 -1
		outer loop
			vertex -433.6981201171875 101.48755645751953 16.933530807495117
			vertex -432.0033264160156 102.05248260498047 16.933530807495117
			vertex -433.1331787109375 100.9226303100586 16.933530807495117
		endloop
	endfacet
	facet normal 0 0 1
		outer loop
			vertex -432.0033264160156 102.05248260498047 17.683530807495117
			vertex -433.6981201171875 101.48755645751953 17.683530807495117
			vertex -433.1331787109375 100.9226303100586 17.683530807495117
		endloop
	endfacet
	facet normal 0 0 1
		outer loop
			vertex -432.5682373046875 102.6174087524414 17.683530807495117
			vertex -433.6981201171875 101.48755645751953 17.683530807495117
			vertex -432.0033264160156 102.05248260498047 17.683530807495117
		endloop
	endfacet
	facet normal -0.7070972316902029 -0.7071163305539279 0
		outer loop
			vertex -431.59375 101.48755645751953 16.933530807495117
			vertex -431.02880859375 100.9226303100586 16.933530807495117
			vertex -431.02880859375 100.9226303100586 17.683530807495117
		endloop
	endfacet
	facet normal -0.7070972316902029 -0.7071163305539279 0
		outer loop
			vertex -431.59375 101.48755645751953 16.933530807495117
			vertex -431.02880859375 100.9226303100586 17.683530807495117
			vertex -431.59375 101.48755645751953 17.683530807495117
		endloop
	endfacet
	facet normal 0.7071067811865476 -0.7071067811865476 0
		outer loop
			vertex -431.02880859375 100.9226303100586 16.933530807495117
			vertex -429.8989562988281 102.05248260498047 16.933530807495117
			vertex -429.8989562988281 102.05248260498047 17.683530807495117
		endloop
	endfacet
	facet normal 0.7071067811865476 -0.7071067811865476 0
		outer loop
			vertex -431.02880859375 100.9226303100586 16.933530807495117
			vertex -429.8989562988281 102.05248260498047 17.683530807495117
			vertex -431.02880859375 100.9226303100586 17.683530807495117
		endloop
	endfacet
	facet normal 0.7070972316902029 0.7071163305539279 0
		outer loop
			vertex -430.4638977050781 102.6174087524414 17.683530807495117
			vertex -429.8989562988281 102.05248260498047 16.933530807495117
			vertex -430.4638977050781 102.6174087524414 16.933530807495117
		endloop
	endfacet
	facet normal 0.7070972316902029 0.7071163305539279 0
		outer loop
			vertex -430.4638977050781 102.6174087524414 17.683530807495117
			vertex -429.8989562988281 102.05248260498047 17.683530807495117
			vertex -429.8989562988281 102.05248260498047 16.933530807495117
		endloop
	endfacet
	facet normal -0.7071067811865476 0.7071067811865476 0
		outer loop
			vertex -430.4638977050781 102.6174087524414 16.933530807495117
			vertex -431.59375 101.48755645751953 16.933530807495117
			vertex -431.59375 101.48755645751953 17.683530807495117
		endloop
	endfacet
	facet normal -0.7071067811865476 0.7071067811865476 0
		outer loop
			vertex -430.4638977050781 102.6174087524414 16.933530807495117
			vertex -431.59375 101.48755645751953 17.683530807495117
			vertex -430.4638977050781 102.6174087524414 17.683530807495117
		endloop
	endfacet
	facet normal 0 0 -1
		outer loop
			vertex -431.59375 101.48755645751953 16.933530807495117
			vertex -430.4638977050781 102.6174087524414 16.933530807495117
			vertex -429.8989562988281 102.05248260498047 16.933530807495117
		endloop
	endfacet
	facet normal 0 0 -1
		outer loop
			vertex -431.59375 101.48755645751953 16.933530807495117
			vertex -429.8989562988281 102.05248260498047 16.933530807495117
			vertex -431.02880859375 100.9226303100586 16.933530807495117
		endloop
	endfacet
	facet normal 0 0 1
		outer loop
			vertex -429.8989562988281 102.05248260498047 17.683530807495117
			vertex -431.59375 101.48755645751953 17.683530807495117
			vertex -431.02880859375 100.9226303100586 17.683530807495117
		endloop
	endfacet
	facet normal 0 0 1
		outer loop
			vertex -430.4638977050781 102.6174087524414 17.683530807495117
			vertex -431.59375 101.48755645751953 17.683530807495117
			vertex -429.8989562988281 102.05248260498047 17.683530807495117
		endloop
	endfacet
	facet normal -0.7070972316902029 -0.7071163305539279 0
		outer loop
			vertex -429.4894104003906 101.48755645751953 16.933530807495117
			vertex -428.9244689941406 100.9226303100586 16.933530807495117
			vertex -428.9244689941406 100.9226303100586 17.683530807495117
		endloop
	endfacet
	facet normal -0.7070972316902029 -0.7071163305539279 0
		outer loop
			vertex -429.4894104003906 101.48755645751953 16.933530807495117
			vertex -428.9244689941406 100.9226303100586 17.683530807495117
			vertex -429.4894104003906 101.48755645751953 17.683530807495117
		endloop
	endfacet
	facet normal 0.7071067811865476 -0.7071067811865476 0
		outer loop
			vertex -428.9244689941406 100.9226303100586 16.933530807495117
			vertex -427.79461669921875 102.05248260498047 16.933530807495117
			vertex -427.79461669921875 102.05248260498047 17.683530807495117
		endloop
	endfacet
	facet normal 0.7071067811865476 -0.7071067811865476 0
		outer loop
			vertex -428.9244689941406 100.9226303100586 16.933530807495117
			vertex -427.79461669921875 102.05248260498047 17.683530807495117
			vertex -428.9244689941406 100.9226303100586 17.683530807495117
		endloop
	endfacet
	facet normal 0.7071163308118602 0.7070972314322634 0
		outer loop
			vertex -428.3595275878906 102.6174087524414 17.683530807495117
			vertex -427.79461669921875 102.05248260498047 16.933530807495117
			vertex -428.3595275878906 102.6174087524414 16.933530807495117
		endloop
	endfacet
	facet normal 0.7071163308118602 0.7070972314322634 0
		outer loop
			vertex -428.3595275878906 102.6174087524414 17.683530807495117
			vertex -427.79461669921875 102.05248260498047 17.683530807495117
			vertex -427.79461669921875 102.05248260498047 16.933530807495117
		endloop
	endfacet
	facet normal -0.7070972316902029 0.7071163305539279 0
		outer loop
			vertex -428.3595275878906 102.6174087524414 16.933530807495117
			vertex -429.4894104003906 101.48755645751953 16.933530807495117
			vertex -429.4894104003906 101.48755645751953 17.683530807495117
		endloop
	endfacet
	facet normal -0.7070972316902029 0.7071163305539279 0
		outer loop
			vertex -428.3595275878906 102.6174087524414 16.933530807495117
			vertex -429.4894104003906 101.48755645751953 17.683530807495117
			vertex -428.3595275878906 102.6174087524414 17.683530807495117
		endloop
	endfacet
	facet normal 0 0 -1
		outer loop
			vertex -429.4894104003906 101.48755645751953 16.933530807495117
			vertex -428.3595275878906 102.6174087524414 16.933530807495117
			vertex -427.79461669921875 102.05248260498047 16.933530807495117
		endloop
	endfacet
	facet normal 0 0 -1
		outer loop
			vertex -429.4894104003906 101.48755645751953 16.933530807495117
			vertex -427.79461669921875 102.05248260498047 16.933530807495117
			vertex -428.9244689941406 100.9226303100586 16.933530807495117
		endloop
	endfacet
	facet normal 0 0 1
		outer loop
			vertex -427.79461669921875 102.05248260498047 17.683530807495117
			vertex -429.4894104003906 101.48755645751953 17.683530807495117
			vertex -428.9244689941406 100.9226303100586 17.683530807495117
		endloop
	endfacet
	facet normal 0 0 1
		outer loop
			vertex -428.3595275878906 102.6174087524414 17.683530807495117
			vertex -429.4894104003906 101.48755645751953 17.683530807495117
			vertex -427.79461669921875 102.05248260498047 17.683530807495117
		endloop
	endfacet
	facet normal -0.7070972316902029 -0.7071163305539279 0
		outer loop
			vertex -427.399169921875 101.48755645751953 16.933530807495117
			vertex -426.834228515625 100.9226303100586 16.933530807495117
			vertex -426.834228515625 100.9226303100586 17.683530807495117
		endloop
	endfacet
	facet normal -0.7070972316902029 -0.7071163305539279 0
		outer loop
			vertex -427.399169921875 101.48755645751953 16.933530807495117
			vertex -426.834228515625 100.9226303100586 17.683530807495117
			vertex -427.399169921875 101.48755645751953 17.683530807495117
		endloop
	endfacet
	facet normal 0.7071067811865476 -0.7071067811865476 0
		outer loop
			vertex -426.834228515625 100.9226303100586 16.933530807495117
			vertex -425.7043762207031 102.05248260498047 16.933530807495117
			vertex -425.7043762207031 102.05248260498047 17.683530807495117
		endloop
	endfacet
	facet normal 0.7071067811865476 -0.7071067811865476 0
		outer loop
			vertex -426.834228515625 100.9226303100586 16.933530807495117
			vertex -425.7043762207031 102.05248260498047 17.683530807495117
			vertex -426.834228515625 100.9226303100586 17.683530807495117
		endloop
	endfacet
	facet normal 0.7070972316902029 0.7071163305539279 0
		outer loop
			vertex -426.2693176269531 102.6174087524414 17.683530807495117
			vertex -425.7043762207031 102.05248260498047 16.933530807495117
			vertex -426.2693176269531 102.6174087524414 16.933530807495117
		endloop
	endfacet
	facet normal 0.7070972316902029 0.7071163305539279 0
		outer loop
			vertex -426.2693176269531 102.6174087524414 17.683530807495117
			vertex -425.7043762207031 102.05248260498047 17.683530807495117
			vertex -425.7043762207031 102.05248260498047 16.933530807495117
		endloop
	endfacet
	facet normal -0.7071067811865476 0.7071067811865476 0
		outer loop
			vertex -426.2693176269531 102.6174087524414 16.933530807495117
			vertex -427.399169921875 101.48755645751953 16.933530807495117
			vertex -427.399169921875 101.48755645751953 17.683530807495117
		endloop
	endfacet
	facet normal -0.7071067811865476 0.7071067811865476 0
		outer loop
			vertex -426.2693176269531 102.6174087524414 16.933530807495117
			vertex -427.399169921875 101.48755645751953 17.683530807495117
			vertex -426.2693176269531 102.6174087524414 17.683530807495117
		endloop
	endfacet
	facet normal 0 0 -1
		outer loop
			vertex -427.399169921875 101.48755645751953 16.933530807495117
			vertex -426.2693176269531 102.6174087524414 16.933530807495117
			vertex -425.7043762207031 102.05248260498047 16.933530807495117
		endloop
	endfacet
	facet normal 0 0 -1
		outer loop
			vertex -427.399169921875 101.48755645751953 16.933530807495117
			vertex -425.7043762207031 102.05248260498047 16.933530807495117
			vertex -426.834228515625 100.9226303100586 16.933530807495117
		endloop
	endfacet
	facet normal 0 0 1
		outer loop
			vertex -425.7043762207031 102.05248260498047 17.683530807495117
			vertex -427.399169921875 101.48755645751953 17.683530807495117
			vertex -426.834228515625 100.9226303100586 17.683530807495117
		endloop
	endfacet
	facet normal 0 0 1
		outer loop
			vertex -426.2693176269531 102.6174087524414 17.683530807495117
			vertex -427.399169921875 101.48755645751953 17.683530807495117
			vertex -425.7043762207031 102.05248260498047 17.683530807495117
		endloop
	endfacet
	facet normal -0.7071163308118602 -0.7070972314322634 0
		outer loop
			vertex -425.2947998046875 101.48755645751953 16.933530807495117
			vertex -424.7298889160156 100.9226303100586 16.933530807495117
			vertex -424.7298889160156 100.9226303100586 17.683530807495117
		endloop
	endfacet
	facet normal -0.7071163308118602 -0.7070972314322634 0
		outer loop
			vertex -425.2947998046875 101.48755645751953 16.933530807495117
			vertex -424.7298889160156 100.9226303100586 17.683530807495117
			vertex -425.2947998046875 101.48755645751953 17.683530807495117
		endloop
	endfacet
	facet normal 0.7071067811865476 -0.7071067811865476 0
		outer loop
			vertex -424.7298889160156 100.9226303100586 16.933530807495117
			vertex -423.60003662109375 102.05248260498047 16.933530807495117
			vertex -423.60003662109375 102.05248260498047 17.683530807495117
		endloop
	endfacet
	facet normal 0.7071067811865476 -0.7071067811865476 0
		outer loop
			vertex -424.7298889160156 100.9226303100586 16.933530807495117
			vertex -423.60003662109375 102.05248260498047 17.683530807495117
			vertex -424.7298889160156 100.9226303100586 17.683530807495117
		endloop
	endfacet
	facet normal 0.7071163308118602 0.7070972314322634 0
		outer loop
			vertex -424.1649475097656 102.6174087524414 17.683530807495117
			vertex -423.60003662109375 102.05248260498047 16.933530807495117
			vertex -424.1649475097656 102.6174087524414 16.933530807495117
		endloop
	endfacet
	facet normal 0.7071163308118602 0.7070972314322634 0
		outer loop
			vertex -424.1649475097656 102.6174087524414 17.683530807495117
			vertex -423.60003662109375 102.05248260498047 17.683530807495117
			vertex -423.60003662109375 102.05248260498047 16.933530807495117
		endloop
	endfacet
	facet normal -0.7071067811865476 0.7071067811865476 0
		outer loop
			vertex -424.1649475097656 102.6174087524414 16.933530807495117
			vertex -425.2947998046875 101.48755645751953 16.933530807495117
			vertex -425.2947998046875 101.48755645751953 17.683530807495117
		endloop
	endfacet
	facet normal -0.7071067811865476 0.7071067811865476 0
		outer loop
			vertex -424.1649475097656 102.6174087524414 16.933530807495117
			vertex -425.2947998046875 101.48755645751953 17.683530807495117
			vertex -424.1649475097656 102.6174087524414 17.683530807495117
		endloop
	endfacet
	facet normal 0 0 -1
		outer loop
			vertex -425.2947998046875 101.48755645751953 16.933530807495117
			vertex -424.1649475097656 102.6174087524414 16.933530807495117
			vertex -423.60003662109375 102.05248260498047 16.933530807495117
		endloop
	endfacet
	facet normal 0 0 -1
		outer loop
			vertex -425.2947998046875 101.48755645751953 16.933530807495117
			vertex -423.60003662109375 102.05248260498047 16.933530807495117
			vertex -424.7298889160156 100.9226303100586 16.933530807495117
		endloop
	endfacet
	facet normal 0 0 1
		outer loop
			vertex -423.60003662109375 102.05248260498047 17.683530807495117
			vertex -425.2947998046875 101.48755645751953 17.683530807495117
			vertex -424.7298889160156 100.9226303100586 17.683530807495117
		endloop
	endfacet
	facet normal 0 0 1
		outer loop
			vertex -424.1649475097656 102.6174087524414 17.683530807495117
			vertex -425.2947998046875 101.48755645751953 17.683530807495117
			vertex -423.60003662109375 102.05248260498047 17.683530807495117
		endloop
	endfacet
	facet normal -0.7070972316902029 -0.7071163305539279 0
		outer loop
			vertex -423.1904602050781 101.48755645751953 16.933530807495117
			vertex -422.6255187988281 100.9226303100586 16.933530807495117
			vertex -422.6255187988281 100.9226303100586 17.683530807495117
		endloop
	endfacet
	facet normal -0.7070972316902029 -0.7071163305539279 0
		outer loop
			vertex -423.1904602050781 101.48755645751953 16.933530807495117
			vertex -422.6255187988281 100.9226303100586 17.683530807495117
			vertex -423.1904602050781 101.48755645751953 17.683530807495117
		endloop
	endfacet
	facet normal 0.7071067811865476 -0.7071067811865476 0
		outer loop
			vertex -422.6255187988281 100.9226303100586 16.933530807495117
			vertex -421.49566650390625 102.05248260498047 16.933530807495117
			vertex -421.49566650390625 102.05248260498047 17.683530807495117
		endloop
	endfacet
	facet normal 0.7071067811865476 -0.7071067811865476 0
		outer loop
			vertex -422.6255187988281 100.9226303100586 16.933530807495117
			vertex -421.49566650390625 102.05248260498047 17.683530807495117
			vertex -422.6255187988281 100.9226303100586 17.683530807495117
		endloop
	endfacet
	facet normal 0.7070972316902029 0.7071163305539279 0
		outer loop
			vertex -422.06060791015625 102.6174087524414 17.683530807495117
			vertex -421.49566650390625 102.05248260498047 16.933530807495117
			vertex -422.06060791015625 102.6174087524414 16.933530807495117
		endloop
	endfacet
	facet normal 0.7070972316902029 0.7071163305539279 0
		outer loop
			vertex -422.06060791015625 102.6174087524414 17.683530807495117
			vertex -421.49566650390625 102.05248260498047 17.683530807495117
			vertex -421.49566650390625 102.05248260498047 16.933530807495117
		endloop
	endfacet
	facet normal -0.7071067811865476 0.7071067811865476 0
		outer loop
			vertex -422.06060791015625 102.6174087524414 16.933530807495117
			vertex -423.1904602050781 101.48755645751953 16.933530807495117
			vertex -423.1904602050781 101.48755645751953 17.683530807495117
		endloop
	endfacet
	facet normal -0.7071067811865476 0.7071067811865476 0
		outer loop
			vertex -422.06060791015625 102.6174087524414 16.933530807495117
			vertex -423.1904602050781 101.48755645751953 17.683530807495117
			vertex -422.06060791015625 102.6174087524414 17.683530807495117
		endloop
	endfacet
	facet normal 0 0 -1
		outer loop
			vertex -423.1904602050781 101.48755645751953 16.933530807495117
			vertex -422.06060791015625 102.6174087524414 16.933530807495117
			vertex -421.49566650390625 102.05248260498047 16.933530807495117
		endloop
	endfacet
	facet normal 0 0 -1
		outer loop
			vertex -423.1904602050781 101.48755645751953 16.933530807495117
			vertex -421.49566650390625 102.05248260498047 16.933530807495117
			vertex -422.6255187988281 100.9226303100586 16.933530807495117
		endloop
	endfacet
	facet normal 0 0 1
		outer loop
			vertex -421.49566650390625 102.05248260498047 17.683530807495117
			vertex -423.1904602050781 101.48755645751953 17.683530807495117
			vertex -422.6255187988281 100.9226303100586 17.683530807495117
		endloop
	endfacet
	facet normal 0 0 1
		outer loop
			vertex -422.06060791015625 102.6174087524414 17.683530807495117
			vertex -423.1904602050781 101.48755645751953 17.683530807495117
			vertex -421.49566650390625 102.05248260498047 17.683530807495117
		endloop
	endfacet
	facet normal -0.7071163308118602 -0.7070972314322634 0
		outer loop
			vertex -421.1002197265625 101.48755645751953 16.933530807495117
			vertex -420.5353088378906 100.9226303100586 16.933530807495117
			vertex -420.5353088378906 100.9226303100586 17.683530807495117
		endloop
	endfacet
	facet normal -0.7071163308118602 -0.7070972314322634 0
		outer loop
			vertex -421.1002197265625 101.48755645751953 16.933530807495117
			vertex -420.5353088378906 100.9226303100586 17.683530807495117
			vertex -421.1002197265625 101.48755645751953 17.683530807495117
		endloop
	endfacet
	facet normal 0.7071067811865476 -0.7071067811865476 0
		outer loop
			vertex -420.5353088378906 100.9226303100586 16.933530807495117
			vertex -419.40545654296875 102.05248260498047 16.933530807495117
			vertex -419.40545654296875 102.05248260498047 17.683530807495117
		endloop
	endfacet
	facet normal 0.7071067811865476 -0.7071067811865476 0
		outer loop
			vertex -420.5353088378906 100.9226303100586 16.933530807495117
			vertex -419.40545654296875 102.05248260498047 17.683530807495117
			vertex -420.5353088378906 100.9226303100586 17.683530807495117
		endloop
	endfacet
	facet normal 0.7071163308118602 0.7070972314322634 0
		outer loop
			vertex -419.9703674316406 102.6174087524414 17.683530807495117
			vertex -419.40545654296875 102.05248260498047 16.933530807495117
			vertex -419.9703674316406 102.6174087524414 16.933530807495117
		endloop
	endfacet
	facet normal 0.7071163308118602 0.7070972314322634 0
		outer loop
			vertex -419.9703674316406 102.6174087524414 17.683530807495117
			vertex -419.40545654296875 102.05248260498047 17.683530807495117
			vertex -419.40545654296875 102.05248260498047 16.933530807495117
		endloop
	endfacet
	facet normal -0.7071067811865476 0.7071067811865476 0
		outer loop
			vertex -419.9703674316406 102.6174087524414 16.933530807495117
			vertex -421.1002197265625 101.48755645751953 16.933530807495117
			vertex -421.1002197265625 101.48755645751953 17.683530807495117
		endloop
	endfacet
	facet normal -0.7071067811865476 0.7071067811865476 0
		outer loop
			vertex -419.9703674316406 102.6174087524414 16.933530807495117
			vertex -421.1002197265625 101.48755645751953 17.683530807495117
			vertex -419.9703674316406 102.6174087524414 17.683530807495117
		endloop
	endfacet
	facet normal 0 0 -1
		outer loop
			vertex -421.1002197265625 101.48755645751953 16.933530807495117
			vertex -419.9703674316406 102.6174087524414 16.933530807495117
			vertex -419.40545654296875 102.05248260498047 16.933530807495117
		endloop
	endfacet
	facet normal 0 0 -1
		outer loop
			vertex -421.1002197265625 101.48755645751953 16.933530807495117
			vertex -419.40545654296875 102.05248260498047 16.933530807495117
			vertex -420.5353088378906 100.9226303100586 16.933530807495117
		endloop
	endfacet
	facet normal 0 0 1
		outer loop
			vertex -419.40545654296875 102.05248260498047 17.683530807495117
			vertex -421.1002197265625 101.48755645751953 17.683530807495117
			vertex -420.5353088378906 100.9226303100586 17.683530807495117
		endloop
	endfacet
	facet normal 0 0 1
		outer loop
			vertex -419.9703674316406 102.6174087524414 17.683530807495117
			vertex -421.1002197265625 101.48755645751953 17.683530807495117
			vertex -419.40545654296875 102.05248260498047 17.683530807495117
		endloop
	endfacet
	facet normal -0.7070972316902029 -0.7071163305539279 0
		outer loop
			vertex -418.9958801269531 101.48755645751953 16.933530807495117
			vertex -418.4309387207031 100.9226303100586 16.933530807495117
			vertex -418.4309387207031 100.9226303100586 17.683530807495117
		endloop
	endfacet
	facet normal -0.7070972316902029 -0.7071163305539279 0
		outer loop
			vertex -418.9958801269531 101.48755645751953 16.933530807495117
			vertex -418.4309387207031 100.9226303100586 17.683530807495117
			vertex -418.9958801269531 101.48755645751953 17.683530807495117
		endloop
	endfacet
	facet normal 0.7071067811865476 -0.7071067811865476 0
		outer loop
			vertex -418.4309387207031 100.9226303100586 16.933530807495117
			vertex -417.30108642578125 102.05248260498047 16.933530807495117
			vertex -417.30108642578125 102.05248260498047 17.683530807495117
		endloop
	endfacet
	facet normal 0.7071067811865476 -0.7071067811865476 0
		outer loop
			vertex -418.4309387207031 100.9226303100586 16.933530807495117
			vertex -417.30108642578125 102.05248260498047 17.683530807495117
			vertex -418.4309387207031 100.9226303100586 17.683530807495117
		endloop
	endfacet
	facet normal 0.7070972316902029 0.7071163305539279 0
		outer loop
			vertex -417.86602783203125 102.6174087524414 17.683530807495117
			vertex -417.30108642578125 102.05248260498047 16.933530807495117
			vertex -417.86602783203125 102.6174087524414 16.933530807495117
		endloop
	endfacet
	facet normal 0.7070972316902029 0.7071163305539279 0
		outer loop
			vertex -417.86602783203125 102.6174087524414 17.683530807495117
			vertex -417.30108642578125 102.05248260498047 17.683530807495117
			vertex -417.30108642578125 102.05248260498047 16.933530807495117
		endloop
	endfacet
	facet normal -0.7071067811865476 0.7071067811865476 0
		outer loop
			vertex -417.86602783203125 102.6174087524414 16.933530807495117
			vertex -418.9958801269531 101.48755645751953 16.933530807495117
			vertex -418.9958801269531 101.48755645751953 17.683530807495117
		endloop
	endfacet
	facet normal -0.7071067811865476 0.7071067811865476 0
		outer loop
			vertex -417.86602783203125 102.6174087524414 16.933530807495117
			vertex -418.9958801269531 101.48755645751953 17.683530807495117
			vertex -417.86602783203125 102.6174087524414 17.683530807495117
		endloop
	endfacet
	facet normal 0 0 -1
		outer loop
			vertex -418.9958801269531 101.48755645751953 16.933530807495117
			vertex -417.86602783203125 102.6174087524414 16.933530807495117
			vertex -417.30108642578125 102.05248260498047 16.933530807495117
		endloop
	endfacet
	facet normal 0 0 -1
		outer loop
			vertex -418.9958801269531 101.48755645751953 16.933530807495117
			vertex -417.30108642578125 102.05248260498047 16.933530807495117
			vertex -418.4309387207031 100.9226303100586 16.933530807495117
		endloop
	endfacet
	facet normal 0 0 1
		outer loop
			vertex -417.30108642578125 102.05248260498047 17.683530807495117
			vertex -418.9958801269531 101.48755645751953 17.683530807495117
			vertex -418.4309387207031 100.9226303100586 17.683530807495117
		endloop
	endfacet
	facet normal 0 0 1
		outer loop
			vertex -417.86602783203125 102.6174087524414 17.683530807495117
			vertex -418.9958801269531 101.48755645751953 17.683530807495117
			vertex -417.30108642578125 102.05248260498047 17.683530807495117
		endloop
	endfacet
	facet normal -0.7071163308118602 -0.7070972314322634 0
		outer loop
			vertex -416.8915100097656 101.48755645751953 16.933530807495117
			vertex -416.32659912109375 100.9226303100586 16.933530807495117
			vertex -416.32659912109375 100.9226303100586 17.683530807495117
		endloop
	endfacet
	facet normal -0.7071163308118602 -0.7070972314322634 0
		outer loop
			vertex -416.8915100097656 101.48755645751953 16.933530807495117
			vertex -416.32659912109375 100.9226303100586 17.683530807495117
			vertex -416.8915100097656 101.48755645751953 17.683530807495117
		endloop
	endfacet
	facet normal 0.7071067811865476 -0.7071067811865476 0
		outer loop
			vertex -416.32659912109375 100.9226303100586 16.933530807495117
			vertex -415.1967468261719 102.05248260498047 16.933530807495117
			vertex -415.1967468261719 102.05248260498047 17.683530807495117
		endloop
	endfacet
	facet normal 0.7071067811865476 -0.7071067811865476 0
		outer loop
			vertex -416.32659912109375 100.9226303100586 16.933530807495117
			vertex -415.1967468261719 102.05248260498047 17.683530807495117
			vertex -416.32659912109375 100.9226303100586 17.683530807495117
		endloop
	endfacet
	facet normal 0.7071163308118602 0.7070972314322634 0
		outer loop
			vertex -415.76165771484375 102.6174087524414 17.683530807495117
			vertex -415.1967468261719 102.05248260498047 16.933530807495117
			vertex -415.76165771484375 102.6174087524414 16.933530807495117
		endloop
	endfacet
	facet normal 0.7071163308118602 0.7070972314322634 0
		outer loop
			vertex -415.76165771484375 102.6174087524414 17.683530807495117
			vertex -415.1967468261719 102.05248260498047 17.683530807495117
			vertex -415.1967468261719 102.05248260498047 16.933530807495117
		endloop
	endfacet
	facet normal -0.7071067811865476 0.7071067811865476 0
		outer loop
			vertex -415.76165771484375 102.6174087524414 16.933530807495117
			vertex -416.8915100097656 101.48755645751953 16.933530807495117
			vertex -416.8915100097656 101.48755645751953 17.683530807495117
		endloop
	endfacet
	facet normal -0.7071067811865476 0.7071067811865476 0
		outer loop
			vertex -415.76165771484375 102.6174087524414 16.933530807495117
			vertex -416.8915100097656 101.48755645751953 17.683530807495117
			vertex -415.76165771484375 102.6174087524414 17.683530807495117
		endloop
	endfacet
	facet normal 0 0 -1
		outer loop
			vertex -416.8915100097656 101.48755645751953 16.933530807495117
			vertex -415.76165771484375 102.6174087524414 16.933530807495117
			vertex -415.1967468261719 102.05248260498047 16.933530807495117
		endloop
	endfacet
	facet normal 0 0 -1
		outer loop
			vertex -416.8915100097656 101.48755645751953 16.933530807495117
			vertex -415.1967468261719 102.05248260498047 16.933530807495117
			vertex -416.32659912109375 100.9226303100586 16.933530807495117
		endloop
	endfacet
	facet normal 0 0 1
		outer loop
			vertex -415.1967468261719 102.05248260498047 17.683530807495117
			vertex -416.8915100097656 101.48755645751953 17.683530807495117
			vertex -416.32659912109375 100.9226303100586 17.683530807495117
		endloop
	endfacet
	facet normal 0 0 1
		outer loop
			vertex -415.76165771484375 102.6174087524414 17.683530807495117
			vertex -416.8915100097656 101.48755645751953 17.683530807495117
			vertex -415.1967468261719 102.05248260498047 17.683530807495117
		endloop
	endfacet
	facet normal -0.7070972316902029 -0.7071163305539279 0
		outer loop
			vertex -414.78717041015625 101.48755645751953 16.933530807495117
			vertex -414.22222900390625 100.9226303100586 16.933530807495117
			vertex -414.22222900390625 100.9226303100586 17.683530807495117
		endloop
	endfacet
	facet normal -0.7070972316902029 -0.7071163305539279 0
		outer loop
			vertex -414.78717041015625 101.48755645751953 16.933530807495117
			vertex -414.22222900390625 100.9226303100586 17.683530807495117
			vertex -414.78717041015625 101.48755645751953 17.683530807495117
		endloop
	endfacet
	facet normal 0.7071067811865476 -0.7071067811865476 0
		outer loop
			vertex -414.22222900390625 100.9226303100586 16.933530807495117
			vertex -413.0923767089844 102.05248260498047 16.933530807495117
			vertex -413.0923767089844 102.05248260498047 17.683530807495117
		endloop
	endfacet
	facet normal 0.7071067811865476 -0.7071067811865476 0
		outer loop
			vertex -414.22222900390625 100.9226303100586 16.933530807495117
			vertex -413.0923767089844 102.05248260498047 17.683530807495117
			vertex -414.22222900390625 100.9226303100586 17.683530807495117
		endloop
	endfacet
	facet normal 0.7070972316902029 0.7071163305539279 0
		outer loop
			vertex -413.6573181152344 102.6174087524414 17.683530807495117
			vertex -413.0923767089844 102.05248260498047 16.933530807495117
			vertex -413.6573181152344 102.6174087524414 16.933530807495117
		endloop
	endfacet
	facet normal 0.7070972316902029 0.7071163305539279 0
		outer loop
			vertex -413.6573181152344 102.6174087524414 17.683530807495117
			vertex -413.0923767089844 102.05248260498047 17.683530807495117
			vertex -413.0923767089844 102.05248260498047 16.933530807495117
		endloop
	endfacet
	facet normal -0.7071067811865476 0.7071067811865476 0
		outer loop
			vertex -413.6573181152344 102.6174087524414 16.933530807495117
			vertex -414.78717041015625 101.48755645751953 16.933530807495117
			vertex -414.78717041015625 101.48755645751953 17.683530807495117
		endloop
	endfacet
	facet normal -0.7071067811865476 0.7071067811865476 0
		outer loop
			vertex -413.6573181152344 102.6174087524414 16.933530807495117
			vertex -414.78717041015625 101.48755645751953 17.683530807495117
			vertex -413.6573181152344 102.6174087524414 17.683530807495117
		endloop
	endfacet
	facet normal 0 0 -1
		outer loop
			vertex -414.78717041015625 101.48755645751953 16.933530807495117
			vertex -413.6573181152344 102.6174087524414 16.933530807495117
			vertex -413.0923767089844 102.05248260498047 16.933530807495117
		endloop
	endfacet
	facet normal 0 0 -1
		outer loop
			vertex -414.78717041015625 101.48755645751953 16.933530807495117
			vertex -413.0923767089844 102.05248260498047 16.933530807495117
			vertex -414.22222900390625 100.9226303100586 16.933530807495117
		endloop
	endfacet
	facet normal 0 0 1
		outer loop
			vertex -413.0923767089844 102.05248260498047 17.683530807495117
			vertex -414.78717041015625 101.48755645751953 17.683530807495117
			vertex -414.22222900390625 100.9226303100586 17.683530807495117
		endloop
	endfacet
	facet normal 0 0 1
		outer loop
			vertex -413.6573181152344 102.6174087524414 17.683530807495117
			vertex -414.78717041015625 101.48755645751953 17.683530807495117
			vertex -413.0923767089844 102.05248260498047 17.683530807495117
		endloop
	endfacet
	facet normal -0.7071163308118602 -0.7070972314322634 0
		outer loop
			vertex -412.6969299316406 101.48755645751953 16.933530807495117
			vertex -412.13201904296875 100.9226303100586 16.933530807495117
			vertex -412.13201904296875 100.9226303100586 17.683530807495117
		endloop
	endfacet
	facet normal -0.7071163308118602 -0.7070972314322634 0
		outer loop
			vertex -412.6969299316406 101.48755645751953 16.933530807495117
			vertex -412.13201904296875 100.9226303100586 17.683530807495117
			vertex -412.6969299316406 101.48755645751953 17.683530807495117
		endloop
	endfacet
	facet normal 0.7070972316902029 -0.7071163305539279 0
		outer loop
			vertex -412.13201904296875 100.9226303100586 16.933530807495117
			vertex -411.00213623046875 102.05248260498047 16.933530807495117
			vertex -411.00213623046875 102.05248260498047 17.683530807495117
		endloop
	endfacet
	facet normal 0.7070972316902029 -0.7071163305539279 0
		outer loop
			vertex -412.13201904296875 100.9226303100586 16.933530807495117
			vertex -411.00213623046875 102.05248260498047 17.683530807495117
			vertex -412.13201904296875 100.9226303100586 17.683530807495117
		endloop
	endfacet
	facet normal 0.7070972316902029 0.7071163305539279 0
		outer loop
			vertex -411.56707763671875 102.6174087524414 17.683530807495117
			vertex -411.00213623046875 102.05248260498047 16.933530807495117
			vertex -411.56707763671875 102.6174087524414 16.933530807495117
		endloop
	endfacet
	facet normal 0.7070972316902029 0.7071163305539279 0
		outer loop
			vertex -411.56707763671875 102.6174087524414 17.683530807495117
			vertex -411.00213623046875 102.05248260498047 17.683530807495117
			vertex -411.00213623046875 102.05248260498047 16.933530807495117
		endloop
	endfacet
	facet normal -0.7071067811865476 0.7071067811865476 0
		outer loop
			vertex -411.56707763671875 102.6174087524414 16.933530807495117
			vertex -412.6969299316406 101.48755645751953 16.933530807495117
			vertex -412.6969299316406 101.48755645751953 17.683530807495117
		endloop
	endfacet
	facet normal -0.7071067811865476 0.7071067811865476 0
		outer loop
			vertex -411.56707763671875 102.6174087524414 16.933530807495117
			vertex -412.6969299316406 101.48755645751953 17.683530807495117
			vertex -411.56707763671875 102.6174087524414 17.683530807495117
		endloop
	endfacet
	facet normal 0 0 -1
		outer loop
			vertex -412.6969299316406 101.48755645751953 16.933530807495117
			vertex -411.56707763671875 102.6174087524414 16.933530807495117
			vertex -411.00213623046875 102.05248260498047 16.933530807495117
		endloop
	endfacet
	facet normal 0 0 -1
		outer loop
			vertex -412.6969299316406 101.48755645751953 16.933530807495117
			vertex -411.00213623046875 102.05248260498047 16.933530807495117
			vertex -412.13201904296875 100.9226303100586 16.933530807495117
		endloop
	endfacet
	facet normal 0 0 1
		outer loop
			vertex -411.00213623046875 102.05248260498047 17.683530807495117
			vertex -412.6969299316406 101.48755645751953 17.683530807495117
			vertex -412.13201904296875 100.9226303100586 17.683530807495117
		endloop
	endfacet
	facet normal 0 0 1
		outer loop
			vertex -411.56707763671875 102.6174087524414 17.683530807495117
			vertex -412.6969299316406 101.48755645751953 17.683530807495117
			vertex -411.00213623046875 102.05248260498047 17.683530807495117
		endloop
	endfacet
	facet normal -0.7071163308118602 -0.7070972314322634 0
		outer loop
			vertex -410.5925598144531 101.48755645751953 16.933530807495117
			vertex -410.02764892578125 100.9226303100586 16.933530807495117
			vertex -410.02764892578125 100.9226303100586 17.683530807495117
		endloop
	endfacet
	facet normal -0.7071163308118602 -0.7070972314322634 0
		outer loop
			vertex -410.5925598144531 101.48755645751953 16.933530807495117
			vertex -410.02764892578125 100.9226303100586 17.683530807495117
			vertex -410.5925598144531 101.48755645751953 17.683530807495117
		endloop
	endfacet
	facet normal 0.7071067811865476 -0.7071067811865476 0
		outer loop
			vertex -410.02764892578125 100.9226303100586 16.933530807495117
			vertex -408.8977966308594 102.05248260498047 16.933530807495117
			vertex -408.8977966308594 102.05248260498047 17.683530807495117
		endloop
	endfacet
	facet normal 0.7071067811865476 -0.7071067811865476 0
		outer loop
			vertex -410.02764892578125 100.9226303100586 16.933530807495117
			vertex -408.8977966308594 102.05248260498047 17.683530807495117
			vertex -410.02764892578125 100.9226303100586 17.683530807495117
		endloop
	endfacet
	facet normal 0.7071163308118602 0.7070972314322634 0
		outer loop
			vertex -409.46270751953125 102.6174087524414 17.683530807495117
			vertex -408.8977966308594 102.05248260498047 16.933530807495117
			vertex -409.46270751953125 102.6174087524414 16.933530807495117
		endloop
	endfacet
	facet normal 0.7071163308118602 0.7070972314322634 0
		outer loop
			vertex -409.46270751953125 102.6174087524414 17.683530807495117
			vertex -408.8977966308594 102.05248260498047 17.683530807495117
			vertex -408.8977966308594 102.05248260498047 16.933530807495117
		endloop
	endfacet
	facet normal -0.7071067811865476 0.7071067811865476 0
		outer loop
			vertex -409.46270751953125 102.6174087524414 16.933530807495117
			vertex -410.5925598144531 101.48755645751953 16.933530807495117
			vertex -410.5925598144531 101.48755645751953 17.683530807495117
		endloop
	endfacet
	facet normal -0.7071067811865476 0.7071067811865476 0
		outer loop
			vertex -409.46270751953125 102.6174087524414 16.933530807495117
			vertex -410.5925598144531 101.48755645751953 17.683530807495117
			vertex -409.46270751953125 102.6174087524414 17.683530807495117
		endloop
	endfacet
	facet normal 0 0 -1
		outer loop
			vertex -410.5925598144531 101.48755645751953 16.933530807495117
			vertex -409.46270751953125 102.6174087524414 16.933530807495117
			vertex -408.8977966308594 102.05248260498047 16.933530807495117
		endloop
	endfacet
	facet normal 0 0 -1
		outer loop
			vertex -410.5925598144531 101.48755645751953 16.933530807495117
			vertex -408.8977966308594 102.05248260498047 16.933530807495117
			vertex -410.02764892578125 100.9226303100586 16.933530807495117
		endloop
	endfacet
	facet normal 0 0 1
		outer loop
			vertex -408.8977966308594 102.05248260498047 17.683530807495117
			vertex -410.5925598144531 101.48755645751953 17.683530807495117
			vertex -410.02764892578125 100.9226303100586 17.683530807495117
		endloop
	endfacet
	facet normal 0 0 1
		outer loop
			vertex -409.46270751953125 102.6174087524414 17.683530807495117
			vertex -410.5925598144531 101.48755645751953 17.683530807495117
			vertex -408.8977966308594 102.05248260498047 17.683530807495117
		endloop
	endfacet
	facet normal -0.7071163308118602 -0.7070972314322634 0
		outer loop
			vertex -408.48822021484375 101.48755645751953 16.933530807495117
			vertex -407.9233093261719 100.9226303100586 16.933530807495117
			vertex -407.9233093261719 100.9226303100586 17.683530807495117
		endloop
	endfacet
	facet normal -0.7071163308118602 -0.7070972314322634 0
		outer loop
			vertex -408.48822021484375 101.48755645751953 16.933530807495117
			vertex -407.9233093261719 100.9226303100586 17.683530807495117
			vertex -408.48822021484375 101.48755645751953 17.683530807495117
		endloop
	endfacet
	facet normal 0.7071067811865476 -0.7071067811865476 0
		outer loop
			vertex -407.9233093261719 100.9226303100586 16.933530807495117
			vertex -406.79345703125 102.05248260498047 16.933530807495117
			vertex -406.79345703125 102.05248260498047 17.683530807495117
		endloop
	endfacet
	facet normal 0.7071067811865476 -0.7071067811865476 0
		outer loop
			vertex -407.9233093261719 100.9226303100586 16.933530807495117
			vertex -406.79345703125 102.05248260498047 17.683530807495117
			vertex -407.9233093261719 100.9226303100586 17.683530807495117
		endloop
	endfacet
	facet normal 0.7071163308118602 0.7070972314322634 0
		outer loop
			vertex -407.3583679199219 102.6174087524414 17.683530807495117
			vertex -406.79345703125 102.05248260498047 16.933530807495117
			vertex -407.3583679199219 102.6174087524414 16.933530807495117
		endloop
	endfacet
	facet normal 0.7071163308118602 0.7070972314322634 0
		outer loop
			vertex -407.3583679199219 102.6174087524414 17.683530807495117
			vertex -406.79345703125 102.05248260498047 17.683530807495117
			vertex -406.79345703125 102.05248260498047 16.933530807495117
		endloop
	endfacet
	facet normal -0.7071067811865476 0.7071067811865476 0
		outer loop
			vertex -407.3583679199219 102.6174087524414 16.933530807495117
			vertex -408.48822021484375 101.48755645751953 16.933530807495117
			vertex -408.48822021484375 101.48755645751953 17.683530807495117
		endloop
	endfacet
	facet normal -0.7071067811865476 0.7071067811865476 0
		outer loop
			vertex -407.3583679199219 102.6174087524414 16.933530807495117
			vertex -408.48822021484375 101.48755645751953 17.683530807495117
			vertex -407.3583679199219 102.6174087524414 17.683530807495117
		endloop
	endfacet
	facet normal 0 0 -1
		outer loop
			vertex -408.48822021484375 101.48755645751953 16.933530807495117
			vertex -407.3583679199219 102.6174087524414 16.933530807495117
			vertex -406.79345703125 102.05248260498047 16.933530807495117
		endloop
	endfacet
	facet normal 0 0 -1
		outer loop
			vertex -408.48822021484375 101.48755645751953 16.933530807495117
			vertex -406.79345703125 102.05248260498047 16.933530807495117
			vertex -407.9233093261719 100.9226303100586 16.933530807495117
		endloop
	endfacet
	facet normal 0 0 1
		outer loop
			vertex -406.79345703125 102.05248260498047 17.683530807495117
			vertex -408.48822021484375 101.48755645751953 17.683530807495117
			vertex -407.9233093261719 100.9226303100586 17.683530807495117
		endloop
	endfacet
	facet normal 0 0 1
		outer loop
			vertex -407.3583679199219 102.6174087524414 17.683530807495117
			vertex -408.48822021484375 101.48755645751953 17.683530807495117
			vertex -406.79345703125 102.05248260498047 17.683530807495117
		endloop
	endfacet
	facet normal -0.7071163308118602 -0.7070972314322634 0
		outer loop
			vertex -408.48822021484375 103.49304962158203 16.933530807495117
			vertex -407.9233093261719 102.9281234741211 16.933530807495117
			vertex -407.9233093261719 102.9281234741211 17.683530807495117
		endloop
	endfacet
	facet normal -0.7071163308118602 -0.7070972314322634 0
		outer loop
			vertex -408.48822021484375 103.49304962158203 16.933530807495117
			vertex -407.9233093261719 102.9281234741211 17.683530807495117
			vertex -408.48822021484375 103.49304962158203 17.683530807495117
		endloop
	endfacet
	facet normal 0.7071067811865476 -0.7071067811865476 0
		outer loop
			vertex -407.9233093261719 102.9281234741211 16.933530807495117
			vertex -406.79345703125 104.05797576904297 16.933530807495117
			vertex -406.79345703125 104.05797576904297 17.683530807495117
		endloop
	endfacet
	facet normal 0.7071067811865476 -0.7071067811865476 0
		outer loop
			vertex -407.9233093261719 102.9281234741211 16.933530807495117
			vertex -406.79345703125 104.05797576904297 17.683530807495117
			vertex -407.9233093261719 102.9281234741211 17.683530807495117
		endloop
	endfacet
	facet normal 0.7071163308118602 0.7070972314322634 0
		outer loop
			vertex -407.3583679199219 104.6229019165039 17.683530807495117
			vertex -406.79345703125 104.05797576904297 16.933530807495117
			vertex -407.3583679199219 104.6229019165039 16.933530807495117
		endloop
	endfacet
	facet normal 0.7071163308118602 0.7070972314322634 0
		outer loop
			vertex -407.3583679199219 104.6229019165039 17.683530807495117
			vertex -406.79345703125 104.05797576904297 17.683530807495117
			vertex -406.79345703125 104.05797576904297 16.933530807495117
		endloop
	endfacet
	facet normal -0.7071067811865476 0.7071067811865476 0
		outer loop
			vertex -407.3583679199219 104.6229019165039 16.933530807495117
			vertex -408.48822021484375 103.49304962158203 16.933530807495117
			vertex -408.48822021484375 103.49304962158203 17.683530807495117
		endloop
	endfacet
	facet normal -0.7071067811865476 0.7071067811865476 0
		outer loop
			vertex -407.3583679199219 104.6229019165039 16.933530807495117
			vertex -408.48822021484375 103.49304962158203 17.683530807495117
			vertex -407.3583679199219 104.6229019165039 17.683530807495117
		endloop
	endfacet
	facet normal 0 0 -1
		outer loop
			vertex -408.48822021484375 103.49304962158203 16.933530807495117
			vertex -407.3583679199219 104.6229019165039 16.933530807495117
			vertex -406.79345703125 104.05797576904297 16.933530807495117
		endloop
	endfacet
	facet normal 0 0 -1
		outer loop
			vertex -408.48822021484375 103.49304962158203 16.933530807495117
			vertex -406.79345703125 104.05797576904297 16.933530807495117
			vertex -407.9233093261719 102.9281234741211 16.933530807495117
		endloop
	endfacet
	facet normal 0 0 1
		outer loop
			vertex -406.79345703125 104.05797576904297 17.683530807495117
			vertex -408.48822021484375 103.49304962158203 17.683530807495117
			vertex -407.9233093261719 102.9281234741211 17.683530807495117
		endloop
	endfacet
	facet normal 0 0 1
		outer loop
			vertex -407.3583679199219 104.6229019165039 17.683530807495117
			vertex -408.48822021484375 103.49304962158203 17.683530807495117
			vertex -406.79345703125 104.05797576904297 17.683530807495117
		endloop
	endfacet
	facet normal -0.7071163308118602 -0.7070972314322634 0
		outer loop
			vertex -410.5925598144531 103.49304962158203 16.933530807495117
			vertex -410.02764892578125 102.9281234741211 16.933530807495117
			vertex -410.02764892578125 102.9281234741211 17.683530807495117
		endloop
	endfacet
	facet normal -0.7071163308118602 -0.7070972314322634 0
		outer loop
			vertex -410.5925598144531 103.49304962158203 16.933530807495117
			vertex -410.02764892578125 102.9281234741211 17.683530807495117
			vertex -410.5925598144531 103.49304962158203 17.683530807495117
		endloop
	endfacet
	facet normal 0.7071067811865476 -0.7071067811865476 0
		outer loop
			vertex -410.02764892578125 102.9281234741211 16.933530807495117
			vertex -408.8977966308594 104.05797576904297 16.933530807495117
			vertex -408.8977966308594 104.05797576904297 17.683530807495117
		endloop
	endfacet
	facet normal 0.7071067811865476 -0.7071067811865476 0
		outer loop
			vertex -410.02764892578125 102.9281234741211 16.933530807495117
			vertex -408.8977966308594 104.05797576904297 17.683530807495117
			vertex -410.02764892578125 102.9281234741211 17.683530807495117
		endloop
	endfacet
	facet normal 0.7071163308118602 0.7070972314322634 0
		outer loop
			vertex -409.46270751953125 104.6229019165039 17.683530807495117
			vertex -408.8977966308594 104.05797576904297 16.933530807495117
			vertex -409.46270751953125 104.6229019165039 16.933530807495117
		endloop
	endfacet
	facet normal 0.7071163308118602 0.7070972314322634 0
		outer loop
			vertex -409.46270751953125 104.6229019165039 17.683530807495117
			vertex -408.8977966308594 104.05797576904297 17.683530807495117
			vertex -408.8977966308594 104.05797576904297 16.933530807495117
		endloop
	endfacet
	facet normal -0.7071067811865476 0.7071067811865476 0
		outer loop
			vertex -409.46270751953125 104.6229019165039 16.933530807495117
			vertex -410.5925598144531 103.49304962158203 16.933530807495117
			vertex -410.5925598144531 103.49304962158203 17.683530807495117
		endloop
	endfacet
	facet normal -0.7071067811865476 0.7071067811865476 0
		outer loop
			vertex -409.46270751953125 104.6229019165039 16.933530807495117
			vertex -410.5925598144531 103.49304962158203 17.683530807495117
			vertex -409.46270751953125 104.6229019165039 17.683530807495117
		endloop
	endfacet
	facet normal 0 0 -1
		outer loop
			vertex -410.5925598144531 103.49304962158203 16.933530807495117
			vertex -409.46270751953125 104.6229019165039 16.933530807495117
			vertex -408.8977966308594 104.05797576904297 16.933530807495117
		endloop
	endfacet
	facet normal 0 0 -1
		outer loop
			vertex -410.5925598144531 103.49304962158203 16.933530807495117
			vertex -408.8977966308594 104.05797576904297 16.933530807495117
			vertex -410.02764892578125 102.9281234741211 16.933530807495117
		endloop
	endfacet
	facet normal 0 0 1
		outer loop
			vertex -408.8977966308594 104.05797576904297 17.683530807495117
			vertex -410.5925598144531 103.49304962158203 17.683530807495117
			vertex -410.02764892578125 102.9281234741211 17.683530807495117
		endloop
	endfacet
	facet normal 0 0 1
		outer loop
			vertex -409.46270751953125 104.6229019165039 17.683530807495117
			vertex -410.5925598144531 103.49304962158203 17.683530807495117
			vertex -408.8977966308594 104.05797576904297 17.683530807495117
		endloop
	endfacet
	facet normal -0.7071163308118602 -0.7070972314322634 0
		outer loop
			vertex -412.6969299316406 103.49304962158203 16.933530807495117
			vertex -412.13201904296875 102.9281234741211 16.933530807495117
			vertex -412.13201904296875 102.9281234741211 17.683530807495117
		endloop
	endfacet
	facet normal -0.7071163308118602 -0.7070972314322634 0
		outer loop
			vertex -412.6969299316406 103.49304962158203 16.933530807495117
			vertex -412.13201904296875 102.9281234741211 17.683530807495117
			vertex -412.6969299316406 103.49304962158203 17.683530807495117
		endloop
	endfacet
	facet normal 0.7070972316902029 -0.7071163305539279 0
		outer loop
			vertex -412.13201904296875 102.9281234741211 16.933530807495117
			vertex -411.00213623046875 104.05797576904297 16.933530807495117
			vertex -411.00213623046875 104.05797576904297 17.683530807495117
		endloop
	endfacet
	facet normal 0.7070972316902029 -0.7071163305539279 0
		outer loop
			vertex -412.13201904296875 102.9281234741211 16.933530807495117
			vertex -411.00213623046875 104.05797576904297 17.683530807495117
			vertex -412.13201904296875 102.9281234741211 17.683530807495117
		endloop
	endfacet
	facet normal 0.7070972316902029 0.7071163305539279 0
		outer loop
			vertex -411.56707763671875 104.6229019165039 17.683530807495117
			vertex -411.00213623046875 104.05797576904297 16.933530807495117
			vertex -411.56707763671875 104.6229019165039 16.933530807495117
		endloop
	endfacet
	facet normal 0.7070972316902029 0.7071163305539279 0
		outer loop
			vertex -411.56707763671875 104.6229019165039 17.683530807495117
			vertex -411.00213623046875 104.05797576904297 17.683530807495117
			vertex -411.00213623046875 104.05797576904297 16.933530807495117
		endloop
	endfacet
	facet normal -0.7071067811865476 0.7071067811865476 0
		outer loop
			vertex -411.56707763671875 104.6229019165039 16.933530807495117
			vertex -412.6969299316406 103.49304962158203 16.933530807495117
			vertex -412.6969299316406 103.49304962158203 17.683530807495117
		endloop
	endfacet
	facet normal -0.7071067811865476 0.7071067811865476 0
		outer loop
			vertex -411.56707763671875 104.6229019165039 16.933530807495117
			vertex -412.6969299316406 103.49304962158203 17.683530807495117
			vertex -411.56707763671875 104.6229019165039 17.683530807495117
		endloop
	endfacet
	facet normal 0 0 -1
		outer loop
			vertex -412.6969299316406 103.49304962158203 16.933530807495117
			vertex -411.56707763671875 104.6229019165039 16.933530807495117
			vertex -411.00213623046875 104.05797576904297 16.933530807495117
		endloop
	endfacet
	facet normal 0 0 -1
		outer loop
			vertex -412.6969299316406 103.49304962158203 16.933530807495117
			vertex -411.00213623046875 104.05797576904297 16.933530807495117
			vertex -412.13201904296875 102.9281234741211 16.933530807495117
		endloop
	endfacet
	facet normal 0 0 1
		outer loop
			vertex -411.00213623046875 104.05797576904297 17.683530807495117
			vertex -412.6969299316406 103.49304962158203 17.683530807495117
			vertex -412.13201904296875 102.9281234741211 17.683530807495117
		endloop
	endfacet
	facet normal 0 0 1
		outer loop
			vertex -411.56707763671875 104.6229019165039 17.683530807495117
			vertex -412.6969299316406 103.49304962158203 17.683530807495117
			vertex -411.00213623046875 104.05797576904297 17.683530807495117
		endloop
	endfacet
	facet normal -0.7070972316902029 -0.7071163305539279 0
		outer loop
			vertex -414.78717041015625 103.49304962158203 16.933530807495117
			vertex -414.22222900390625 102.9281234741211 16.933530807495117
			vertex -414.22222900390625 102.9281234741211 17.683530807495117
		endloop
	endfacet
	facet normal -0.7070972316902029 -0.7071163305539279 0
		outer loop
			vertex -414.78717041015625 103.49304962158203 16.933530807495117
			vertex -414.22222900390625 102.9281234741211 17.683530807495117
			vertex -414.78717041015625 103.49304962158203 17.683530807495117
		endloop
	endfacet
	facet normal 0.7071067811865476 -0.7071067811865476 0
		outer loop
			vertex -414.22222900390625 102.9281234741211 16.933530807495117
			vertex -413.0923767089844 104.05797576904297 16.933530807495117
			vertex -413.0923767089844 104.05797576904297 17.683530807495117
		endloop
	endfacet
	facet normal 0.7071067811865476 -0.7071067811865476 0
		outer loop
			vertex -414.22222900390625 102.9281234741211 16.933530807495117
			vertex -413.0923767089844 104.05797576904297 17.683530807495117
			vertex -414.22222900390625 102.9281234741211 17.683530807495117
		endloop
	endfacet
	facet normal 0.7070972316902029 0.7071163305539279 0
		outer loop
			vertex -413.6573181152344 104.6229019165039 17.683530807495117
			vertex -413.0923767089844 104.05797576904297 16.933530807495117
			vertex -413.6573181152344 104.6229019165039 16.933530807495117
		endloop
	endfacet
	facet normal 0.7070972316902029 0.7071163305539279 0
		outer loop
			vertex -413.6573181152344 104.6229019165039 17.683530807495117
			vertex -413.0923767089844 104.05797576904297 17.683530807495117
			vertex -413.0923767089844 104.05797576904297 16.933530807495117
		endloop
	endfacet
	facet normal -0.7071067811865476 0.7071067811865476 0
		outer loop
			vertex -413.6573181152344 104.6229019165039 16.933530807495117
			vertex -414.78717041015625 103.49304962158203 16.933530807495117
			vertex -414.78717041015625 103.49304962158203 17.683530807495117
		endloop
	endfacet
	facet normal -0.7071067811865476 0.7071067811865476 0
		outer loop
			vertex -413.6573181152344 104.6229019165039 16.933530807495117
			vertex -414.78717041015625 103.49304962158203 17.683530807495117
			vertex -413.6573181152344 104.6229019165039 17.683530807495117
		endloop
	endfacet
	facet normal 0 0 -1
		outer loop
			vertex -414.78717041015625 103.49304962158203 16.933530807495117
			vertex -413.6573181152344 104.6229019165039 16.933530807495117
			vertex -413.0923767089844 104.05797576904297 16.933530807495117
		endloop
	endfacet
	facet normal 0 0 -1
		outer loop
			vertex -414.78717041015625 103.49304962158203 16.933530807495117
			vertex -413.0923767089844 104.05797576904297 16.933530807495117
			vertex -414.22222900390625 102.9281234741211 16.933530807495117
		endloop
	endfacet
	facet normal 0 0 1
		outer loop
			vertex -413.0923767089844 104.05797576904297 17.683530807495117
			vertex -414.78717041015625 103.49304962158203 17.683530807495117
			vertex -414.22222900390625 102.9281234741211 17.683530807495117
		endloop
	endfacet
	facet normal 0 0 1
		outer loop
			vertex -413.6573181152344 104.6229019165039 17.683530807495117
			vertex -414.78717041015625 103.49304962158203 17.683530807495117
			vertex -413.0923767089844 104.05797576904297 17.683530807495117
		endloop
	endfacet
	facet normal -0.7071163308118602 -0.7070972314322634 0
		outer loop
			vertex -416.8915100097656 103.49304962158203 16.933530807495117
			vertex -416.32659912109375 102.9281234741211 16.933530807495117
			vertex -416.32659912109375 102.9281234741211 17.683530807495117
		endloop
	endfacet
	facet normal -0.7071163308118602 -0.7070972314322634 0
		outer loop
			vertex -416.8915100097656 103.49304962158203 16.933530807495117
			vertex -416.32659912109375 102.9281234741211 17.683530807495117
			vertex -416.8915100097656 103.49304962158203 17.683530807495117
		endloop
	endfacet
	facet normal 0.7071067811865476 -0.7071067811865476 0
		outer loop
			vertex -416.32659912109375 102.9281234741211 16.933530807495117
			vertex -415.1967468261719 104.05797576904297 16.933530807495117
			vertex -415.1967468261719 104.05797576904297 17.683530807495117
		endloop
	endfacet
	facet normal 0.7071067811865476 -0.7071067811865476 0
		outer loop
			vertex -416.32659912109375 102.9281234741211 16.933530807495117
			vertex -415.1967468261719 104.05797576904297 17.683530807495117
			vertex -416.32659912109375 102.9281234741211 17.683530807495117
		endloop
	endfacet
	facet normal 0.7071163308118602 0.7070972314322634 0
		outer loop
			vertex -415.76165771484375 104.6229019165039 17.683530807495117
			vertex -415.1967468261719 104.05797576904297 16.933530807495117
			vertex -415.76165771484375 104.6229019165039 16.933530807495117
		endloop
	endfacet
	facet normal 0.7071163308118602 0.7070972314322634 0
		outer loop
			vertex -415.76165771484375 104.6229019165039 17.683530807495117
			vertex -415.1967468261719 104.05797576904297 17.683530807495117
			vertex -415.1967468261719 104.05797576904297 16.933530807495117
		endloop
	endfacet
	facet normal -0.7071067811865476 0.7071067811865476 0
		outer loop
			vertex -415.76165771484375 104.6229019165039 16.933530807495117
			vertex -416.8915100097656 103.49304962158203 16.933530807495117
			vertex -416.8915100097656 103.49304962158203 17.683530807495117
		endloop
	endfacet
	facet normal -0.7071067811865476 0.7071067811865476 0
		outer loop
			vertex -415.76165771484375 104.6229019165039 16.933530807495117
			vertex -416.8915100097656 103.49304962158203 17.683530807495117
			vertex -415.76165771484375 104.6229019165039 17.683530807495117
		endloop
	endfacet
	facet normal 0 0 -1
		outer loop
			vertex -416.8915100097656 103.49304962158203 16.933530807495117
			vertex -415.76165771484375 104.6229019165039 16.933530807495117
			vertex -415.1967468261719 104.05797576904297 16.933530807495117
		endloop
	endfacet
	facet normal 0 0 -1
		outer loop
			vertex -416.8915100097656 103.49304962158203 16.933530807495117
			vertex -415.1967468261719 104.05797576904297 16.933530807495117
			vertex -416.32659912109375 102.9281234741211 16.933530807495117
		endloop
	endfacet
	facet normal 0 0 1
		outer loop
			vertex -415.1967468261719 104.05797576904297 17.683530807495117
			vertex -416.8915100097656 103.49304962158203 17.683530807495117
			vertex -416.32659912109375 102.9281234741211 17.683530807495117
		endloop
	endfacet
	facet normal 0 0 1
		outer loop
			vertex -415.76165771484375 104.6229019165039 17.683530807495117
			vertex -416.8915100097656 103.49304962158203 17.683530807495117
			vertex -415.1967468261719 104.05797576904297 17.683530807495117
		endloop
	endfacet
	facet normal -0.7070972316902029 -0.7071163305539279 0
		outer loop
			vertex -418.9958801269531 103.49304962158203 16.933530807495117
			vertex -418.4309387207031 102.9281234741211 16.933530807495117
			vertex -418.4309387207031 102.9281234741211 17.683530807495117
		endloop
	endfacet
	facet normal -0.7070972316902029 -0.7071163305539279 0
		outer loop
			vertex -418.9958801269531 103.49304962158203 16.933530807495117
			vertex -418.4309387207031 102.9281234741211 17.683530807495117
			vertex -418.9958801269531 103.49304962158203 17.683530807495117
		endloop
	endfacet
	facet normal 0.7071067811865476 -0.7071067811865476 0
		outer loop
			vertex -418.4309387207031 102.9281234741211 16.933530807495117
			vertex -417.30108642578125 104.05797576904297 16.933530807495117
			vertex -417.30108642578125 104.05797576904297 17.683530807495117
		endloop
	endfacet
	facet normal 0.7071067811865476 -0.7071067811865476 0
		outer loop
			vertex -418.4309387207031 102.9281234741211 16.933530807495117
			vertex -417.30108642578125 104.05797576904297 17.683530807495117
			vertex -418.4309387207031 102.9281234741211 17.683530807495117
		endloop
	endfacet
	facet normal 0.7070972316902029 0.7071163305539279 0
		outer loop
			vertex -417.86602783203125 104.6229019165039 17.683530807495117
			vertex -417.30108642578125 104.05797576904297 16.933530807495117
			vertex -417.86602783203125 104.6229019165039 16.933530807495117
		endloop
	endfacet
	facet normal 0.7070972316902029 0.7071163305539279 0
		outer loop
			vertex -417.86602783203125 104.6229019165039 17.683530807495117
			vertex -417.30108642578125 104.05797576904297 17.683530807495117
			vertex -417.30108642578125 104.05797576904297 16.933530807495117
		endloop
	endfacet
	facet normal -0.7071067811865476 0.7071067811865476 0
		outer loop
			vertex -417.86602783203125 104.6229019165039 16.933530807495117
			vertex -418.9958801269531 103.49304962158203 16.933530807495117
			vertex -418.9958801269531 103.49304962158203 17.683530807495117
		endloop
	endfacet
	facet normal -0.7071067811865476 0.7071067811865476 0
		outer loop
			vertex -417.86602783203125 104.6229019165039 16.933530807495117
			vertex -418.9958801269531 103.49304962158203 17.683530807495117
			vertex -417.86602783203125 104.6229019165039 17.683530807495117
		endloop
	endfacet
	facet normal 0 0 -1
		outer loop
			vertex -418.9958801269531 103.49304962158203 16.933530807495117
			vertex -417.86602783203125 104.6229019165039 16.933530807495117
			vertex -417.30108642578125 104.05797576904297 16.933530807495117
		endloop
	endfacet
	facet normal 0 0 -1
		outer loop
			vertex -418.9958801269531 103.49304962158203 16.933530807495117
			vertex -417.30108642578125 104.05797576904297 16.933530807495117
			vertex -418.4309387207031 102.9281234741211 16.933530807495117
		endloop
	endfacet
	facet normal 0 0 1
		outer loop
			vertex -417.30108642578125 104.05797576904297 17.683530807495117
			vertex -418.9958801269531 103.49304962158203 17.683530807495117
			vertex -418.4309387207031 102.9281234741211 17.683530807495117
		endloop
	endfacet
	facet normal 0 0 1
		outer loop
			vertex -417.86602783203125 104.6229019165039 17.683530807495117
			vertex -418.9958801269531 103.49304962158203 17.683530807495117
			vertex -417.30108642578125 104.05797576904297 17.683530807495117
		endloop
	endfacet
	facet normal -0.7071163308118602 -0.7070972314322634 0
		outer loop
			vertex -421.1002197265625 103.49304962158203 16.933530807495117
			vertex -420.5353088378906 102.9281234741211 16.933530807495117
			vertex -420.5353088378906 102.9281234741211 17.683530807495117
		endloop
	endfacet
	facet normal -0.7071163308118602 -0.7070972314322634 0
		outer loop
			vertex -421.1002197265625 103.49304962158203 16.933530807495117
			vertex -420.5353088378906 102.9281234741211 17.683530807495117
			vertex -421.1002197265625 103.49304962158203 17.683530807495117
		endloop
	endfacet
	facet normal 0.7071067811865476 -0.7071067811865476 0
		outer loop
			vertex -420.5353088378906 102.9281234741211 16.933530807495117
			vertex -419.40545654296875 104.05797576904297 16.933530807495117
			vertex -419.40545654296875 104.05797576904297 17.683530807495117
		endloop
	endfacet
	facet normal 0.7071067811865476 -0.7071067811865476 0
		outer loop
			vertex -420.5353088378906 102.9281234741211 16.933530807495117
			vertex -419.40545654296875 104.05797576904297 17.683530807495117
			vertex -420.5353088378906 102.9281234741211 17.683530807495117
		endloop
	endfacet
	facet normal 0.7071163308118602 0.7070972314322634 0
		outer loop
			vertex -419.9703674316406 104.6229019165039 17.683530807495117
			vertex -419.40545654296875 104.05797576904297 16.933530807495117
			vertex -419.9703674316406 104.6229019165039 16.933530807495117
		endloop
	endfacet
	facet normal 0.7071163308118602 0.7070972314322634 0
		outer loop
			vertex -419.9703674316406 104.6229019165039 17.683530807495117
			vertex -419.40545654296875 104.05797576904297 17.683530807495117
			vertex -419.40545654296875 104.05797576904297 16.933530807495117
		endloop
	endfacet
	facet normal -0.7071067811865476 0.7071067811865476 0
		outer loop
			vertex -419.9703674316406 104.6229019165039 16.933530807495117
			vertex -421.1002197265625 103.49304962158203 16.933530807495117
			vertex -421.1002197265625 103.49304962158203 17.683530807495117
		endloop
	endfacet
	facet normal -0.7071067811865476 0.7071067811865476 0
		outer loop
			vertex -419.9703674316406 104.6229019165039 16.933530807495117
			vertex -421.1002197265625 103.49304962158203 17.683530807495117
			vertex -419.9703674316406 104.6229019165039 17.683530807495117
		endloop
	endfacet
	facet normal 0 0 -1
		outer loop
			vertex -421.1002197265625 103.49304962158203 16.933530807495117
			vertex -419.9703674316406 104.6229019165039 16.933530807495117
			vertex -419.40545654296875 104.05797576904297 16.933530807495117
		endloop
	endfacet
	facet normal 0 0 -1
		outer loop
			vertex -421.1002197265625 103.49304962158203 16.933530807495117
			vertex -419.40545654296875 104.05797576904297 16.933530807495117
			vertex -420.5353088378906 102.9281234741211 16.933530807495117
		endloop
	endfacet
	facet normal 0 0 1
		outer loop
			vertex -419.40545654296875 104.05797576904297 17.683530807495117
			vertex -421.1002197265625 103.49304962158203 17.683530807495117
			vertex -420.5353088378906 102.9281234741211 17.683530807495117
		endloop
	endfacet
	facet normal 0 0 1
		outer loop
			vertex -419.9703674316406 104.6229019165039 17.683530807495117
			vertex -421.1002197265625 103.49304962158203 17.683530807495117
			vertex -419.40545654296875 104.05797576904297 17.683530807495117
		endloop
	endfacet
	facet normal -0.7070972316902029 -0.7071163305539279 0
		outer loop
			vertex -423.1904602050781 103.49304962158203 16.933530807495117
			vertex -422.6255187988281 102.9281234741211 16.933530807495117
			vertex -422.6255187988281 102.9281234741211 17.683530807495117
		endloop
	endfacet
	facet normal -0.7070972316902029 -0.7071163305539279 0
		outer loop
			vertex -423.1904602050781 103.49304962158203 16.933530807495117
			vertex -422.6255187988281 102.9281234741211 17.683530807495117
			vertex -423.1904602050781 103.49304962158203 17.683530807495117
		endloop
	endfacet
	facet normal 0.7071067811865476 -0.7071067811865476 0
		outer loop
			vertex -422.6255187988281 102.9281234741211 16.933530807495117
			vertex -421.49566650390625 104.05797576904297 16.933530807495117
			vertex -421.49566650390625 104.05797576904297 17.683530807495117
		endloop
	endfacet
	facet normal 0.7071067811865476 -0.7071067811865476 0
		outer loop
			vertex -422.6255187988281 102.9281234741211 16.933530807495117
			vertex -421.49566650390625 104.05797576904297 17.683530807495117
			vertex -422.6255187988281 102.9281234741211 17.683530807495117
		endloop
	endfacet
	facet normal 0.7070972316902029 0.7071163305539279 0
		outer loop
			vertex -422.06060791015625 104.6229019165039 17.683530807495117
			vertex -421.49566650390625 104.05797576904297 16.933530807495117
			vertex -422.06060791015625 104.6229019165039 16.933530807495117
		endloop
	endfacet
	facet normal 0.7070972316902029 0.7071163305539279 0
		outer loop
			vertex -422.06060791015625 104.6229019165039 17.683530807495117
			vertex -421.49566650390625 104.05797576904297 17.683530807495117
			vertex -421.49566650390625 104.05797576904297 16.933530807495117
		endloop
	endfacet
	facet normal -0.7071067811865476 0.7071067811865476 0
		outer loop
			vertex -422.06060791015625 104.6229019165039 16.933530807495117
			vertex -423.1904602050781 103.49304962158203 16.933530807495117
			vertex -423.1904602050781 103.49304962158203 17.683530807495117
		endloop
	endfacet
	facet normal -0.7071067811865476 0.7071067811865476 0
		outer loop
			vertex -422.06060791015625 104.6229019165039 16.933530807495117
			vertex -423.1904602050781 103.49304962158203 17.683530807495117
			vertex -422.06060791015625 104.6229019165039 17.683530807495117
		endloop
	endfacet
	facet normal 0 0 -1
		outer loop
			vertex -423.1904602050781 103.49304962158203 16.933530807495117
			vertex -422.06060791015625 104.6229019165039 16.933530807495117
			vertex -421.49566650390625 104.05797576904297 16.933530807495117
		endloop
	endfacet
	facet normal 0 0 -1
		outer loop
			vertex -423.1904602050781 103.49304962158203 16.933530807495117
			vertex -421.49566650390625 104.05797576904297 16.933530807495117
			vertex -422.6255187988281 102.9281234741211 16.933530807495117
		endloop
	endfacet
	facet normal 0 0 1
		outer loop
			vertex -421.49566650390625 104.05797576904297 17.683530807495117
			vertex -423.1904602050781 103.49304962158203 17.683530807495117
			vertex -422.6255187988281 102.9281234741211 17.683530807495117
		endloop
	endfacet
	facet normal 0 0 1
		outer loop
			vertex -422.06060791015625 104.6229019165039 17.683530807495117
			vertex -423.1904602050781 103.49304962158203 17.683530807495117
			vertex -421.49566650390625 104.05797576904297 17.683530807495117
		endloop
	endfacet
	facet normal -0.7071163308118602 -0.7070972314322634 0
		outer loop
			vertex -425.2947998046875 103.49304962158203 16.933530807495117
			vertex -424.7298889160156 102.9281234741211 16.933530807495117
			vertex -424.7298889160156 102.9281234741211 17.683530807495117
		endloop
	endfacet
	facet normal -0.7071163308118602 -0.7070972314322634 0
		outer loop
			vertex -425.2947998046875 103.49304962158203 16.933530807495117
			vertex -424.7298889160156 102.9281234741211 17.683530807495117
			vertex -425.2947998046875 103.49304962158203 17.683530807495117
		endloop
	endfacet
	facet normal 0.7071067811865476 -0.7071067811865476 0
		outer loop
			vertex -424.7298889160156 102.9281234741211 16.933530807495117
			vertex -423.60003662109375 104.05797576904297 16.933530807495117
			vertex -423.60003662109375 104.05797576904297 17.683530807495117
		endloop
	endfacet
	facet normal 0.7071067811865476 -0.7071067811865476 0
		outer loop
			vertex -424.7298889160156 102.9281234741211 16.933530807495117
			vertex -423.60003662109375 104.05797576904297 17.683530807495117
			vertex -424.7298889160156 102.9281234741211 17.683530807495117
		endloop
	endfacet
	facet normal 0.7071163308118602 0.7070972314322634 0
		outer loop
			vertex -424.1649475097656 104.6229019165039 17.683530807495117
			vertex -423.60003662109375 104.05797576904297 16.933530807495117
			vertex -424.1649475097656 104.6229019165039 16.933530807495117
		endloop
	endfacet
	facet normal 0.7071163308118602 0.7070972314322634 0
		outer loop
			vertex -424.1649475097656 104.6229019165039 17.683530807495117
			vertex -423.60003662109375 104.05797576904297 17.683530807495117
			vertex -423.60003662109375 104.05797576904297 16.933530807495117
		endloop
	endfacet
	facet normal -0.7071067811865476 0.7071067811865476 0
		outer loop
			vertex -424.1649475097656 104.6229019165039 16.933530807495117
			vertex -425.2947998046875 103.49304962158203 16.933530807495117
			vertex -425.2947998046875 103.49304962158203 17.683530807495117
		endloop
	endfacet
	facet normal -0.7071067811865476 0.7071067811865476 0
		outer loop
			vertex -424.1649475097656 104.6229019165039 16.933530807495117
			vertex -425.2947998046875 103.49304962158203 17.683530807495117
			vertex -424.1649475097656 104.6229019165039 17.683530807495117
		endloop
	endfacet
	facet normal 0 0 -1
		outer loop
			vertex -425.2947998046875 103.49304962158203 16.933530807495117
			vertex -424.1649475097656 104.6229019165039 16.933530807495117
			vertex -423.60003662109375 104.05797576904297 16.933530807495117
		endloop
	endfacet
	facet normal 0 0 -1
		outer loop
			vertex -425.2947998046875 103.49304962158203 16.933530807495117
			vertex -423.60003662109375 104.05797576904297 16.933530807495117
			vertex -424.7298889160156 102.9281234741211 16.933530807495117
		endloop
	endfacet
	facet normal 0 0 1
		outer loop
			vertex -423.60003662109375 104.05797576904297 17.683530807495117
			vertex -425.2947998046875 103.49304962158203 17.683530807495117
			vertex -424.7298889160156 102.9281234741211 17.683530807495117
		endloop
	endfacet
	facet normal 0 0 1
		outer loop
			vertex -424.1649475097656 104.6229019165039 17.683530807495117
			vertex -425.2947998046875 103.49304962158203 17.683530807495117
			vertex -423.60003662109375 104.05797576904297 17.683530807495117
		endloop
	endfacet
	facet normal -0.7070972316902029 -0.7071163305539279 0
		outer loop
			vertex -427.399169921875 103.49304962158203 16.933530807495117
			vertex -426.834228515625 102.9281234741211 16.933530807495117
			vertex -426.834228515625 102.9281234741211 17.683530807495117
		endloop
	endfacet
	facet normal -0.7070972316902029 -0.7071163305539279 0
		outer loop
			vertex -427.399169921875 103.49304962158203 16.933530807495117
			vertex -426.834228515625 102.9281234741211 17.683530807495117
			vertex -427.399169921875 103.49304962158203 17.683530807495117
		endloop
	endfacet
	facet normal 0.7071067811865476 -0.7071067811865476 0
		outer loop
			vertex -426.834228515625 102.9281234741211 16.933530807495117
			vertex -425.7043762207031 104.05797576904297 16.933530807495117
			vertex -425.7043762207031 104.05797576904297 17.683530807495117
		endloop
	endfacet
	facet normal 0.7071067811865476 -0.7071067811865476 0
		outer loop
			vertex -426.834228515625 102.9281234741211 16.933530807495117
			vertex -425.7043762207031 104.05797576904297 17.683530807495117
			vertex -426.834228515625 102.9281234741211 17.683530807495117
		endloop
	endfacet
	facet normal 0.7070972316902029 0.7071163305539279 0
		outer loop
			vertex -426.2693176269531 104.6229019165039 17.683530807495117
			vertex -425.7043762207031 104.05797576904297 16.933530807495117
			vertex -426.2693176269531 104.6229019165039 16.933530807495117
		endloop
	endfacet
	facet normal 0.7070972316902029 0.7071163305539279 0
		outer loop
			vertex -426.2693176269531 104.6229019165039 17.683530807495117
			vertex -425.7043762207031 104.05797576904297 17.683530807495117
			vertex -425.7043762207031 104.05797576904297 16.933530807495117
		endloop
	endfacet
	facet normal -0.7071067811865476 0.7071067811865476 0
		outer loop
			vertex -426.2693176269531 104.6229019165039 16.933530807495117
			vertex -427.399169921875 103.49304962158203 16.933530807495117
			vertex -427.399169921875 103.49304962158203 17.683530807495117
		endloop
	endfacet
	facet normal -0.7071067811865476 0.7071067811865476 0
		outer loop
			vertex -426.2693176269531 104.6229019165039 16.933530807495117
			vertex -427.399169921875 103.49304962158203 17.683530807495117
			vertex -426.2693176269531 104.6229019165039 17.683530807495117
		endloop
	endfacet
	facet normal 0 0 -1
		outer loop
			vertex -427.399169921875 103.49304962158203 16.933530807495117
			vertex -426.2693176269531 104.6229019165039 16.933530807495117
			vertex -425.7043762207031 104.05797576904297 16.933530807495117
		endloop
	endfacet
	facet normal 0 0 -1
		outer loop
			vertex -427.399169921875 103.49304962158203 16.933530807495117
			vertex -425.7043762207031 104.05797576904297 16.933530807495117
			vertex -426.834228515625 102.9281234741211 16.933530807495117
		endloop
	endfacet
	facet normal 0 0 1
		outer loop
			vertex -425.7043762207031 104.05797576904297 17.683530807495117
			vertex -427.399169921875 103.49304962158203 17.683530807495117
			vertex -426.834228515625 102.9281234741211 17.683530807495117
		endloop
	endfacet
	facet normal 0 0 1
		outer loop
			vertex -426.2693176269531 104.6229019165039 17.683530807495117
			vertex -427.399169921875 103.49304962158203 17.683530807495117
			vertex -425.7043762207031 104.05797576904297 17.683530807495117
		endloop
	endfacet
	facet normal -0.7070972316902029 -0.7071163305539279 0
		outer loop
			vertex -429.4894104003906 103.49304962158203 16.933530807495117
			vertex -428.9244689941406 102.9281234741211 16.933530807495117
			vertex -428.9244689941406 102.9281234741211 17.683530807495117
		endloop
	endfacet
	facet normal -0.7070972316902029 -0.7071163305539279 0
		outer loop
			vertex -429.4894104003906 103.49304962158203 16.933530807495117
			vertex -428.9244689941406 102.9281234741211 17.683530807495117
			vertex -429.4894104003906 103.49304962158203 17.683530807495117
		endloop
	endfacet
	facet normal 0.7071067811865476 -0.7071067811865476 0
		outer loop
			vertex -428.9244689941406 102.9281234741211 16.933530807495117
			vertex -427.79461669921875 104.05797576904297 16.933530807495117
			vertex -427.79461669921875 104.05797576904297 17.683530807495117
		endloop
	endfacet
	facet normal 0.7071067811865476 -0.7071067811865476 0
		outer loop
			vertex -428.9244689941406 102.9281234741211 16.933530807495117
			vertex -427.79461669921875 104.05797576904297 17.683530807495117
			vertex -428.9244689941406 102.9281234741211 17.683530807495117
		endloop
	endfacet
	facet normal 0.7071163308118602 0.7070972314322634 0
		outer loop
			vertex -428.3595275878906 104.6229019165039 17.683530807495117
			vertex -427.79461669921875 104.05797576904297 16.933530807495117
			vertex -428.3595275878906 104.6229019165039 16.933530807495117
		endloop
	endfacet
	facet normal 0.7071163308118602 0.7070972314322634 0
		outer loop
			vertex -428.3595275878906 104.6229019165039 17.683530807495117
			vertex -427.79461669921875 104.05797576904297 17.683530807495117
			vertex -427.79461669921875 104.05797576904297 16.933530807495117
		endloop
	endfacet
	facet normal -0.7070972316902029 0.7071163305539279 0
		outer loop
			vertex -428.3595275878906 104.6229019165039 16.933530807495117
			vertex -429.4894104003906 103.49304962158203 16.933530807495117
			vertex -429.4894104003906 103.49304962158203 17.683530807495117
		endloop
	endfacet
	facet normal -0.7070972316902029 0.7071163305539279 0
		outer loop
			vertex -428.3595275878906 104.6229019165039 16.933530807495117
			vertex -429.4894104003906 103.49304962158203 17.683530807495117
			vertex -428.3595275878906 104.6229019165039 17.683530807495117
		endloop
	endfacet
	facet normal 0 0 -1
		outer loop
			vertex -429.4894104003906 103.49304962158203 16.933530807495117
			vertex -428.3595275878906 104.6229019165039 16.933530807495117
			vertex -427.79461669921875 104.05797576904297 16.933530807495117
		endloop
	endfacet
	facet normal 0 0 -1
		outer loop
			vertex -429.4894104003906 103.49304962158203 16.933530807495117
			vertex -427.79461669921875 104.05797576904297 16.933530807495117
			vertex -428.9244689941406 102.9281234741211 16.933530807495117
		endloop
	endfacet
	facet normal 0 0 1
		outer loop
			vertex -427.79461669921875 104.05797576904297 17.683530807495117
			vertex -429.4894104003906 103.49304962158203 17.683530807495117
			vertex -428.9244689941406 102.9281234741211 17.683530807495117
		endloop
	endfacet
	facet normal 0 0 1
		outer loop
			vertex -428.3595275878906 104.6229019165039 17.683530807495117
			vertex -429.4894104003906 103.49304962158203 17.683530807495117
			vertex -427.79461669921875 104.05797576904297 17.683530807495117
		endloop
	endfacet
	facet normal -0.7070972316902029 -0.7071163305539279 0
		outer loop
			vertex -431.59375 103.49304962158203 16.933530807495117
			vertex -431.02880859375 102.9281234741211 16.933530807495117
			vertex -431.02880859375 102.9281234741211 17.683530807495117
		endloop
	endfacet
	facet normal -0.7070972316902029 -0.7071163305539279 0
		outer loop
			vertex -431.59375 103.49304962158203 16.933530807495117
			vertex -431.02880859375 102.9281234741211 17.683530807495117
			vertex -431.59375 103.49304962158203 17.683530807495117
		endloop
	endfacet
	facet normal 0.7071067811865476 -0.7071067811865476 0
		outer loop
			vertex -431.02880859375 102.9281234741211 16.933530807495117
			vertex -429.8989562988281 104.05797576904297 16.933530807495117
			vertex -429.8989562988281 104.05797576904297 17.683530807495117
		endloop
	endfacet
	facet normal 0.7071067811865476 -0.7071067811865476 0
		outer loop
			vertex -431.02880859375 102.9281234741211 16.933530807495117
			vertex -429.8989562988281 104.05797576904297 17.683530807495117
			vertex -431.02880859375 102.9281234741211 17.683530807495117
		endloop
	endfacet
	facet normal 0.7070972316902029 0.7071163305539279 0
		outer loop
			vertex -430.4638977050781 104.6229019165039 17.683530807495117
			vertex -429.8989562988281 104.05797576904297 16.933530807495117
			vertex -430.4638977050781 104.6229019165039 16.933530807495117
		endloop
	endfacet
	facet normal 0.7070972316902029 0.7071163305539279 0
		outer loop
			vertex -430.4638977050781 104.6229019165039 17.683530807495117
			vertex -429.8989562988281 104.05797576904297 17.683530807495117
			vertex -429.8989562988281 104.05797576904297 16.933530807495117
		endloop
	endfacet
	facet normal -0.7071067811865476 0.7071067811865476 0
		outer loop
			vertex -430.4638977050781 104.6229019165039 16.933530807495117
			vertex -431.59375 103.49304962158203 16.933530807495117
			vertex -431.59375 103.49304962158203 17.683530807495117
		endloop
	endfacet
	facet normal -0.7071067811865476 0.7071067811865476 0
		outer loop
			vertex -430.4638977050781 104.6229019165039 16.933530807495117
			vertex -431.59375 103.49304962158203 17.683530807495117
			vertex -430.4638977050781 104.6229019165039 17.683530807495117
		endloop
	endfacet
	facet normal 0 0 -1
		outer loop
			vertex -431.59375 103.49304962158203 16.933530807495117
			vertex -430.4638977050781 104.6229019165039 16.933530807495117
			vertex -429.8989562988281 104.05797576904297 16.933530807495117
		endloop
	endfacet
	facet normal 0 0 -1
		outer loop
			vertex -431.59375 103.49304962158203 16.933530807495117
			vertex -429.8989562988281 104.05797576904297 16.933530807495117
			vertex -431.02880859375 102.9281234741211 16.933530807495117
		endloop
	endfacet
	facet normal 0 0 1
		outer loop
			vertex -429.8989562988281 104.05797576904297 17.683530807495117
			vertex -431.59375 103.49304962158203 17.683530807495117
			vertex -431.02880859375 102.9281234741211 17.683530807495117
		endloop
	endfacet
	facet normal 0 0 1
		outer loop
			vertex -430.4638977050781 104.6229019165039 17.683530807495117
			vertex -431.59375 103.49304962158203 17.683530807495117
			vertex -429.8989562988281 104.05797576904297 17.683530807495117
		endloop
	endfacet
	facet normal -0.7070972316902029 -0.7071163305539279 0
		outer loop
			vertex -433.6981201171875 103.49304962158203 16.933530807495117
			vertex -433.1331787109375 102.9281234741211 16.933530807495117
			vertex -433.1331787109375 102.9281234741211 17.683530807495117
		endloop
	endfacet
	facet normal -0.7070972316902029 -0.7071163305539279 0
		outer loop
			vertex -433.6981201171875 103.49304962158203 16.933530807495117
			vertex -433.1331787109375 102.9281234741211 17.683530807495117
			vertex -433.6981201171875 103.49304962158203 17.683530807495117
		endloop
	endfacet
	facet normal 0.7071067811865476 -0.7071067811865476 0
		outer loop
			vertex -433.1331787109375 102.9281234741211 16.933530807495117
			vertex -432.0033264160156 104.05797576904297 16.933530807495117
			vertex -432.0033264160156 104.05797576904297 17.683530807495117
		endloop
	endfacet
	facet normal 0.7071067811865476 -0.7071067811865476 0
		outer loop
			vertex -433.1331787109375 102.9281234741211 16.933530807495117
			vertex -432.0033264160156 104.05797576904297 17.683530807495117
			vertex -433.1331787109375 102.9281234741211 17.683530807495117
		endloop
	endfacet
	facet normal 0.7071163308118602 0.7070972314322634 0
		outer loop
			vertex -432.5682373046875 104.6229019165039 17.683530807495117
			vertex -432.0033264160156 104.05797576904297 16.933530807495117
			vertex -432.5682373046875 104.6229019165039 16.933530807495117
		endloop
	endfacet
	facet normal 0.7071163308118602 0.7070972314322634 0
		outer loop
			vertex -432.5682373046875 104.6229019165039 17.683530807495117
			vertex -432.0033264160156 104.05797576904297 17.683530807495117
			vertex -432.0033264160156 104.05797576904297 16.933530807495117
		endloop
	endfacet
	facet normal -0.7070972316902029 0.7071163305539279 0
		outer loop
			vertex -432.5682373046875 104.6229019165039 16.933530807495117
			vertex -433.6981201171875 103.49304962158203 16.933530807495117
			vertex -433.6981201171875 103.49304962158203 17.683530807495117
		endloop
	endfacet
	facet normal -0.7070972316902029 0.7071163305539279 0
		outer loop
			vertex -432.5682373046875 104.6229019165039 16.933530807495117
			vertex -433.6981201171875 103.49304962158203 17.683530807495117
			vertex -432.5682373046875 104.6229019165039 17.683530807495117
		endloop
	endfacet
	facet normal 0 0 -1
		outer loop
			vertex -433.6981201171875 103.49304962158203 16.933530807495117
			vertex -432.5682373046875 104.6229019165039 16.933530807495117
			vertex -432.0033264160156 104.05797576904297 16.933530807495117
		endloop
	endfacet
	facet normal 0 0 -1
		outer loop
			vertex -433.6981201171875 103.49304962158203 16.933530807495117
			vertex -432.0033264160156 104.05797576904297 16.933530807495117
			vertex -433.1331787109375 102.9281234741211 16.933530807495117
		endloop
	endfacet
	facet normal 0 0 1
		outer loop
			vertex -432.0033264160156 104.05797576904297 17.683530807495117
			vertex -433.6981201171875 103.49304962158203 17.683530807495117
			vertex -433.1331787109375 102.9281234741211 17.683530807495117
		endloop
	endfacet
	facet normal 0 0 1
		outer loop
			vertex -432.5682373046875 104.6229019165039 17.683530807495117
			vertex -433.6981201171875 103.49304962158203 17.683530807495117
			vertex -432.0033264160156 104.05797576904297 17.683530807495117
		endloop
	endfacet
	facet normal -0.5174096357734821 -0.8557378505177581 0
		outer loop
			vertex -402.6694641113281 111.4585189819336 16.933530807495117
			vertex -402.0621643066406 111.09132385253906 16.933530807495117
			vertex -402.0621643066406 111.09132385253906 18.933530807495117
		endloop
	endfacet
	facet normal -0.5174096357734821 -0.8557378505177581 0
		outer loop
			vertex -402.6694641113281 111.4585189819336 16.933530807495117
			vertex -402.0621643066406 111.09132385253906 18.933530807495117
			vertex -402.6694641113281 111.4585189819336 18.933530807495117
		endloop
	endfacet
	facet normal -1 0 0
		outer loop
			vertex -402.0621643066406 110.87947082519531 16.933530807495117
			vertex -402.0621643066406 110.87947082519531 18.933530807495117
			vertex -402.0621643066406 111.09132385253906 18.933530807495117
		endloop
	endfacet
	facet normal -1 0 0
		outer loop
			vertex -402.0621643066406 110.87947082519531 16.933530807495117
			vertex -402.0621643066406 111.09132385253906 18.933530807495117
			vertex -402.0621643066406 111.09132385253906 16.933530807495117
		endloop
	endfacet
	facet normal -0.5174175081441467 0.8557330905521312 0
		outer loop
			vertex -402.0621643066406 110.87947082519531 16.933530807495117
			vertex -402.6694641113281 110.51226806640625 16.933530807495117
			vertex -402.6694641113281 110.51226806640625 18.933530807495117
		endloop
	endfacet
	facet normal -0.5174175081441467 0.8557330905521312 0
		outer loop
			vertex -402.0621643066406 110.87947082519531 16.933530807495117
			vertex -402.6694641113281 110.51226806640625 18.933530807495117
			vertex -402.0621643066406 110.87947082519531 18.933530807495117
		endloop
	endfacet
	facet normal -1 0 0
		outer loop
			vertex -402.6694641113281 108.91635131835938 16.933530807495117
			vertex -402.6694641113281 108.91635131835938 18.933530807495117
			vertex -402.6694641113281 110.51226806640625 18.933530807495117
		endloop
	endfacet
	facet normal -1 0 0
		outer loop
			vertex -402.6694641113281 108.91635131835938 16.933530807495117
			vertex -402.6694641113281 110.51226806640625 18.933530807495117
			vertex -402.6694641113281 110.51226806640625 16.933530807495117
		endloop
	endfacet
	facet normal -0.5174175081441467 -0.8557330905521312 0
		outer loop
			vertex -402.6694641113281 108.91635131835938 16.933530807495117
			vertex -402.0621643066406 108.54914855957031 16.933530807495117
			vertex -402.0621643066406 108.54914855957031 18.933530807495117
		endloop
	endfacet
	facet normal -0.5174175081441467 -0.8557330905521312 0
		outer loop
			vertex -402.6694641113281 108.91635131835938 16.933530807495117
			vertex -402.0621643066406 108.54914855957031 18.933530807495117
			vertex -402.6694641113281 108.91635131835938 18.933530807495117
		endloop
	endfacet
	facet normal -1 0 0
		outer loop
			vertex -402.0621643066406 108.45028686523438 16.933530807495117
			vertex -402.0621643066406 108.45028686523438 18.933530807495117
			vertex -402.0621643066406 108.54914855957031 18.933530807495117
		endloop
	endfacet
	facet normal -1 0 0
		outer loop
			vertex -402.0621643066406 108.45028686523438 16.933530807495117
			vertex -402.0621643066406 108.54914855957031 18.933530807495117
			vertex -402.0621643066406 108.54914855957031 16.933530807495117
		endloop
	endfacet
	facet normal 0 -1 0
		outer loop
			vertex -398.2630310058594 108.45028686523438 16.933530807495117
			vertex -398.2630310058594 108.45028686523438 18.933530807495117
			vertex -402.0621643066406 108.45028686523438 18.933530807495117
		endloop
	endfacet
	facet normal 0 -1 0
		outer loop
			vertex -398.2630310058594 108.45028686523438 16.933530807495117
			vertex -402.0621643066406 108.45028686523438 18.933530807495117
			vertex -402.0621643066406 108.45028686523438 16.933530807495117
		endloop
	endfacet
	facet normal 1 0 0
		outer loop
			vertex -398.2630310058594 108.45028686523438 18.933530807495117
			vertex -398.2630310058594 108.45028686523438 16.933530807495117
			vertex -398.2630310058594 108.54914855957031 16.933530807495117
		endloop
	endfacet
	facet normal 1 0 0
		outer loop
			vertex -398.2630310058594 108.45028686523438 18.933530807495117
			vertex -398.2630310058594 108.54914855957031 16.933530807495117
			vertex -398.2630310058594 108.54914855957031 18.933530807495117
		endloop
	endfacet
	facet normal 0.5263568735567855 -0.8502637482919791 0
		outer loop
			vertex -398.2630310058594 108.54914855957031 16.933530807495117
			vertex -397.66986083984375 108.91635131835938 16.933530807495117
			vertex -397.66986083984375 108.91635131835938 18.933530807495117
		endloop
	endfacet
	facet normal 0.5263568735567855 -0.8502637482919791 0
		outer loop
			vertex -398.2630310058594 108.54914855957031 16.933530807495117
			vertex -397.66986083984375 108.91635131835938 18.933530807495117
			vertex -398.2630310058594 108.54914855957031 18.933530807495117
		endloop
	endfacet
	facet normal 1 0 0
		outer loop
			vertex -397.66986083984375 108.91635131835938 18.933530807495117
			vertex -397.66986083984375 108.91635131835938 16.933530807495117
			vertex -397.66986083984375 110.51226806640625 16.933530807495117
		endloop
	endfacet
	facet normal 1 0 0
		outer loop
			vertex -397.66986083984375 108.91635131835938 18.933530807495117
			vertex -397.66986083984375 110.51226806640625 16.933530807495117
			vertex -397.66986083984375 110.51226806640625 18.933530807495117
		endloop
	endfacet
	facet normal 0.5263568735567855 0.8502637482919791 0
		outer loop
			vertex -397.66986083984375 110.51226806640625 16.933530807495117
			vertex -398.2630310058594 110.87947082519531 16.933530807495117
			vertex -398.2630310058594 110.87947082519531 18.933530807495117
		endloop
	endfacet
	facet normal 0.5263568735567855 0.8502637482919791 0
		outer loop
			vertex -397.66986083984375 110.51226806640625 16.933530807495117
			vertex -398.2630310058594 110.87947082519531 18.933530807495117
			vertex -397.66986083984375 110.51226806640625 18.933530807495117
		endloop
	endfacet
	facet normal 1 0 0
		outer loop
			vertex -398.2630310058594 110.87947082519531 18.933530807495117
			vertex -398.2630310058594 110.87947082519531 16.933530807495117
			vertex -398.2630310058594 111.09132385253906 16.933530807495117
		endloop
	endfacet
	facet normal 1 0 0
		outer loop
			vertex -398.2630310058594 110.87947082519531 18.933530807495117
			vertex -398.2630310058594 111.09132385253906 16.933530807495117
			vertex -398.2630310058594 111.09132385253906 18.933530807495117
		endloop
	endfacet
	facet normal 0.5263489672163083 -0.8502686426714359 0
		outer loop
			vertex -398.2630310058594 111.09132385253906 16.933530807495117
			vertex -397.66986083984375 111.4585189819336 16.933530807495117
			vertex -397.66986083984375 111.4585189819336 18.933530807495117
		endloop
	endfacet
	facet normal 0.5263489672163083 -0.8502686426714359 0
		outer loop
			vertex -398.2630310058594 111.09132385253906 16.933530807495117
			vertex -397.66986083984375 111.4585189819336 18.933530807495117
			vertex -398.2630310058594 111.09132385253906 18.933530807495117
		endloop
	endfacet
	facet normal 1 0 0
		outer loop
			vertex -397.66986083984375 111.4585189819336 18.933530807495117
			vertex -397.66986083984375 111.4585189819336 16.933530807495117
			vertex -397.66986083984375 113.054443359375 16.933530807495117
		endloop
	endfacet
	facet normal 1 0 0
		outer loop
			vertex -397.66986083984375 111.4585189819336 18.933530807495117
			vertex -397.66986083984375 113.054443359375 16.933530807495117
			vertex -397.66986083984375 113.054443359375 18.933530807495117
		endloop
	endfacet
	facet normal 0.5263568735567855 0.8502637482919791 0
		outer loop
			vertex -397.66986083984375 113.054443359375 16.933530807495117
			vertex -398.2630310058594 113.42164611816406 16.933530807495117
			vertex -398.2630310058594 113.42164611816406 18.933530807495117
		endloop
	endfacet
	facet normal 0.5263568735567855 0.8502637482919791 0
		outer loop
			vertex -397.66986083984375 113.054443359375 16.933530807495117
			vertex -398.2630310058594 113.42164611816406 18.933530807495117
			vertex -397.66986083984375 113.054443359375 18.933530807495117
		endloop
	endfacet
	facet normal 1 0 0
		outer loop
			vertex -398.2630310058594 113.42164611816406 18.933530807495117
			vertex -398.2630310058594 113.42164611816406 16.933530807495117
			vertex -398.2630310058594 113.61936950683594 16.933530807495117
		endloop
	endfacet
	facet normal 1 0 0
		outer loop
			vertex -398.2630310058594 113.42164611816406 18.933530807495117
			vertex -398.2630310058594 113.61936950683594 16.933530807495117
			vertex -398.2630310058594 113.61936950683594 18.933530807495117
		endloop
	endfacet
	facet normal 0.5407586849591817 -0.8411777723176097 0
		outer loop
			vertex -398.2630310058594 113.61936950683594 16.933530807495117
			vertex -397.66986083984375 114.00069427490234 16.933530807495117
			vertex -397.66986083984375 114.00069427490234 18.933530807495117
		endloop
	endfacet
	facet normal 0.5407586849591817 -0.8411777723176097 0
		outer loop
			vertex -398.2630310058594 113.61936950683594 16.933530807495117
			vertex -397.66986083984375 114.00069427490234 18.933530807495117
			vertex -398.2630310058594 113.61936950683594 18.933530807495117
		endloop
	endfacet
	facet normal 1 0 0
		outer loop
			vertex -397.66986083984375 114.00069427490234 18.933530807495117
			vertex -397.66986083984375 114.00069427490234 16.933530807495117
			vertex -397.66986083984375 115.59661865234375 16.933530807495117
		endloop
	endfacet
	facet normal 1 0 0
		outer loop
			vertex -397.66986083984375 114.00069427490234 18.933530807495117
			vertex -397.66986083984375 115.59661865234375 16.933530807495117
			vertex -397.66986083984375 115.59661865234375 18.933530807495117
		endloop
	endfacet
	facet normal 0.5263568735567855 0.8502637482919791 0
		outer loop
			vertex -397.66986083984375 115.59661865234375 16.933530807495117
			vertex -398.2630310058594 115.96382141113281 16.933530807495117
			vertex -398.2630310058594 115.96382141113281 18.933530807495117
		endloop
	endfacet
	facet normal 0.5263568735567855 0.8502637482919791 0
		outer loop
			vertex -397.66986083984375 115.59661865234375 16.933530807495117
			vertex -398.2630310058594 115.96382141113281 18.933530807495117
			vertex -397.66986083984375 115.59661865234375 18.933530807495117
		endloop
	endfacet
	facet normal 1 0 0
		outer loop
			vertex -398.2630310058594 115.96382141113281 18.933530807495117
			vertex -398.2630310058594 115.96382141113281 16.933530807495117
			vertex -398.2630310058594 116.06268310546875 16.933530807495117
		endloop
	endfacet
	facet normal 1 0 0
		outer loop
			vertex -398.2630310058594 115.96382141113281 18.933530807495117
			vertex -398.2630310058594 116.06268310546875 16.933530807495117
			vertex -398.2630310058594 116.06268310546875 18.933530807495117
		endloop
	endfacet
	facet normal 0 1 0
		outer loop
			vertex -398.2630310058594 116.06268310546875 18.933530807495117
			vertex -398.2630310058594 116.06268310546875 16.933530807495117
			vertex -402.0621643066406 116.06268310546875 16.933530807495117
		endloop
	endfacet
	facet normal 0 1 0
		outer loop
			vertex -398.2630310058594 116.06268310546875 18.933530807495117
			vertex -402.0621643066406 116.06268310546875 16.933530807495117
			vertex -402.0621643066406 116.06268310546875 18.933530807495117
		endloop
	endfacet
	facet normal -1 0 0
		outer loop
			vertex -402.0621643066406 115.96382141113281 16.933530807495117
			vertex -402.0621643066406 115.96382141113281 18.933530807495117
			vertex -402.0621643066406 116.06268310546875 18.933530807495117
		endloop
	endfacet
	facet normal -1 0 0
		outer loop
			vertex -402.0621643066406 115.96382141113281 16.933530807495117
			vertex -402.0621643066406 116.06268310546875 18.933530807495117
			vertex -402.0621643066406 116.06268310546875 16.933530807495117
		endloop
	endfacet
	facet normal -0.5174175081441467 0.8557330905521312 0
		outer loop
			vertex -402.0621643066406 115.96382141113281 16.933530807495117
			vertex -402.6694641113281 115.59661865234375 16.933530807495117
			vertex -402.6694641113281 115.59661865234375 18.933530807495117
		endloop
	endfacet
	facet normal -0.5174175081441467 0.8557330905521312 0
		outer loop
			vertex -402.0621643066406 115.96382141113281 16.933530807495117
			vertex -402.6694641113281 115.59661865234375 18.933530807495117
			vertex -402.0621643066406 115.96382141113281 18.933530807495117
		endloop
	endfacet
	facet normal -1 0 0
		outer loop
			vertex -402.6694641113281 114.00069427490234 16.933530807495117
			vertex -402.6694641113281 114.00069427490234 18.933530807495117
			vertex -402.6694641113281 115.59661865234375 18.933530807495117
		endloop
	endfacet
	facet normal -1 0 0
		outer loop
			vertex -402.6694641113281 114.00069427490234 16.933530807495117
			vertex -402.6694641113281 115.59661865234375 18.933530807495117
			vertex -402.6694641113281 115.59661865234375 16.933530807495117
		endloop
	endfacet
	facet normal -0.5317651157124951 -0.8468918831298815 0
		outer loop
			vertex -402.6694641113281 114.00069427490234 16.933530807495117
			vertex -402.0621643066406 113.61936950683594 16.933530807495117
			vertex -402.0621643066406 113.61936950683594 18.933530807495117
		endloop
	endfacet
	facet normal -0.5317651157124951 -0.8468918831298815 0
		outer loop
			vertex -402.6694641113281 114.00069427490234 16.933530807495117
			vertex -402.0621643066406 113.61936950683594 18.933530807495117
			vertex -402.6694641113281 114.00069427490234 18.933530807495117
		endloop
	endfacet
	facet normal -1 0 0
		outer loop
			vertex -402.0621643066406 113.42164611816406 16.933530807495117
			vertex -402.0621643066406 113.42164611816406 18.933530807495117
			vertex -402.0621643066406 113.61936950683594 18.933530807495117
		endloop
	endfacet
	facet normal -1 0 0
		outer loop
			vertex -402.0621643066406 113.42164611816406 16.933530807495117
			vertex -402.0621643066406 113.61936950683594 18.933530807495117
			vertex -402.0621643066406 113.61936950683594 16.933530807495117
		endloop
	endfacet
	facet normal -0.5174175081441467 0.8557330905521312 0
		outer loop
			vertex -402.0621643066406 113.42164611816406 16.933530807495117
			vertex -402.6694641113281 113.054443359375 16.933530807495117
			vertex -402.6694641113281 113.054443359375 18.933530807495117
		endloop
	endfacet
	facet normal -0.5174175081441467 0.8557330905521312 0
		outer loop
			vertex -402.0621643066406 113.42164611816406 16.933530807495117
			vertex -402.6694641113281 113.054443359375 18.933530807495117
			vertex -402.0621643066406 113.42164611816406 18.933530807495117
		endloop
	endfacet
	facet normal -1 0 0
		outer loop
			vertex -402.6694641113281 111.4585189819336 16.933530807495117
			vertex -402.6694641113281 111.4585189819336 18.933530807495117
			vertex -402.6694641113281 113.054443359375 18.933530807495117
		endloop
	endfacet
	facet normal -1 0 0
		outer loop
			vertex -402.6694641113281 111.4585189819336 16.933530807495117
			vertex -402.6694641113281 113.054443359375 18.933530807495117
			vertex -402.6694641113281 113.054443359375 16.933530807495117
		endloop
	endfacet
	facet normal 0 0 -1
		outer loop
			vertex -398.2630310058594 110.87947082519531 16.933530807495117
			vertex -397.66986083984375 110.51226806640625 16.933530807495117
			vertex -397.66986083984375 108.91635131835938 16.933530807495117
		endloop
	endfacet
	facet normal 0 0 -1
		outer loop
			vertex -398.2630310058594 110.87947082519531 16.933530807495117
			vertex -397.66986083984375 108.91635131835938 16.933530807495117
			vertex -398.2630310058594 108.54914855957031 16.933530807495117
		endloop
	endfacet
	facet normal 0 0 -1
		outer loop
			vertex -402.0621643066406 108.54914855957031 16.933530807495117
			vertex -398.2630310058594 108.54914855957031 16.933530807495117
			vertex -398.2630310058594 108.45028686523438 16.933530807495117
		endloop
	endfacet
	facet normal 0 0 -1
		outer loop
			vertex -402.0621643066406 108.54914855957031 16.933530807495117
			vertex -398.2630310058594 108.45028686523438 16.933530807495117
			vertex -402.0621643066406 108.45028686523438 16.933530807495117
		endloop
	endfacet
	facet normal 0 0 -1
		outer loop
			vertex -397.66986083984375 113.054443359375 16.933530807495117
			vertex -397.66986083984375 111.4585189819336 16.933530807495117
			vertex -398.2630310058594 111.09132385253906 16.933530807495117
		endloop
	endfacet
	facet normal 0 0 -1
		outer loop
			vertex -398.2630310058594 113.42164611816406 16.933530807495117
			vertex -397.66986083984375 113.054443359375 16.933530807495117
			vertex -398.2630310058594 111.09132385253906 16.933530807495117
		endloop
	endfacet
	facet normal 0 0 -1
		outer loop
			vertex -402.0621643066406 110.87947082519531 16.933530807495117
			vertex -402.0621643066406 108.54914855957031 16.933530807495117
			vertex -402.6694641113281 108.91635131835938 16.933530807495117
		endloop
	endfacet
	facet normal 0 0 -1
		outer loop
			vertex -402.0621643066406 110.87947082519531 16.933530807495117
			vertex -398.2630310058594 110.87947082519531 16.933530807495117
			vertex -398.2630310058594 108.54914855957031 16.933530807495117
		endloop
	endfacet
	facet normal 0 0 -1
		outer loop
			vertex -402.0621643066406 110.87947082519531 16.933530807495117
			vertex -398.2630310058594 108.54914855957031 16.933530807495117
			vertex -402.0621643066406 108.54914855957031 16.933530807495117
		endloop
	endfacet
	facet normal 0 0 -1
		outer loop
			vertex -402.0621643066406 111.09132385253906 16.933530807495117
			vertex -398.2630310058594 111.09132385253906 16.933530807495117
			vertex -398.2630310058594 110.87947082519531 16.933530807495117
		endloop
	endfacet
	facet normal 0 0 -1
		outer loop
			vertex -402.0621643066406 111.09132385253906 16.933530807495117
			vertex -398.2630310058594 110.87947082519531 16.933530807495117
			vertex -402.0621643066406 110.87947082519531 16.933530807495117
		endloop
	endfacet
	facet normal 0 0 -1
		outer loop
			vertex -402.6694641113281 110.51226806640625 16.933530807495117
			vertex -402.0621643066406 110.87947082519531 16.933530807495117
			vertex -402.6694641113281 108.91635131835938 16.933530807495117
		endloop
	endfacet
	facet normal 0 0 -1
		outer loop
			vertex -398.2630310058594 115.96382141113281 16.933530807495117
			vertex -397.66986083984375 115.59661865234375 16.933530807495117
			vertex -397.66986083984375 114.00069427490234 16.933530807495117
		endloop
	endfacet
	facet normal 0 0 -1
		outer loop
			vertex -398.2630310058594 115.96382141113281 16.933530807495117
			vertex -397.66986083984375 114.00069427490234 16.933530807495117
			vertex -398.2630310058594 113.61936950683594 16.933530807495117
		endloop
	endfacet
	facet normal 0 0 -1
		outer loop
			vertex -402.0621643066406 113.42164611816406 16.933530807495117
			vertex -398.2630310058594 113.42164611816406 16.933530807495117
			vertex -398.2630310058594 111.09132385253906 16.933530807495117
		endloop
	endfacet
	facet normal 0 0 -1
		outer loop
			vertex -402.0621643066406 113.42164611816406 16.933530807495117
			vertex -398.2630310058594 111.09132385253906 16.933530807495117
			vertex -402.0621643066406 111.09132385253906 16.933530807495117
		endloop
	endfacet
	facet normal 0 0 -1
		outer loop
			vertex -402.0621643066406 113.61936950683594 16.933530807495117
			vertex -398.2630310058594 113.61936950683594 16.933530807495117
			vertex -398.2630310058594 113.42164611816406 16.933530807495117
		endloop
	endfacet
	facet normal 0 0 -1
		outer loop
			vertex -402.0621643066406 113.61936950683594 16.933530807495117
			vertex -398.2630310058594 113.42164611816406 16.933530807495117
			vertex -402.0621643066406 113.42164611816406 16.933530807495117
		endloop
	endfacet
	facet normal 0 0 -1
		outer loop
			vertex -402.6694641113281 113.054443359375 16.933530807495117
			vertex -402.0621643066406 111.09132385253906 16.933530807495117
			vertex -402.6694641113281 111.4585189819336 16.933530807495117
		endloop
	endfacet
	facet normal 0 0 -1
		outer loop
			vertex -402.6694641113281 113.054443359375 16.933530807495117
			vertex -402.0621643066406 113.42164611816406 16.933530807495117
			vertex -402.0621643066406 111.09132385253906 16.933530807495117
		endloop
	endfacet
	facet normal 0 0 -1
		outer loop
			vertex -402.0621643066406 115.96382141113281 16.933530807495117
			vertex -402.0621643066406 113.61936950683594 16.933530807495117
			vertex -402.6694641113281 114.00069427490234 16.933530807495117
		endloop
	endfacet
	facet normal 0 0 -1
		outer loop
			vertex -402.0621643066406 115.96382141113281 16.933530807495117
			vertex -398.2630310058594 115.96382141113281 16.933530807495117
			vertex -398.2630310058594 113.61936950683594 16.933530807495117
		endloop
	endfacet
	facet normal 0 0 -1
		outer loop
			vertex -402.0621643066406 115.96382141113281 16.933530807495117
			vertex -398.2630310058594 113.61936950683594 16.933530807495117
			vertex -402.0621643066406 113.61936950683594 16.933530807495117
		endloop
	endfacet
	facet normal 0 0 -1
		outer loop
			vertex -402.0621643066406 116.06268310546875 16.933530807495117
			vertex -398.2630310058594 116.06268310546875 16.933530807495117
			vertex -398.2630310058594 115.96382141113281 16.933530807495117
		endloop
	endfacet
	facet normal 0 0 -1
		outer loop
			vertex -402.0621643066406 116.06268310546875 16.933530807495117
			vertex -398.2630310058594 115.96382141113281 16.933530807495117
			vertex -402.0621643066406 115.96382141113281 16.933530807495117
		endloop
	endfacet
	facet normal 0 0 -1
		outer loop
			vertex -402.6694641113281 115.59661865234375 16.933530807495117
			vertex -402.0621643066406 115.96382141113281 16.933530807495117
			vertex -402.6694641113281 114.00069427490234 16.933530807495117
		endloop
	endfacet
	facet normal 0 0 1
		outer loop
			vertex -401.75146484375 109.39653778076172 18.933530807495117
			vertex -402.6694641113281 108.91635131835938 18.933530807495117
			vertex -402.0621643066406 108.54914855957031 18.933530807495117
		endloop
	endfacet
	facet normal 0 0 1
		outer loop
			vertex -402.6694641113281 110.51226806640625 18.933530807495117
			vertex -402.6694641113281 108.91635131835938 18.933530807495117
			vertex -401.75146484375 109.39653778076172 18.933530807495117
		endloop
	endfacet
	facet normal 0 0 1
		outer loop
			vertex -401.1159362792969 109.39653778076172 18.933530807495117
			vertex -402.0621643066406 108.54914855957031 18.933530807495117
			vertex -402.0621643066406 108.45028686523438 18.933530807495117
		endloop
	endfacet
	facet normal 0 0 1
		outer loop
			vertex -401.1159362792969 109.39653778076172 18.933530807495117
			vertex -401.75146484375 109.39653778076172 18.933530807495117
			vertex -402.0621643066406 108.54914855957031 18.933530807495117
		endloop
	endfacet
	facet normal 0 0 1
		outer loop
			vertex -401.75146484375 110.0320816040039 18.933530807495117
			vertex -402.6694641113281 110.51226806640625 18.933530807495117
			vertex -401.75146484375 109.39653778076172 18.933530807495117
		endloop
	endfacet
	facet normal 0 0 1
		outer loop
			vertex -402.0621643066406 110.87947082519531 18.933530807495117
			vertex -402.6694641113281 110.51226806640625 18.933530807495117
			vertex -401.75146484375 110.0320816040039 18.933530807495117
		endloop
	endfacet
	facet normal 0 0 1
		outer loop
			vertex -401.1159362792969 110.0320816040039 18.933530807495117
			vertex -402.0621643066406 110.87947082519531 18.933530807495117
			vertex -401.75146484375 110.0320816040039 18.933530807495117
		endloop
	endfacet
	facet normal 0 0 1
		outer loop
			vertex -402.0621643066406 111.09132385253906 18.933530807495117
			vertex -402.0621643066406 110.87947082519531 18.933530807495117
			vertex -401.1159362792969 110.0320816040039 18.933530807495117
		endloop
	endfacet
	facet normal 0 0 1
		outer loop
			vertex -398.2630310058594 108.45028686523438 18.933530807495117
			vertex -401.1159362792969 109.39653778076172 18.933530807495117
			vertex -402.0621643066406 108.45028686523438 18.933530807495117
		endloop
	endfacet
	facet normal 0 0 1
		outer loop
			vertex -401.75146484375 111.93871307373047 18.933530807495117
			vertex -402.6694641113281 111.4585189819336 18.933530807495117
			vertex -402.0621643066406 111.09132385253906 18.933530807495117
		endloop
	endfacet
	facet normal 0 0 1
		outer loop
			vertex -399.20928955078125 109.39653778076172 18.933530807495117
			vertex -401.1159362792969 109.39653778076172 18.933530807495117
			vertex -398.2630310058594 108.45028686523438 18.933530807495117
		endloop
	endfacet
	facet normal 0 0 1
		outer loop
			vertex -398.2630310058594 108.54914855957031 18.933530807495117
			vertex -399.20928955078125 109.39653778076172 18.933530807495117
			vertex -398.2630310058594 108.45028686523438 18.933530807495117
		endloop
	endfacet
	facet normal 0 0 1
		outer loop
			vertex -402.6694641113281 113.054443359375 18.933530807495117
			vertex -402.6694641113281 111.4585189819336 18.933530807495117
			vertex -401.75146484375 111.93871307373047 18.933530807495117
		endloop
	endfacet
	facet normal 0 0 1
		outer loop
			vertex -401.1159362792969 111.93871307373047 18.933530807495117
			vertex -401.75146484375 111.93871307373047 18.933530807495117
			vertex -402.0621643066406 111.09132385253906 18.933530807495117
		endloop
	endfacet
	facet normal 0 0 1
		outer loop
			vertex -401.1159362792969 111.93871307373047 18.933530807495117
			vertex -402.0621643066406 111.09132385253906 18.933530807495117
			vertex -401.1159362792969 110.0320816040039 18.933530807495117
		endloop
	endfacet
	facet normal 0 0 1
		outer loop
			vertex -401.75146484375 112.57425689697266 18.933530807495117
			vertex -402.6694641113281 113.054443359375 18.933530807495117
			vertex -401.75146484375 111.93871307373047 18.933530807495117
		endloop
	endfacet
	facet normal 0 0 1
		outer loop
			vertex -398.57373046875 109.39653778076172 18.933530807495117
			vertex -399.20928955078125 109.39653778076172 18.933530807495117
			vertex -398.2630310058594 108.54914855957031 18.933530807495117
		endloop
	endfacet
	facet normal 0 0 1
		outer loop
			vertex -399.20928955078125 110.0320816040039 18.933530807495117
			vertex -401.1159362792969 110.0320816040039 18.933530807495117
			vertex -401.1159362792969 109.39653778076172 18.933530807495117
		endloop
	endfacet
	facet normal 0 0 1
		outer loop
			vertex -399.20928955078125 110.0320816040039 18.933530807495117
			vertex -401.1159362792969 109.39653778076172 18.933530807495117
			vertex -399.20928955078125 109.39653778076172 18.933530807495117
		endloop
	endfacet
	facet normal 0 0 1
		outer loop
			vertex -397.66986083984375 108.91635131835938 18.933530807495117
			vertex -398.57373046875 109.39653778076172 18.933530807495117
			vertex -398.2630310058594 108.54914855957031 18.933530807495117
		endloop
	endfacet
	facet normal 0 0 1
		outer loop
			vertex -402.0621643066406 113.42164611816406 18.933530807495117
			vertex -402.6694641113281 113.054443359375 18.933530807495117
			vertex -401.75146484375 112.57425689697266 18.933530807495117
		endloop
	endfacet
	facet normal 0 0 1
		outer loop
			vertex -401.1159362792969 112.57425689697266 18.933530807495117
			vertex -402.0621643066406 113.42164611816406 18.933530807495117
			vertex -401.75146484375 112.57425689697266 18.933530807495117
		endloop
	endfacet
	facet normal 0 0 1
		outer loop
			vertex -402.0621643066406 113.61936950683594 18.933530807495117
			vertex -402.0621643066406 113.42164611816406 18.933530807495117
			vertex -401.1159362792969 112.57425689697266 18.933530807495117
		endloop
	endfacet
	facet normal 0 0 1
		outer loop
			vertex -398.2630310058594 110.87947082519531 18.933530807495117
			vertex -399.20928955078125 110.0320816040039 18.933530807495117
			vertex -398.57373046875 110.0320816040039 18.933530807495117
		endloop
	endfacet
	facet normal 0 0 1
		outer loop
			vertex -401.75146484375 114.48088836669922 18.933530807495117
			vertex -402.6694641113281 114.00069427490234 18.933530807495117
			vertex -402.0621643066406 113.61936950683594 18.933530807495117
		endloop
	endfacet
	facet normal 0 0 1
		outer loop
			vertex -399.20928955078125 111.93871307373047 18.933530807495117
			vertex -401.1159362792969 111.93871307373047 18.933530807495117
			vertex -401.1159362792969 110.0320816040039 18.933530807495117
		endloop
	endfacet
	facet normal 0 0 1
		outer loop
			vertex -399.20928955078125 111.93871307373047 18.933530807495117
			vertex -401.1159362792969 110.0320816040039 18.933530807495117
			vertex -399.20928955078125 110.0320816040039 18.933530807495117
		endloop
	endfacet
	facet normal 0 0 1
		outer loop
			vertex -398.2630310058594 111.09132385253906 18.933530807495117
			vertex -399.20928955078125 111.93871307373047 18.933530807495117
			vertex -399.20928955078125 110.0320816040039 18.933530807495117
		endloop
	endfacet
	facet normal 0 0 1
		outer loop
			vertex -398.2630310058594 111.09132385253906 18.933530807495117
			vertex -399.20928955078125 110.0320816040039 18.933530807495117
			vertex -398.2630310058594 110.87947082519531 18.933530807495117
		endloop
	endfacet
	facet normal 0 0 1
		outer loop
			vertex -397.66986083984375 110.51226806640625 18.933530807495117
			vertex -398.2630310058594 110.87947082519531 18.933530807495117
			vertex -398.57373046875 110.0320816040039 18.933530807495117
		endloop
	endfacet
	facet normal 0 0 1
		outer loop
			vertex -397.66986083984375 110.51226806640625 18.933530807495117
			vertex -398.57373046875 110.0320816040039 18.933530807495117
			vertex -398.57373046875 109.39653778076172 18.933530807495117
		endloop
	endfacet
	facet normal 0 0 1
		outer loop
			vertex -397.66986083984375 110.51226806640625 18.933530807495117
			vertex -398.57373046875 109.39653778076172 18.933530807495117
			vertex -397.66986083984375 108.91635131835938 18.933530807495117
		endloop
	endfacet
	facet normal 0 0 1
		outer loop
			vertex -402.6694641113281 115.59661865234375 18.933530807495117
			vertex -402.6694641113281 114.00069427490234 18.933530807495117
			vertex -401.75146484375 114.48088836669922 18.933530807495117
		endloop
	endfacet
	facet normal 0 0 1
		outer loop
			vertex -401.11590576171875 114.48088836669922 18.933530807495117
			vertex -402.0621643066406 113.61936950683594 18.933530807495117
			vertex -401.1159362792969 112.57425689697266 18.933530807495117
		endloop
	endfacet
	facet normal 0 0 1
		outer loop
			vertex -401.11590576171875 114.48088836669922 18.933530807495117
			vertex -401.75146484375 114.48088836669922 18.933530807495117
			vertex -402.0621643066406 113.61936950683594 18.933530807495117
		endloop
	endfacet
	facet normal 0 0 1
		outer loop
			vertex -401.75146484375 115.11642456054688 18.933530807495117
			vertex -402.6694641113281 115.59661865234375 18.933530807495117
			vertex -401.75146484375 114.48088836669922 18.933530807495117
		endloop
	endfacet
	facet normal 0 0 1
		outer loop
			vertex -398.57373046875 111.93871307373047 18.933530807495117
			vertex -399.20928955078125 111.93871307373047 18.933530807495117
			vertex -398.2630310058594 111.09132385253906 18.933530807495117
		endloop
	endfacet
	facet normal 0 0 1
		outer loop
			vertex -399.20928955078125 112.57425689697266 18.933530807495117
			vertex -401.11590576171875 114.48088836669922 18.933530807495117
			vertex -401.1159362792969 112.57425689697266 18.933530807495117
		endloop
	endfacet
	facet normal 0 0 1
		outer loop
			vertex -399.20928955078125 112.57425689697266 18.933530807495117
			vertex -401.1159362792969 111.93871307373047 18.933530807495117
			vertex -399.20928955078125 111.93871307373047 18.933530807495117
		endloop
	endfacet
	facet normal 0 0 1
		outer loop
			vertex -399.20928955078125 112.57425689697266 18.933530807495117
			vertex -401.1159362792969 112.57425689697266 18.933530807495117
			vertex -401.1159362792969 111.93871307373047 18.933530807495117
		endloop
	endfacet
	facet normal 0 0 1
		outer loop
			vertex -397.66986083984375 111.4585189819336 18.933530807495117
			vertex -398.57373046875 111.93871307373047 18.933530807495117
			vertex -398.2630310058594 111.09132385253906 18.933530807495117
		endloop
	endfacet
	facet normal 0 0 1
		outer loop
			vertex -402.0621643066406 115.96382141113281 18.933530807495117
			vertex -402.6694641113281 115.59661865234375 18.933530807495117
			vertex -401.75146484375 115.11642456054688 18.933530807495117
		endloop
	endfacet
	facet normal 0 0 1
		outer loop
			vertex -401.11590576171875 115.11642456054688 18.933530807495117
			vertex -402.0621643066406 115.96382141113281 18.933530807495117
			vertex -401.75146484375 115.11642456054688 18.933530807495117
		endloop
	endfacet
	facet normal 0 0 1
		outer loop
			vertex -402.0621643066406 116.06268310546875 18.933530807495117
			vertex -402.0621643066406 115.96382141113281 18.933530807495117
			vertex -401.11590576171875 115.11642456054688 18.933530807495117
		endloop
	endfacet
	facet normal 0 0 1
		outer loop
			vertex -398.2630310058594 113.42164611816406 18.933530807495117
			vertex -399.20928955078125 112.57425689697266 18.933530807495117
			vertex -398.57373046875 112.57425689697266 18.933530807495117
		endloop
	endfacet
	facet normal 0 0 1
		outer loop
			vertex -399.20928955078125 114.48088836669922 18.933530807495117
			vertex -401.11590576171875 114.48088836669922 18.933530807495117
			vertex -399.20928955078125 112.57425689697266 18.933530807495117
		endloop
	endfacet
	facet normal 0 0 1
		outer loop
			vertex -398.2630310058594 113.61936950683594 18.933530807495117
			vertex -399.20928955078125 112.57425689697266 18.933530807495117
			vertex -398.2630310058594 113.42164611816406 18.933530807495117
		endloop
	endfacet
	facet normal 0 0 1
		outer loop
			vertex -398.2630310058594 113.61936950683594 18.933530807495117
			vertex -399.20928955078125 114.48088836669922 18.933530807495117
			vertex -399.20928955078125 112.57425689697266 18.933530807495117
		endloop
	endfacet
	facet normal 0 0 1
		outer loop
			vertex -397.66986083984375 113.054443359375 18.933530807495117
			vertex -398.2630310058594 113.42164611816406 18.933530807495117
			vertex -398.57373046875 112.57425689697266 18.933530807495117
		endloop
	endfacet
	facet normal 0 0 1
		outer loop
			vertex -397.66986083984375 113.054443359375 18.933530807495117
			vertex -398.57373046875 112.57425689697266 18.933530807495117
			vertex -398.57373046875 111.93871307373047 18.933530807495117
		endloop
	endfacet
	facet normal 0 0 1
		outer loop
			vertex -397.66986083984375 113.054443359375 18.933530807495117
			vertex -398.57373046875 111.93871307373047 18.933530807495117
			vertex -397.66986083984375 111.4585189819336 18.933530807495117
		endloop
	endfacet
	facet normal 0 0 1
		outer loop
			vertex -398.57373046875 114.48088836669922 18.933530807495117
			vertex -399.20928955078125 114.48088836669922 18.933530807495117
			vertex -398.2630310058594 113.61936950683594 18.933530807495117
		endloop
	endfacet
	facet normal 0 0 1
		outer loop
			vertex -399.20928955078125 115.11642456054688 18.933530807495117
			vertex -401.11590576171875 114.48088836669922 18.933530807495117
			vertex -399.20928955078125 114.48088836669922 18.933530807495117
		endloop
	endfacet
	facet normal 0 0 1
		outer loop
			vertex -399.20928955078125 115.11642456054688 18.933530807495117
			vertex -401.11590576171875 115.11642456054688 18.933530807495117
			vertex -401.11590576171875 114.48088836669922 18.933530807495117
		endloop
	endfacet
	facet normal 0 0 1
		outer loop
			vertex -397.66986083984375 114.00069427490234 18.933530807495117
			vertex -398.57373046875 114.48088836669922 18.933530807495117
			vertex -398.2630310058594 113.61936950683594 18.933530807495117
		endloop
	endfacet
	facet normal 0 0 1
		outer loop
			vertex -398.57373046875 115.11642456054688 18.933530807495117
			vertex -398.57373046875 114.48088836669922 18.933530807495117
			vertex -397.66986083984375 114.00069427490234 18.933530807495117
		endloop
	endfacet
	facet normal 0 0 1
		outer loop
			vertex -398.2630310058594 115.96382141113281 18.933530807495117
			vertex -399.20928955078125 115.11642456054688 18.933530807495117
			vertex -398.57373046875 115.11642456054688 18.933530807495117
		endloop
	endfacet
	facet normal 0 0 1
		outer loop
			vertex -398.2630310058594 116.06268310546875 18.933530807495117
			vertex -399.20928955078125 115.11642456054688 18.933530807495117
			vertex -398.2630310058594 115.96382141113281 18.933530807495117
		endloop
	endfacet
	facet normal 0 0 1
		outer loop
			vertex -398.2630310058594 116.06268310546875 18.933530807495117
			vertex -402.0621643066406 116.06268310546875 18.933530807495117
			vertex -401.11590576171875 115.11642456054688 18.933530807495117
		endloop
	endfacet
	facet normal 0 0 1
		outer loop
			vertex -398.2630310058594 116.06268310546875 18.933530807495117
			vertex -401.11590576171875 115.11642456054688 18.933530807495117
			vertex -399.20928955078125 115.11642456054688 18.933530807495117
		endloop
	endfacet
	facet normal 0 0 1
		outer loop
			vertex -397.66986083984375 115.59661865234375 18.933530807495117
			vertex -398.57373046875 115.11642456054688 18.933530807495117
			vertex -397.66986083984375 114.00069427490234 18.933530807495117
		endloop
	endfacet
	facet normal 0 0 1
		outer loop
			vertex -397.66986083984375 115.59661865234375 18.933530807495117
			vertex -398.2630310058594 115.96382141113281 18.933530807495117
			vertex -398.57373046875 115.11642456054688 18.933530807495117
		endloop
	endfacet
	facet normal 0 1 0
		outer loop
			vertex -401.75146484375 112.57425689697266 23.933530807495117
			vertex -401.1159362792969 112.57425689697266 18.933530807495117
			vertex -401.75146484375 112.57425689697266 18.933530807495117
		endloop
	endfacet
	facet normal 0 1 0
		outer loop
			vertex -401.11590576171875 112.57425689697266 23.933530807495117
			vertex -401.1159362792969 112.57425689697266 18.933530807495117
			vertex -401.75146484375 112.57425689697266 23.933530807495117
		endloop
	endfacet
	facet normal 0.9999999999813737 0 -0.000006103515624886313
		outer loop
			vertex -401.11590576171875 111.93871307373047 23.933530807495117
			vertex -401.1159362792969 111.93871307373047 18.933530807495117
			vertex -401.1159362792969 112.57425689697266 18.933530807495117
		endloop
	endfacet
	facet normal 0.9999999999813737 0 -0.000006103515624886313
		outer loop
			vertex -401.11590576171875 111.93871307373047 23.933530807495117
			vertex -401.1159362792969 112.57425689697266 18.933530807495117
			vertex -401.11590576171875 112.57425689697266 23.933530807495117
		endloop
	endfacet
	facet normal 0 -1 0
		outer loop
			vertex -401.1159362792969 111.93871307373047 18.933530807495117
			vertex -401.11590576171875 111.93871307373047 23.933530807495117
			vertex -401.75146484375 111.93871307373047 23.933530807495117
		endloop
	endfacet
	facet normal 0 -1 0
		outer loop
			vertex -401.1159362792969 111.93871307373047 18.933530807495117
			vertex -401.75146484375 111.93871307373047 23.933530807495117
			vertex -401.75146484375 111.93871307373047 18.933530807495117
		endloop
	endfacet
	facet normal -1 0 0
		outer loop
			vertex -401.75146484375 111.93871307373047 18.933530807495117
			vertex -401.75146484375 111.93871307373047 23.933530807495117
			vertex -401.75146484375 112.57425689697266 23.933530807495117
		endloop
	endfacet
	facet normal -1 0 0
		outer loop
			vertex -401.75146484375 111.93871307373047 18.933530807495117
			vertex -401.75146484375 112.57425689697266 23.933530807495117
			vertex -401.75146484375 112.57425689697266 18.933530807495117
		endloop
	endfacet
	facet normal 0 0 1
		outer loop
			vertex -401.2430419921875 112.0658187866211 24.933530807495117
			vertex -401.6243591308594 112.4471435546875 24.933530807495117
			vertex -401.6243591308594 112.0658187866211 24.933530807495117
		endloop
	endfacet
	facet normal 0 0 1
		outer loop
			vertex -401.2430419921875 112.4471435546875 24.933530807495117
			vertex -401.6243591308594 112.4471435546875 24.933530807495117
			vertex -401.2430419921875 112.0658187866211 24.933530807495117
		endloop
	endfacet
	facet normal 0 -0.9920186489212682 0.12609123757193244
		outer loop
			vertex -401.4336853027344 112.00226593017578 24.433530807495117
			vertex -401.6243591308594 112.0658187866211 24.933530807495117
			vertex -401.75146484375 111.93871307373047 23.933530807495117
		endloop
	endfacet
	facet normal 0 -0.9920186489212683 0.12609123757193244
		outer loop
			vertex -401.4336853027344 112.00226593017578 24.433530807495117
			vertex -401.75146484375 111.93871307373047 23.933530807495117
			vertex -401.11590576171875 111.93871307373047 23.933530807495117
		endloop
	endfacet
	facet normal 0 -0.9920186489212682 0.12609123757193244
		outer loop
			vertex -401.4336853027344 112.00226593017578 24.433530807495117
			vertex -401.11590576171875 111.93871307373047 23.933530807495117
			vertex -401.2430419921875 112.0658187866211 24.933530807495117
		endloop
	endfacet
	facet normal 0 -0.9920186489212682 0.12609123757193244
		outer loop
			vertex -401.4336853027344 112.00226593017578 24.433530807495117
			vertex -401.2430419921875 112.0658187866211 24.933530807495117
			vertex -401.6243591308594 112.0658187866211 24.933530807495117
		endloop
	endfacet
	facet normal 0 0.992016755403113 0.1261061338693746
		outer loop
			vertex -401.4336853027344 112.51070404052734 24.433530807495117
			vertex -401.6243591308594 112.4471435546875 24.933530807495117
			vertex -401.2430419921875 112.4471435546875 24.933530807495117
		endloop
	endfacet
	facet normal 0.000014886216466552261 0.9920174653310427 0.12610054820092545
		outer loop
			vertex -401.4336853027344 112.51070404052734 24.433530807495117
			vertex -401.2430419921875 112.4471435546875 24.933530807495117
			vertex -401.11590576171875 112.57425689697266 23.933530807495117
		endloop
	endfacet
	facet normal 0 0.9920186489212683 0.12609123757193244
		outer loop
			vertex -401.4336853027344 112.51070404052734 24.433530807495117
			vertex -401.11590576171875 112.57425689697266 23.933530807495117
			vertex -401.75146484375 112.57425689697266 23.933530807495117
		endloop
	endfacet
	facet normal -0.000014885322990848262 0.9920174654020916 0.12610054764209958
		outer loop
			vertex -401.4336853027344 112.51070404052734 24.433530807495117
			vertex -401.75146484375 112.57425689697266 23.933530807495117
			vertex -401.6243591308594 112.4471435546875 24.933530807495117
		endloop
	endfacet
	facet normal 0.9920148014741539 0 0.12612150354398402
		outer loop
			vertex -401.1794738769531 112.25648498535156 24.43353271484375
			vertex -401.2430419921875 112.4471435546875 24.933530807495117
			vertex -401.2430419921875 112.0658187866211 24.933530807495117
		endloop
	endfacet
	facet normal 0.9920148466199865 -9.462587290536796e-7 0.12612114844319064
		outer loop
			vertex -401.1794738769531 112.25648498535156 24.43353271484375
			vertex -401.2430419921875 112.0658187866211 24.933530807495117
			vertex -401.11590576171875 111.93871307373047 23.933530807495117
		endloop
	endfacet
	facet normal 0.9920149218621734 0 0.12612055662256583
		outer loop
			vertex -401.1794738769531 112.25648498535156 24.43353271484375
			vertex -401.11590576171875 111.93871307373047 23.933530807495117
			vertex -401.11590576171875 112.57425689697266 23.933530807495117
		endloop
	endfacet
	facet normal 0.9920148466188574 9.462729284679955e-7 0.1261211484520714
		outer loop
			vertex -401.1794738769531 112.25648498535156 24.43353271484375
			vertex -401.11590576171875 112.57425689697266 23.933530807495117
			vertex -401.2430419921875 112.4471435546875 24.933530807495117
		endloop
	endfacet
	facet normal -0.9920195938831873 -0.00005954410011153418 0.12608378883241228
		outer loop
			vertex -401.6878967285156 112.25648498535156 24.433530807495117
			vertex -401.6243591308594 112.4471435546875 24.933530807495117
			vertex -401.75146484375 112.57425689697266 23.933530807495117
		endloop
	endfacet
	facet normal -0.9920148616685026 0 0.1261210300815119
		outer loop
			vertex -401.6878967285156 112.25648498535156 24.433530807495117
			vertex -401.75146484375 112.57425689697266 23.933530807495117
			vertex -401.75146484375 111.93871307373047 23.933530807495117
		endloop
	endfacet
	facet normal -0.9920195938122145 0.000059543206615180486 0.12608378939124515
		outer loop
			vertex -401.6878967285156 112.25648498535156 24.433530807495117
			vertex -401.75146484375 111.93871307373047 23.933530807495117
			vertex -401.6243591308594 112.0658187866211 24.933530807495117
		endloop
	endfacet
	facet normal -0.9920224353081998 0 0.12606144472117137
		outer loop
			vertex -401.6878967285156 112.25648498535156 24.433530807495117
			vertex -401.6243591308594 112.0658187866211 24.933530807495117
			vertex -401.6243591308594 112.4471435546875 24.933530807495117
		endloop
	endfacet
	facet normal 0 1 0
		outer loop
			vertex -401.75146484375 110.0320816040039 23.933530807495117
			vertex -401.1159362792969 110.0320816040039 18.933530807495117
			vertex -401.75146484375 110.0320816040039 18.933530807495117
		endloop
	endfacet
	facet normal 0 1 0
		outer loop
			vertex -401.11590576171875 110.0320816040039 23.933530807495117
			vertex -401.1159362792969 110.0320816040039 18.933530807495117
			vertex -401.75146484375 110.0320816040039 23.933530807495117
		endloop
	endfacet
	facet normal 0.9999999999813737 0 -0.000006103515624886313
		outer loop
			vertex -401.11590576171875 109.39653778076172 23.933530807495117
			vertex -401.1159362792969 109.39653778076172 18.933530807495117
			vertex -401.1159362792969 110.0320816040039 18.933530807495117
		endloop
	endfacet
	facet normal 0.9999999999813737 0 -0.000006103515624886313
		outer loop
			vertex -401.11590576171875 109.39653778076172 23.933530807495117
			vertex -401.1159362792969 110.0320816040039 18.933530807495117
			vertex -401.11590576171875 110.0320816040039 23.933530807495117
		endloop
	endfacet
	facet normal 0 -1 0
		outer loop
			vertex -401.1159362792969 109.39653778076172 18.933530807495117
			vertex -401.11590576171875 109.39653778076172 23.933530807495117
			vertex -401.75146484375 109.39653778076172 23.933530807495117
		endloop
	endfacet
	facet normal 0 -1 0
		outer loop
			vertex -401.1159362792969 109.39653778076172 18.933530807495117
			vertex -401.75146484375 109.39653778076172 23.933530807495117
			vertex -401.75146484375 109.39653778076172 18.933530807495117
		endloop
	endfacet
	facet normal -1 0 0
		outer loop
			vertex -401.75146484375 109.39653778076172 18.933530807495117
			vertex -401.75146484375 109.39653778076172 23.933530807495117
			vertex -401.75146484375 110.0320816040039 23.933530807495117
		endloop
	endfacet
	facet normal -1 0 0
		outer loop
			vertex -401.75146484375 109.39653778076172 18.933530807495117
			vertex -401.75146484375 110.0320816040039 23.933530807495117
			vertex -401.75146484375 110.0320816040039 18.933530807495117
		endloop
	endfacet
	facet normal 0 0 1
		outer loop
			vertex -401.2430419921875 109.90497589111328 24.933530807495117
			vertex -401.6243591308594 109.90497589111328 24.933530807495117
			vertex -401.6243591308594 109.52365112304688 24.933530807495117
		endloop
	endfacet
	facet normal 0 0 1
		outer loop
			vertex -401.2430419921875 109.90497589111328 24.933530807495117
			vertex -401.6243591308594 109.52365112304688 24.933530807495117
			vertex -401.2430419921875 109.52365112304688 24.933530807495117
		endloop
	endfacet
	facet normal -0.000014885322990848262 -0.9920174654020916 0.12610054764209958
		outer loop
			vertex -401.4336853027344 109.46009063720703 24.433530807495117
			vertex -401.6243591308594 109.52365112304688 24.933530807495117
			vertex -401.75146484375 109.39653778076172 23.933530807495117
		endloop
	endfacet
	facet normal 0 -0.9920186489212683 0.12609123757193244
		outer loop
			vertex -401.4336853027344 109.46009063720703 24.433530807495117
			vertex -401.75146484375 109.39653778076172 23.933530807495117
			vertex -401.11590576171875 109.39653778076172 23.933530807495117
		endloop
	endfacet
	facet normal 0.000014886216466552261 -0.9920174653310427 0.12610054820092545
		outer loop
			vertex -401.4336853027344 109.46009063720703 24.433530807495117
			vertex -401.11590576171875 109.39653778076172 23.933530807495117
			vertex -401.2430419921875 109.52365112304688 24.933530807495117
		endloop
	endfacet
	facet normal 0 -0.992016755403113 0.1261061338693746
		outer loop
			vertex -401.4336853027344 109.46009063720703 24.433530807495117
			vertex -401.2430419921875 109.52365112304688 24.933530807495117
			vertex -401.6243591308594 109.52365112304688 24.933530807495117
		endloop
	endfacet
	facet normal 0 0.9920186489212682 0.12609123757193244
		outer loop
			vertex -401.4336853027344 109.9685287475586 24.433530807495117
			vertex -401.6243591308594 109.90497589111328 24.933530807495117
			vertex -401.2430419921875 109.90497589111328 24.933530807495117
		endloop
	endfacet
	facet normal 0 0.9920186489212682 0.12609123757193244
		outer loop
			vertex -401.4336853027344 109.9685287475586 24.433530807495117
			vertex -401.2430419921875 109.90497589111328 24.933530807495117
			vertex -401.11590576171875 110.0320816040039 23.933530807495117
		endloop
	endfacet
	facet normal 0 0.9920186489212683 0.12609123757193244
		outer loop
			vertex -401.4336853027344 109.9685287475586 24.433530807495117
			vertex -401.11590576171875 110.0320816040039 23.933530807495117
			vertex -401.75146484375 110.0320816040039 23.933530807495117
		endloop
	endfacet
	facet normal 0 0.9920186489212682 0.12609123757193244
		outer loop
			vertex -401.4336853027344 109.9685287475586 24.433530807495117
			vertex -401.75146484375 110.0320816040039 23.933530807495117
			vertex -401.6243591308594 109.90497589111328 24.933530807495117
		endloop
	endfacet
	facet normal 0.9920148014741539 0 0.12612150354398402
		outer loop
			vertex -401.1794738769531 109.71430969238281 24.43353271484375
			vertex -401.2430419921875 109.90497589111328 24.933530807495117
			vertex -401.2430419921875 109.52365112304688 24.933530807495117
		endloop
	endfacet
	facet normal 0.9920148466188574 -9.462729284679955e-7 0.1261211484520714
		outer loop
			vertex -401.1794738769531 109.71430969238281 24.43353271484375
			vertex -401.2430419921875 109.52365112304688 24.933530807495117
			vertex -401.11590576171875 109.39653778076172 23.933530807495117
		endloop
	endfacet
	facet normal 0.9920149218621734 0 0.12612055662256583
		outer loop
			vertex -401.1794738769531 109.71430969238281 24.43353271484375
			vertex -401.11590576171875 109.39653778076172 23.933530807495117
			vertex -401.11590576171875 110.0320816040039 23.933530807495117
		endloop
	endfacet
	facet normal 0.9920148466199865 9.462587290536796e-7 0.12612114844319064
		outer loop
			vertex -401.1794738769531 109.71430969238281 24.43353271484375
			vertex -401.11590576171875 110.0320816040039 23.933530807495117
			vertex -401.2430419921875 109.90497589111328 24.933530807495117
		endloop
	endfacet
	facet normal -0.9920195938122145 -0.000059543206615180486 0.12608378939124515
		outer loop
			vertex -401.6878967285156 109.71430969238281 24.433530807495117
			vertex -401.6243591308594 109.90497589111328 24.933530807495117
			vertex -401.75146484375 110.0320816040039 23.933530807495117
		endloop
	endfacet
	facet normal -0.9920148616685026 0 0.1261210300815119
		outer loop
			vertex -401.6878967285156 109.71430969238281 24.433530807495117
			vertex -401.75146484375 110.0320816040039 23.933530807495117
			vertex -401.75146484375 109.39653778076172 23.933530807495117
		endloop
	endfacet
	facet normal -0.9920195938831873 0.00005954410011153418 0.12608378883241228
		outer loop
			vertex -401.6878967285156 109.71430969238281 24.433530807495117
			vertex -401.75146484375 109.39653778076172 23.933530807495117
			vertex -401.6243591308594 109.52365112304688 24.933530807495117
		endloop
	endfacet
	facet normal -0.9920224353081998 0 0.12606144472117137
		outer loop
			vertex -401.6878967285156 109.71430969238281 24.433530807495117
			vertex -401.6243591308594 109.52365112304688 24.933530807495117
			vertex -401.6243591308594 109.90497589111328 24.933530807495117
		endloop
	endfacet
	facet normal 0 1 0
		outer loop
			vertex -399.20928955078125 110.0320816040039 23.933530807495117
			vertex -398.57373046875 110.0320816040039 18.933530807495117
			vertex -399.20928955078125 110.0320816040039 18.933530807495117
		endloop
	endfacet
	facet normal 0 1 0
		outer loop
			vertex -398.57373046875 110.0320816040039 23.933530807495117
			vertex -398.57373046875 110.0320816040039 18.933530807495117
			vertex -399.20928955078125 110.0320816040039 23.933530807495117
		endloop
	endfacet
	facet normal 1 0 0
		outer loop
			vertex -398.57373046875 109.39653778076172 23.933530807495117
			vertex -398.57373046875 109.39653778076172 18.933530807495117
			vertex -398.57373046875 110.0320816040039 18.933530807495117
		endloop
	endfacet
	facet normal 1 0 0
		outer loop
			vertex -398.57373046875 109.39653778076172 23.933530807495117
			vertex -398.57373046875 110.0320816040039 18.933530807495117
			vertex -398.57373046875 110.0320816040039 23.933530807495117
		endloop
	endfacet
	facet normal 0 -1 0
		outer loop
			vertex -398.57373046875 109.39653778076172 18.933530807495117
			vertex -398.57373046875 109.39653778076172 23.933530807495117
			vertex -399.20928955078125 109.39653778076172 23.933530807495117
		endloop
	endfacet
	facet normal 0 -1 0
		outer loop
			vertex -398.57373046875 109.39653778076172 18.933530807495117
			vertex -399.20928955078125 109.39653778076172 23.933530807495117
			vertex -399.20928955078125 109.39653778076172 18.933530807495117
		endloop
	endfacet
	facet normal -1 0 0
		outer loop
			vertex -399.20928955078125 109.39653778076172 18.933530807495117
			vertex -399.20928955078125 109.39653778076172 23.933530807495117
			vertex -399.20928955078125 110.0320816040039 23.933530807495117
		endloop
	endfacet
	facet normal -1 0 0
		outer loop
			vertex -399.20928955078125 109.39653778076172 18.933530807495117
			vertex -399.20928955078125 110.0320816040039 23.933530807495117
			vertex -399.20928955078125 110.0320816040039 18.933530807495117
		endloop
	endfacet
	facet normal 0 0 1
		outer loop
			vertex -398.7008361816406 109.90497589111328 24.933530807495117
			vertex -399.0821838378906 109.90497589111328 24.933530807495117
			vertex -399.0821838378906 109.52365112304688 24.933530807495117
		endloop
	endfacet
	facet normal 0 0 1
		outer loop
			vertex -398.7008361816406 109.90497589111328 24.933530807495117
			vertex -399.0821838378906 109.52365112304688 24.933530807495117
			vertex -398.7008361816406 109.52365112304688 24.933530807495117
		endloop
	endfacet
	facet normal -0.000014885322990848262 -0.9920174654020916 0.12610054764209958
		outer loop
			vertex -398.8915100097656 109.46009063720703 24.433530807495117
			vertex -399.0821838378906 109.52365112304688 24.933530807495117
			vertex -399.20928955078125 109.39653778076172 23.933530807495117
		endloop
	endfacet
	facet normal 0 -0.9920186489212683 0.12609123757193244
		outer loop
			vertex -398.8915100097656 109.46009063720703 24.433530807495117
			vertex -399.20928955078125 109.39653778076172 23.933530807495117
			vertex -398.57373046875 109.39653778076172 23.933530807495117
		endloop
	endfacet
	facet normal 0.000014885322990848262 -0.9920174654020916 0.12610054764209958
		outer loop
			vertex -398.8915100097656 109.46009063720703 24.433530807495117
			vertex -398.57373046875 109.39653778076172 23.933530807495117
			vertex -398.7008361816406 109.52365112304688 24.933530807495117
		endloop
	endfacet
	facet normal 0 -0.9920167554031128 0.12610613386937458
		outer loop
			vertex -398.8915100097656 109.46009063720703 24.433530807495117
			vertex -398.7008361816406 109.52365112304688 24.933530807495117
			vertex -399.0821838378906 109.52365112304688 24.933530807495117
		endloop
	endfacet
	facet normal 0 0.9920186489212683 0.12609123757193244
		outer loop
			vertex -398.8915100097656 109.9685287475586 24.433530807495117
			vertex -399.0821838378906 109.90497589111328 24.933530807495117
			vertex -398.7008361816406 109.90497589111328 24.933530807495117
		endloop
	endfacet
	facet normal 0 0.9920186489212682 0.12609123757193244
		outer loop
			vertex -398.8915100097656 109.9685287475586 24.433530807495117
			vertex -398.7008361816406 109.90497589111328 24.933530807495117
			vertex -398.57373046875 110.0320816040039 23.933530807495117
		endloop
	endfacet
	facet normal 0 0.9920186489212683 0.12609123757193244
		outer loop
			vertex -398.8915100097656 109.9685287475586 24.433530807495117
			vertex -398.57373046875 110.0320816040039 23.933530807495117
			vertex -399.20928955078125 110.0320816040039 23.933530807495117
		endloop
	endfacet
	facet normal 0 0.9920186489212682 0.12609123757193244
		outer loop
			vertex -398.8915100097656 109.9685287475586 24.433530807495117
			vertex -399.20928955078125 110.0320816040039 23.933530807495117
			vertex -399.0821838378906 109.90497589111328 24.933530807495117
		endloop
	endfacet
	facet normal 0.9920223751702555 0 0.12606191796718413
		outer loop
			vertex -398.6372985839844 109.71430969238281 24.43353271484375
			vertex -398.7008361816406 109.90497589111328 24.933530807495117
			vertex -398.7008361816406 109.52365112304688 24.933530807495117
		endloop
	endfacet
	facet normal 0.9920195788982357 0.00005859810570076706 0.12608390717625065
		outer loop
			vertex -398.6372985839844 109.71430969238281 24.43353271484375
			vertex -398.7008361816406 109.52365112304688 24.933530807495117
			vertex -398.57373046875 109.39653778076172 23.933530807495117
		endloop
	endfacet
	facet normal 0.9920149218621734 0 0.12612055662256583
		outer loop
			vertex -398.6372985839844 109.71430969238281 24.43353271484375
			vertex -398.57373046875 109.39653778076172 23.933530807495117
			vertex -398.57373046875 110.0320816040039 23.933530807495117
		endloop
	endfacet
	facet normal 0.9920195788283894 -0.000058597226395523166 0.1260839077262056
		outer loop
			vertex -398.6372985839844 109.71430969238281 24.43353271484375
			vertex -398.57373046875 110.0320816040039 23.933530807495117
			vertex -398.7008361816406 109.90497589111328 24.933530807495117
		endloop
	endfacet
	facet normal -0.9920195938122145 -0.000059543206615180486 0.12608378939124515
		outer loop
			vertex -399.1457214355469 109.71430969238281 24.433530807495117
			vertex -399.0821838378906 109.90497589111328 24.933530807495117
			vertex -399.20928955078125 110.0320816040039 23.933530807495117
		endloop
	endfacet
	facet normal -0.9920148616685026 0 0.1261210300815119
		outer loop
			vertex -399.1457214355469 109.71430969238281 24.433530807495117
			vertex -399.20928955078125 110.0320816040039 23.933530807495117
			vertex -399.20928955078125 109.39653778076172 23.933530807495117
		endloop
	endfacet
	facet normal -0.9920195938831873 0.00005954410011153418 0.12608378883241228
		outer loop
			vertex -399.1457214355469 109.71430969238281 24.433530807495117
			vertex -399.20928955078125 109.39653778076172 23.933530807495117
			vertex -399.0821838378906 109.52365112304688 24.933530807495117
		endloop
	endfacet
	facet normal -0.9920224353081998 0 0.12606144472117137
		outer loop
			vertex -399.1457214355469 109.71430969238281 24.433530807495117
			vertex -399.0821838378906 109.52365112304688 24.933530807495117
			vertex -399.0821838378906 109.90497589111328 24.933530807495117
		endloop
	endfacet
	facet normal 0 1 0
		outer loop
			vertex -399.20928955078125 112.57425689697266 23.933530807495117
			vertex -398.57373046875 112.57425689697266 18.933530807495117
			vertex -399.20928955078125 112.57425689697266 18.933530807495117
		endloop
	endfacet
	facet normal 0 1 0
		outer loop
			vertex -398.57373046875 112.57425689697266 23.933530807495117
			vertex -398.57373046875 112.57425689697266 18.933530807495117
			vertex -399.20928955078125 112.57425689697266 23.933530807495117
		endloop
	endfacet
	facet normal 1 0 0
		outer loop
			vertex -398.57373046875 111.93871307373047 23.933530807495117
			vertex -398.57373046875 111.93871307373047 18.933530807495117
			vertex -398.57373046875 112.57425689697266 18.933530807495117
		endloop
	endfacet
	facet normal 1 0 0
		outer loop
			vertex -398.57373046875 111.93871307373047 23.933530807495117
			vertex -398.57373046875 112.57425689697266 18.933530807495117
			vertex -398.57373046875 112.57425689697266 23.933530807495117
		endloop
	endfacet
	facet normal 0 -1 0
		outer loop
			vertex -398.57373046875 111.93871307373047 18.933530807495117
			vertex -398.57373046875 111.93871307373047 23.933530807495117
			vertex -399.20928955078125 111.93871307373047 23.933530807495117
		endloop
	endfacet
	facet normal 0 -1 0
		outer loop
			vertex -398.57373046875 111.93871307373047 18.933530807495117
			vertex -399.20928955078125 111.93871307373047 23.933530807495117
			vertex -399.20928955078125 111.93871307373047 18.933530807495117
		endloop
	endfacet
	facet normal -1 0 0
		outer loop
			vertex -399.20928955078125 111.93871307373047 18.933530807495117
			vertex -399.20928955078125 111.93871307373047 23.933530807495117
			vertex -399.20928955078125 112.57425689697266 23.933530807495117
		endloop
	endfacet
	facet normal -1 0 0
		outer loop
			vertex -399.20928955078125 111.93871307373047 18.933530807495117
			vertex -399.20928955078125 112.57425689697266 23.933530807495117
			vertex -399.20928955078125 112.57425689697266 18.933530807495117
		endloop
	endfacet
	facet normal 0 0 1
		outer loop
			vertex -398.7008361816406 112.0658187866211 24.933530807495117
			vertex -399.0821838378906 112.4471435546875 24.933530807495117
			vertex -399.0821838378906 112.0658187866211 24.933530807495117
		endloop
	endfacet
	facet normal 0 0 1
		outer loop
			vertex -398.7008361816406 112.4471435546875 24.933530807495117
			vertex -399.0821838378906 112.4471435546875 24.933530807495117
			vertex -398.7008361816406 112.0658187866211 24.933530807495117
		endloop
	endfacet
	facet normal 0 -0.9920186489212682 0.12609123757193244
		outer loop
			vertex -398.8915100097656 112.00226593017578 24.433530807495117
			vertex -399.0821838378906 112.0658187866211 24.933530807495117
			vertex -399.20928955078125 111.93871307373047 23.933530807495117
		endloop
	endfacet
	facet normal 0 -0.9920186489212683 0.12609123757193244
		outer loop
			vertex -398.8915100097656 112.00226593017578 24.433530807495117
			vertex -399.20928955078125 111.93871307373047 23.933530807495117
			vertex -398.57373046875 111.93871307373047 23.933530807495117
		endloop
	endfacet
	facet normal 0 -0.9920186489212682 0.12609123757193244
		outer loop
			vertex -398.8915100097656 112.00226593017578 24.433530807495117
			vertex -398.57373046875 111.93871307373047 23.933530807495117
			vertex -398.7008361816406 112.0658187866211 24.933530807495117
		endloop
	endfacet
	facet normal 0 -0.9920186489212683 0.12609123757193244
		outer loop
			vertex -398.8915100097656 112.00226593017578 24.433530807495117
			vertex -398.7008361816406 112.0658187866211 24.933530807495117
			vertex -399.0821838378906 112.0658187866211 24.933530807495117
		endloop
	endfacet
	facet normal 0 0.9920177021892477 0.12609868573131602
		outer loop
			vertex -398.57373046875 112.57425689697266 23.933530807495117
			vertex -399.0821838378906 112.4471435546875 24.933530807495117
			vertex -398.7008361816406 112.4471435546875 24.933530807495117
		endloop
	endfacet
	facet normal 0 0.9920177021892478 0.12609868573131605
		outer loop
			vertex -398.57373046875 112.57425689697266 23.933530807495117
			vertex -399.20928955078125 112.57425689697266 23.933530807495117
			vertex -399.0821838378906 112.4471435546875 24.933530807495117
		endloop
	endfacet
	facet normal 0.9920223751702555 0 0.12606191796718413
		outer loop
			vertex -398.6372985839844 112.25648498535156 24.43353271484375
			vertex -398.7008361816406 112.4471435546875 24.933530807495117
			vertex -398.7008361816406 112.0658187866211 24.933530807495117
		endloop
	endfacet
	facet normal 0.9920195788283894 0.000058597226395523166 0.1260839077262056
		outer loop
			vertex -398.6372985839844 112.25648498535156 24.43353271484375
			vertex -398.7008361816406 112.0658187866211 24.933530807495117
			vertex -398.57373046875 111.93871307373047 23.933530807495117
		endloop
	endfacet
	facet normal 0.9920149218621734 0 0.12612055662256583
		outer loop
			vertex -398.6372985839844 112.25648498535156 24.43353271484375
			vertex -398.57373046875 111.93871307373047 23.933530807495117
			vertex -398.57373046875 112.57425689697266 23.933530807495117
		endloop
	endfacet
	facet normal 0.9920195788982357 -0.00005859810570076706 0.12608390717625065
		outer loop
			vertex -398.6372985839844 112.25648498535156 24.43353271484375
			vertex -398.57373046875 112.57425689697266 23.933530807495117
			vertex -398.7008361816406 112.4471435546875 24.933530807495117
		endloop
	endfacet
	facet normal -0.9920195938831873 -0.00005954410011153418 0.12608378883241228
		outer loop
			vertex -399.1457214355469 112.25648498535156 24.433530807495117
			vertex -399.0821838378906 112.4471435546875 24.933530807495117
			vertex -399.20928955078125 112.57425689697266 23.933530807495117
		endloop
	endfacet
	facet normal -0.9920148616685026 0 0.1261210300815119
		outer loop
			vertex -399.1457214355469 112.25648498535156 24.433530807495117
			vertex -399.20928955078125 112.57425689697266 23.933530807495117
			vertex -399.20928955078125 111.93871307373047 23.933530807495117
		endloop
	endfacet
	facet normal -0.9920195938122145 0.000059543206615180486 0.12608378939124515
		outer loop
			vertex -399.1457214355469 112.25648498535156 24.433530807495117
			vertex -399.20928955078125 111.93871307373047 23.933530807495117
			vertex -399.0821838378906 112.0658187866211 24.933530807495117
		endloop
	endfacet
	facet normal -0.9920224353081998 0 0.12606144472117137
		outer loop
			vertex -399.1457214355469 112.25648498535156 24.433530807495117
			vertex -399.0821838378906 112.0658187866211 24.933530807495117
			vertex -399.0821838378906 112.4471435546875 24.933530807495117
		endloop
	endfacet
	facet normal 0 1 0
		outer loop
			vertex -399.20928955078125 115.11642456054688 23.933530807495117
			vertex -398.57373046875 115.11642456054688 18.933530807495117
			vertex -399.20928955078125 115.11642456054688 18.933530807495117
		endloop
	endfacet
	facet normal 0 1 0
		outer loop
			vertex -398.57373046875 115.11642456054688 23.933530807495117
			vertex -398.57373046875 115.11642456054688 18.933530807495117
			vertex -399.20928955078125 115.11642456054688 23.933530807495117
		endloop
	endfacet
	facet normal 1 0 0
		outer loop
			vertex -398.57373046875 115.11642456054688 23.933530807495117
			vertex -398.57373046875 114.48088836669922 18.933530807495117
			vertex -398.57373046875 115.11642456054688 18.933530807495117
		endloop
	endfacet
	facet normal 1 0 0
		outer loop
			vertex -398.57373046875 114.48088836669922 23.933530807495117
			vertex -398.57373046875 114.48088836669922 18.933530807495117
			vertex -398.57373046875 115.11642456054688 23.933530807495117
		endloop
	endfacet
	facet normal 0 -1 0
		outer loop
			vertex -398.57373046875 114.48088836669922 18.933530807495117
			vertex -398.57373046875 114.48088836669922 23.933530807495117
			vertex -399.20928955078125 114.48088836669922 23.933530807495117
		endloop
	endfacet
	facet normal 0 -1 0
		outer loop
			vertex -398.57373046875 114.48088836669922 18.933530807495117
			vertex -399.20928955078125 114.48088836669922 23.933530807495117
			vertex -399.20928955078125 114.48088836669922 18.933530807495117
		endloop
	endfacet
	facet normal -1 0 0
		outer loop
			vertex -399.20928955078125 114.48088836669922 18.933530807495117
			vertex -399.20928955078125 114.48088836669922 23.933530807495117
			vertex -399.20928955078125 115.11642456054688 23.933530807495117
		endloop
	endfacet
	facet normal -1 0 0
		outer loop
			vertex -399.20928955078125 114.48088836669922 18.933530807495117
			vertex -399.20928955078125 115.11642456054688 23.933530807495117
			vertex -399.20928955078125 115.11642456054688 18.933530807495117
		endloop
	endfacet
	facet normal 0 0 1
		outer loop
			vertex -398.7008361816406 114.98931884765625 24.933530807495117
			vertex -399.0821838378906 114.98931884765625 24.933530807495117
			vertex -399.0821838378906 114.60799407958984 24.933530807495117
		endloop
	endfacet
	facet normal 0 0 1
		outer loop
			vertex -398.7008361816406 114.98931884765625 24.933530807495117
			vertex -399.0821838378906 114.60799407958984 24.933530807495117
			vertex -398.7008361816406 114.60799407958984 24.933530807495117
		endloop
	endfacet
	facet normal 0 -0.9920186489212682 0.12609123757193244
		outer loop
			vertex -398.8915100097656 114.54444122314453 24.433530807495117
			vertex -399.0821838378906 114.60799407958984 24.933530807495117
			vertex -399.20928955078125 114.48088836669922 23.933530807495117
		endloop
	endfacet
	facet normal 0 -0.9920186489212683 0.12609123757193244
		outer loop
			vertex -398.8915100097656 114.54444122314453 24.433530807495117
			vertex -399.20928955078125 114.48088836669922 23.933530807495117
			vertex -398.57373046875 114.48088836669922 23.933530807495117
		endloop
	endfacet
	facet normal 0 -0.9920186489212682 0.12609123757193244
		outer loop
			vertex -398.8915100097656 114.54444122314453 24.433530807495117
			vertex -398.57373046875 114.48088836669922 23.933530807495117
			vertex -398.7008361816406 114.60799407958984 24.933530807495117
		endloop
	endfacet
	facet normal 0 -0.9920186489212683 0.12609123757193244
		outer loop
			vertex -398.8915100097656 114.54444122314453 24.433530807495117
			vertex -398.7008361816406 114.60799407958984 24.933530807495117
			vertex -399.0821838378906 114.60799407958984 24.933530807495117
		endloop
	endfacet
	facet normal 0 0.9920186489212683 0.12609123757193244
		outer loop
			vertex -398.8915100097656 115.05287170410156 24.433530807495117
			vertex -399.0821838378906 114.98931884765625 24.933530807495117
			vertex -398.7008361816406 114.98931884765625 24.933530807495117
		endloop
	endfacet
	facet normal 0 0.9920186489212682 0.12609123757193244
		outer loop
			vertex -398.8915100097656 115.05287170410156 24.433530807495117
			vertex -398.7008361816406 114.98931884765625 24.933530807495117
			vertex -398.57373046875 115.11642456054688 23.933530807495117
		endloop
	endfacet
	facet normal 0 0.9920186489212683 0.12609123757193244
		outer loop
			vertex -398.8915100097656 115.05287170410156 24.433530807495117
			vertex -398.57373046875 115.11642456054688 23.933530807495117
			vertex -399.20928955078125 115.11642456054688 23.933530807495117
		endloop
	endfacet
	facet normal 0 0.9920186489212682 0.12609123757193244
		outer loop
			vertex -398.8915100097656 115.05287170410156 24.433530807495117
			vertex -399.20928955078125 115.11642456054688 23.933530807495117
			vertex -399.0821838378906 114.98931884765625 24.933530807495117
		endloop
	endfacet
	facet normal 0.9920186489212683 0 0.12609123757193247
		outer loop
			vertex -398.57373046875 115.11642456054688 23.933530807495117
			vertex -398.7008361816406 114.98931884765625 24.933530807495117
			vertex -398.7008361816406 114.60799407958984 24.933530807495117
		endloop
	endfacet
	facet normal 0.9920186489212683 0 0.12609123757193247
		outer loop
			vertex -398.57373046875 114.48088836669922 23.933530807495117
			vertex -398.57373046875 115.11642456054688 23.933530807495117
			vertex -398.7008361816406 114.60799407958984 24.933530807495117
		endloop
	endfacet
	facet normal -0.9920195938122145 -0.000059543206615180486 0.12608378939124515
		outer loop
			vertex -399.1457214355469 114.79865264892578 24.433530807495117
			vertex -399.0821838378906 114.98931884765625 24.933530807495117
			vertex -399.20928955078125 115.11642456054688 23.933530807495117
		endloop
	endfacet
	facet normal -0.9920148616685026 0 0.1261210300815119
		outer loop
			vertex -399.1457214355469 114.79865264892578 24.433530807495117
			vertex -399.20928955078125 115.11642456054688 23.933530807495117
			vertex -399.20928955078125 114.48088836669922 23.933530807495117
		endloop
	endfacet
	facet normal -0.992019593840519 0.00005954499362788229 0.1260837891677033
		outer loop
			vertex -399.1457214355469 114.79865264892578 24.433530807495117
			vertex -399.20928955078125 114.48088836669922 23.933530807495117
			vertex -399.0821838378906 114.60799407958984 24.933530807495117
		endloop
	endfacet
	facet normal -0.9920224353081998 0 0.12606144472117137
		outer loop
			vertex -399.1457214355469 114.79865264892578 24.433530807495117
			vertex -399.0821838378906 114.60799407958984 24.933530807495117
			vertex -399.0821838378906 114.98931884765625 24.933530807495117
		endloop
	endfacet
	facet normal 0 1 0
		outer loop
			vertex -401.75146484375 115.11642456054688 23.933530807495117
			vertex -401.11590576171875 115.11642456054688 18.933530807495117
			vertex -401.75146484375 115.11642456054688 18.933530807495117
		endloop
	endfacet
	facet normal 0 1 0
		outer loop
			vertex -401.11590576171875 115.11642456054688 23.933530807495117
			vertex -401.11590576171875 115.11642456054688 18.933530807495117
			vertex -401.75146484375 115.11642456054688 23.933530807495117
		endloop
	endfacet
	facet normal 1 0 0
		outer loop
			vertex -401.11590576171875 115.11642456054688 23.933530807495117
			vertex -401.11590576171875 114.48088836669922 18.933530807495117
			vertex -401.11590576171875 115.11642456054688 18.933530807495117
		endloop
	endfacet
	facet normal 1 0 0
		outer loop
			vertex -401.11590576171875 114.48088836669922 23.933530807495117
			vertex -401.11590576171875 114.48088836669922 18.933530807495117
			vertex -401.11590576171875 115.11642456054688 23.933530807495117
		endloop
	endfacet
	facet normal 0 -1 0
		outer loop
			vertex -401.11590576171875 114.48088836669922 18.933530807495117
			vertex -401.11590576171875 114.48088836669922 23.933530807495117
			vertex -401.75146484375 114.48088836669922 23.933530807495117
		endloop
	endfacet
	facet normal 0 -1 0
		outer loop
			vertex -401.11590576171875 114.48088836669922 18.933530807495117
			vertex -401.75146484375 114.48088836669922 23.933530807495117
			vertex -401.75146484375 114.48088836669922 18.933530807495117
		endloop
	endfacet
	facet normal -1 0 0
		outer loop
			vertex -401.75146484375 114.48088836669922 18.933530807495117
			vertex -401.75146484375 114.48088836669922 23.933530807495117
			vertex -401.75146484375 115.11642456054688 23.933530807495117
		endloop
	endfacet
	facet normal -1 0 0
		outer loop
			vertex -401.75146484375 114.48088836669922 18.933530807495117
			vertex -401.75146484375 115.11642456054688 23.933530807495117
			vertex -401.75146484375 115.11642456054688 18.933530807495117
		endloop
	endfacet
	facet normal 0 0 1
		outer loop
			vertex -401.2430114746094 114.60799407958984 24.933530807495117
			vertex -401.6243591308594 114.98931884765625 24.933530807495117
			vertex -401.6243591308594 114.60799407958984 24.933530807495117
		endloop
	endfacet
	facet normal 0 0 1
		outer loop
			vertex -401.2430114746094 114.98931884765625 24.933530807495117
			vertex -401.6243591308594 114.98931884765625 24.933530807495117
			vertex -401.2430114746094 114.60799407958984 24.933530807495117
		endloop
	endfacet
	facet normal 0 -0.9920186489212682 0.12609123757193244
		outer loop
			vertex -401.4336853027344 114.54444122314453 24.433530807495117
			vertex -401.6243591308594 114.60799407958984 24.933530807495117
			vertex -401.75146484375 114.48088836669922 23.933530807495117
		endloop
	endfacet
	facet normal 0 -0.9920186489212683 0.12609123757193244
		outer loop
			vertex -401.4336853027344 114.54444122314453 24.433530807495117
			vertex -401.75146484375 114.48088836669922 23.933530807495117
			vertex -401.11590576171875 114.48088836669922 23.933530807495117
		endloop
	endfacet
	facet normal 0 -0.9920186489212682 0.12609123757193244
		outer loop
			vertex -401.4336853027344 114.54444122314453 24.433530807495117
			vertex -401.11590576171875 114.48088836669922 23.933530807495117
			vertex -401.2430114746094 114.60799407958984 24.933530807495117
		endloop
	endfacet
	facet normal 0 -0.9920186489212683 0.12609123757193244
		outer loop
			vertex -401.4336853027344 114.54444122314453 24.433530807495117
			vertex -401.2430114746094 114.60799407958984 24.933530807495117
			vertex -401.6243591308594 114.60799407958984 24.933530807495117
		endloop
	endfacet
	facet normal 0 0.9920186489212683 0.12609123757193244
		outer loop
			vertex -401.4336853027344 115.05287170410156 24.433530807495117
			vertex -401.6243591308594 114.98931884765625 24.933530807495117
			vertex -401.2430114746094 114.98931884765625 24.933530807495117
		endloop
	endfacet
	facet normal 0 0.9920186489212682 0.12609123757193244
		outer loop
			vertex -401.4336853027344 115.05287170410156 24.433530807495117
			vertex -401.2430114746094 114.98931884765625 24.933530807495117
			vertex -401.11590576171875 115.11642456054688 23.933530807495117
		endloop
	endfacet
	facet normal 0 0.9920186489212683 0.12609123757193244
		outer loop
			vertex -401.4336853027344 115.05287170410156 24.433530807495117
			vertex -401.11590576171875 115.11642456054688 23.933530807495117
			vertex -401.75146484375 115.11642456054688 23.933530807495117
		endloop
	endfacet
	facet normal 0 0.9920186489212682 0.12609123757193244
		outer loop
			vertex -401.4336853027344 115.05287170410156 24.433530807495117
			vertex -401.75146484375 115.11642456054688 23.933530807495117
			vertex -401.6243591308594 114.98931884765625 24.933530807495117
		endloop
	endfacet
	facet normal 0.9920223751702555 0 0.12606191796718413
		outer loop
			vertex -401.1794738769531 114.79866027832031 24.43353271484375
			vertex -401.2430114746094 114.98931884765625 24.933530807495117
			vertex -401.2430114746094 114.60799407958984 24.933530807495117
		endloop
	endfacet
	facet normal 0.9920195788283894 0.000058597226395523166 0.1260839077262056
		outer loop
			vertex -401.1794738769531 114.79866027832031 24.43353271484375
			vertex -401.2430114746094 114.60799407958984 24.933530807495117
			vertex -401.11590576171875 114.48088836669922 23.933530807495117
		endloop
	endfacet
	facet normal 0.9920149218621734 0 0.12612055662256583
		outer loop
			vertex -401.1794738769531 114.79866027832031 24.43353271484375
			vertex -401.11590576171875 114.48088836669922 23.933530807495117
			vertex -401.11590576171875 115.11642456054688 23.933530807495117
		endloop
	endfacet
	facet normal 0.9920195788562457 -0.000058598985019085765 0.12608390750621518
		outer loop
			vertex -401.1794738769531 114.79866027832031 24.43353271484375
			vertex -401.11590576171875 115.11642456054688 23.933530807495117
			vertex -401.2430114746094 114.98931884765625 24.933530807495117
		endloop
	endfacet
	facet normal -0.992019593840519 -0.00005954499362788229 0.1260837891677033
		outer loop
			vertex -401.6878967285156 114.79866027832031 24.433530807495117
			vertex -401.6243591308594 114.98931884765625 24.933530807495117
			vertex -401.75146484375 115.11642456054688 23.933530807495117
		endloop
	endfacet
	facet normal -0.9920148616685026 0 0.1261210300815119
		outer loop
			vertex -401.6878967285156 114.79866027832031 24.433530807495117
			vertex -401.75146484375 115.11642456054688 23.933530807495117
			vertex -401.75146484375 114.48088836669922 23.933530807495117
		endloop
	endfacet
	facet normal -0.9920195938122145 0.000059543206615180486 0.12608378939124515
		outer loop
			vertex -401.6878967285156 114.79866027832031 24.433530807495117
			vertex -401.75146484375 114.48088836669922 23.933530807495117
			vertex -401.6243591308594 114.60799407958984 24.933530807495117
		endloop
	endfacet
	facet normal -0.9920224353081998 0 0.12606144472117137
		outer loop
			vertex -401.6878967285156 114.79866027832031 24.433530807495117
			vertex -401.6243591308594 114.60799407958984 24.933530807495117
			vertex -401.6243591308594 114.98931884765625 24.933530807495117
		endloop
	endfacet
	facet normal 0 1 0
		outer loop
			vertex -440.265380859375 131.3015899658203 20.933530807495117
			vertex -440.265380859375 131.3015899658203 17.933530807495117
			vertex -452.9621276855469 131.3015899658203 17.933530807495117
		endloop
	endfacet
	facet normal 0 1 0
		outer loop
			vertex -440.265380859375 131.3015899658203 20.933530807495117
			vertex -452.9621276855469 131.3015899658203 17.933530807495117
			vertex -452.9621276855469 131.3015899658203 20.933530807495117
		endloop
	endfacet
	facet normal -1 0 0
		outer loop
			vertex -452.9621276855469 126.21725463867188 17.933530807495117
			vertex -452.9621276855469 126.21725463867188 20.933530807495117
			vertex -452.9621276855469 131.3015899658203 20.933530807495117
		endloop
	endfacet
	facet normal -1 0 0
		outer loop
			vertex -452.9621276855469 126.21725463867188 17.933530807495117
			vertex -452.9621276855469 131.3015899658203 20.933530807495117
			vertex -452.9621276855469 131.3015899658203 17.933530807495117
		endloop
	endfacet
	facet normal 0 -1 0
		outer loop
			vertex -440.265380859375 126.21725463867188 17.933530807495117
			vertex -440.265380859375 126.21725463867188 20.933530807495117
			vertex -452.9621276855469 126.21725463867188 20.933530807495117
		endloop
	endfacet
	facet normal 0 -1 0
		outer loop
			vertex -440.265380859375 126.21725463867188 17.933530807495117
			vertex -452.9621276855469 126.21725463867188 20.933530807495117
			vertex -452.9621276855469 126.21725463867188 17.933530807495117
		endloop
	endfacet
	facet normal 1 0 0
		outer loop
			vertex -440.265380859375 126.21725463867188 20.933530807495117
			vertex -440.265380859375 126.21725463867188 17.933530807495117
			vertex -440.265380859375 131.3015899658203 17.933530807495117
		endloop
	endfacet
	facet normal 1 0 0
		outer loop
			vertex -440.265380859375 126.21725463867188 20.933530807495117
			vertex -440.265380859375 131.3015899658203 17.933530807495117
			vertex -440.265380859375 131.3015899658203 20.933530807495117
		endloop
	endfacet
	facet normal 0 0 -1
		outer loop
			vertex -452.9621276855469 126.21725463867188 17.933530807495117
			vertex -440.265380859375 131.3015899658203 17.933530807495117
			vertex -440.265380859375 126.21725463867188 17.933530807495117
		endloop
	endfacet
	facet normal 0 0 -1
		outer loop
			vertex -452.9621276855469 131.3015899658203 17.933530807495117
			vertex -440.265380859375 131.3015899658203 17.933530807495117
			vertex -452.9621276855469 126.21725463867188 17.933530807495117
		endloop
	endfacet
	facet normal 0 0 1
		outer loop
			vertex -452.015869140625 127.80611419677734 20.933530807495117
			vertex -452.9621276855469 126.21725463867188 20.933530807495117
			vertex -452.015869140625 127.17057800292969 20.933530807495117
		endloop
	endfacet
	facet normal 0 0 1
		outer loop
			vertex -451.3803405761719 127.17057800292969 20.933530807495117
			vertex -452.015869140625 127.17057800292969 20.933530807495117
			vertex -452.9621276855469 126.21725463867188 20.933530807495117
		endloop
	endfacet
	facet normal 0 0 1
		outer loop
			vertex -449.47369384765625 127.17057037353516 20.933530807495117
			vertex -451.3803405761719 127.17057800292969 20.933530807495117
			vertex -452.9621276855469 126.21725463867188 20.933530807495117
		endloop
	endfacet
	facet normal 0 0 1
		outer loop
			vertex -452.015869140625 129.71275329589844 20.933530807495117
			vertex -452.015869140625 127.80611419677734 20.933530807495117
			vertex -451.3803405761719 127.80611419677734 20.933530807495117
		endloop
	endfacet
	facet normal 0 0 1
		outer loop
			vertex -449.47369384765625 127.80611419677734 20.933530807495117
			vertex -451.3803405761719 127.80611419677734 20.933530807495117
			vertex -451.3803405761719 127.17057800292969 20.933530807495117
		endloop
	endfacet
	facet normal 0 0 1
		outer loop
			vertex -449.47369384765625 127.80611419677734 20.933530807495117
			vertex -451.3803405761719 127.17057800292969 20.933530807495117
			vertex -449.47369384765625 127.17057037353516 20.933530807495117
		endloop
	endfacet
	facet normal 0 0 1
		outer loop
			vertex -448.8381652832031 127.17057037353516 20.933530807495117
			vertex -449.47369384765625 127.17057037353516 20.933530807495117
			vertex -452.9621276855469 126.21725463867188 20.933530807495117
		endloop
	endfacet
	facet normal 0 0 1
		outer loop
			vertex -451.3803405761719 129.71275329589844 20.933530807495117
			vertex -452.015869140625 129.71275329589844 20.933530807495117
			vertex -451.3803405761719 127.80611419677734 20.933530807495117
		endloop
	endfacet
	facet normal 0 0 1
		outer loop
			vertex -452.9621276855469 131.3015899658203 20.933530807495117
			vertex -452.015869140625 129.71275329589844 20.933530807495117
			vertex -452.015869140625 130.34829711914062 20.933530807495117
		endloop
	endfacet
	facet normal 0 0 1
		outer loop
			vertex -452.9621276855469 131.3015899658203 20.933530807495117
			vertex -452.015869140625 127.80611419677734 20.933530807495117
			vertex -452.015869140625 129.71275329589844 20.933530807495117
		endloop
	endfacet
	facet normal 0 0 1
		outer loop
			vertex -452.9621276855469 131.3015899658203 20.933530807495117
			vertex -452.9621276855469 126.21725463867188 20.933530807495117
			vertex -452.015869140625 127.80611419677734 20.933530807495117
		endloop
	endfacet
	facet normal 0 0 1
		outer loop
			vertex -451.3803405761719 130.34829711914062 20.933530807495117
			vertex -452.9621276855469 131.3015899658203 20.933530807495117
			vertex -452.015869140625 130.34829711914062 20.933530807495117
		endloop
	endfacet
	facet normal 0 0 1
		outer loop
			vertex -446.9315490722656 127.17057037353516 20.933530807495117
			vertex -448.8381652832031 127.80611419677734 20.933530807495117
			vertex -448.8381652832031 127.17057037353516 20.933530807495117
		endloop
	endfacet
	facet normal 0 0 1
		outer loop
			vertex -446.9315490722656 127.17057037353516 20.933530807495117
			vertex -448.8381652832031 127.17057037353516 20.933530807495117
			vertex -452.9621276855469 126.21725463867188 20.933530807495117
		endloop
	endfacet
	facet normal 0 0 1
		outer loop
			vertex -449.47369384765625 129.71275329589844 20.933530807495117
			vertex -451.3803405761719 127.80611419677734 20.933530807495117
			vertex -449.47369384765625 127.80611419677734 20.933530807495117
		endloop
	endfacet
	facet normal 0 0 1
		outer loop
			vertex -449.47369384765625 129.71275329589844 20.933530807495117
			vertex -451.3803405761719 129.71275329589844 20.933530807495117
			vertex -451.3803405761719 127.80611419677734 20.933530807495117
		endloop
	endfacet
	facet normal 0 0 1
		outer loop
			vertex -446.9315490722656 127.80611419677734 20.933530807495117
			vertex -448.8381652832031 127.80611419677734 20.933530807495117
			vertex -446.9315490722656 127.17057037353516 20.933530807495117
		endloop
	endfacet
	facet normal 0 0 1
		outer loop
			vertex -446.2959899902344 127.17057037353516 20.933530807495117
			vertex -446.9315490722656 127.17057037353516 20.933530807495117
			vertex -452.9621276855469 126.21725463867188 20.933530807495117
		endloop
	endfacet
	facet normal 0 0 1
		outer loop
			vertex -449.47369384765625 130.34829711914062 20.933530807495117
			vertex -451.3803405761719 130.34829711914062 20.933530807495117
			vertex -451.3803405761719 129.71275329589844 20.933530807495117
		endloop
	endfacet
	facet normal 0 0 1
		outer loop
			vertex -449.47369384765625 130.34829711914062 20.933530807495117
			vertex -451.3803405761719 129.71275329589844 20.933530807495117
			vertex -449.47369384765625 129.71275329589844 20.933530807495117
		endloop
	endfacet
	facet normal 0 0 1
		outer loop
			vertex -449.47369384765625 130.34829711914062 20.933530807495117
			vertex -452.9621276855469 131.3015899658203 20.933530807495117
			vertex -451.3803405761719 130.34829711914062 20.933530807495117
		endloop
	endfacet
	facet normal 0 0 1
		outer loop
			vertex -448.8381652832031 129.71275329589844 20.933530807495117
			vertex -449.47369384765625 127.80611419677734 20.933530807495117
			vertex -448.8381652832031 127.80611419677734 20.933530807495117
		endloop
	endfacet
	facet normal 0 0 1
		outer loop
			vertex -448.8381652832031 129.71275329589844 20.933530807495117
			vertex -449.47369384765625 129.71275329589844 20.933530807495117
			vertex -449.47369384765625 127.80611419677734 20.933530807495117
		endloop
	endfacet
	facet normal 0 0 1
		outer loop
			vertex -446.9315490722656 129.71275329589844 20.933530807495117
			vertex -448.8381652832031 130.34829711914062 20.933530807495117
			vertex -448.8381652832031 129.71275329589844 20.933530807495117
		endloop
	endfacet
	facet normal 0 0 1
		outer loop
			vertex -446.9315490722656 129.71275329589844 20.933530807495117
			vertex -446.9315490722656 127.80611419677734 20.933530807495117
			vertex -446.2959899902344 127.80611419677734 20.933530807495117
		endloop
	endfacet
	facet normal 0 0 1
		outer loop
			vertex -446.9315490722656 129.71275329589844 20.933530807495117
			vertex -448.8381652832031 129.71275329589844 20.933530807495117
			vertex -448.8381652832031 127.80611419677734 20.933530807495117
		endloop
	endfacet
	facet normal 0 0 1
		outer loop
			vertex -446.9315490722656 129.71275329589844 20.933530807495117
			vertex -448.8381652832031 127.80611419677734 20.933530807495117
			vertex -446.9315490722656 127.80611419677734 20.933530807495117
		endloop
	endfacet
	facet normal 0 0 1
		outer loop
			vertex -444.3893737792969 127.80611419677734 20.933530807495117
			vertex -446.2959899902344 127.80611419677734 20.933530807495117
			vertex -446.2959899902344 127.17057037353516 20.933530807495117
		endloop
	endfacet
	facet normal 0 0 1
		outer loop
			vertex -444.3893737792969 127.80611419677734 20.933530807495117
			vertex -446.2959899902344 127.17057037353516 20.933530807495117
			vertex -444.3893737792969 127.17057037353516 20.933530807495117
		endloop
	endfacet
	facet normal 0 0 1
		outer loop
			vertex -446.9315490722656 130.34829711914062 20.933530807495117
			vertex -448.8381652832031 130.34829711914062 20.933530807495117
			vertex -446.9315490722656 129.71275329589844 20.933530807495117
		endloop
	endfacet
	facet normal 0 0 1
		outer loop
			vertex -446.2959899902344 129.71275329589844 20.933530807495117
			vertex -446.9315490722656 129.71275329589844 20.933530807495117
			vertex -446.2959899902344 127.80611419677734 20.933530807495117
		endloop
	endfacet
	facet normal 0 0 1
		outer loop
			vertex -444.3893737792969 129.71275329589844 20.933530807495117
			vertex -446.2959899902344 127.80611419677734 20.933530807495117
			vertex -444.3893737792969 127.80611419677734 20.933530807495117
		endloop
	endfacet
	facet normal 0 0 1
		outer loop
			vertex -444.3893737792969 129.71275329589844 20.933530807495117
			vertex -446.2959899902344 129.71275329589844 20.933530807495117
			vertex -446.2959899902344 127.80611419677734 20.933530807495117
		endloop
	endfacet
	facet normal 0 0 1
		outer loop
			vertex -440.265380859375 126.21725463867188 20.933530807495117
			vertex -441.8471984863281 127.17057037353516 20.933530807495117
			vertex -443.7538146972656 127.17057037353516 20.933530807495117
		endloop
	endfacet
	facet normal 0 0 1
		outer loop
			vertex -440.265380859375 126.21725463867188 20.933530807495117
			vertex -443.7538146972656 127.17057037353516 20.933530807495117
			vertex -444.3893737792969 127.17057037353516 20.933530807495117
		endloop
	endfacet
	facet normal 0 0 1
		outer loop
			vertex -440.265380859375 126.21725463867188 20.933530807495117
			vertex -444.3893737792969 127.17057037353516 20.933530807495117
			vertex -446.2959899902344 127.17057037353516 20.933530807495117
		endloop
	endfacet
	facet normal 0 0 1
		outer loop
			vertex -440.265380859375 126.21725463867188 20.933530807495117
			vertex -446.2959899902344 127.17057037353516 20.933530807495117
			vertex -452.9621276855469 126.21725463867188 20.933530807495117
		endloop
	endfacet
	facet normal 0 0 1
		outer loop
			vertex -441.8471984863281 127.80611419677734 20.933530807495117
			vertex -443.7538146972656 127.17057037353516 20.933530807495117
			vertex -441.8471984863281 127.17057037353516 20.933530807495117
		endloop
	endfacet
	facet normal 0 0 1
		outer loop
			vertex -441.8471984863281 127.80611419677734 20.933530807495117
			vertex -443.7538146972656 127.80611419677734 20.933530807495117
			vertex -443.7538146972656 127.17057037353516 20.933530807495117
		endloop
	endfacet
	facet normal 0 0 1
		outer loop
			vertex -441.2116394042969 127.17057037353516 20.933530807495117
			vertex -441.8471984863281 127.17057037353516 20.933530807495117
			vertex -440.265380859375 126.21725463867188 20.933530807495117
		endloop
	endfacet
	facet normal 0 0 1
		outer loop
			vertex -444.3893737792969 130.34829711914062 20.933530807495117
			vertex -446.2959899902344 129.71275329589844 20.933530807495117
			vertex -444.3893737792969 129.71275329589844 20.933530807495117
		endloop
	endfacet
	facet normal 0 0 1
		outer loop
			vertex -444.3893737792969 130.34829711914062 20.933530807495117
			vertex -446.2959899902344 130.34829711914062 20.933530807495117
			vertex -446.2959899902344 129.71275329589844 20.933530807495117
		endloop
	endfacet
	facet normal 0 0 1
		outer loop
			vertex -443.7538146972656 129.71275329589844 20.933530807495117
			vertex -444.3893737792969 129.71275329589844 20.933530807495117
			vertex -444.3893737792969 127.80611419677734 20.933530807495117
		endloop
	endfacet
	facet normal 0 0 1
		outer loop
			vertex -443.7538146972656 129.71275329589844 20.933530807495117
			vertex -444.3893737792969 127.80611419677734 20.933530807495117
			vertex -443.7538146972656 127.80611419677734 20.933530807495117
		endloop
	endfacet
	facet normal 0 0 1
		outer loop
			vertex -441.2116394042969 127.80611419677734 20.933530807495117
			vertex -441.2116394042969 127.17057037353516 20.933530807495117
			vertex -440.265380859375 126.21725463867188 20.933530807495117
		endloop
	endfacet
	facet normal 0 0 1
		outer loop
			vertex -441.8471984863281 129.71275329589844 20.933530807495117
			vertex -441.8471984863281 127.80611419677734 20.933530807495117
			vertex -441.2116394042969 127.80611419677734 20.933530807495117
		endloop
	endfacet
	facet normal 0 0 1
		outer loop
			vertex -441.8471984863281 129.71275329589844 20.933530807495117
			vertex -443.7538146972656 127.80611419677734 20.933530807495117
			vertex -441.8471984863281 127.80611419677734 20.933530807495117
		endloop
	endfacet
	facet normal 0 0 1
		outer loop
			vertex -441.8471984863281 129.71275329589844 20.933530807495117
			vertex -443.7538146972656 129.71275329589844 20.933530807495117
			vertex -443.7538146972656 127.80611419677734 20.933530807495117
		endloop
	endfacet
	facet normal 0 0 1
		outer loop
			vertex -441.8471984863281 130.34829711914062 20.933530807495117
			vertex -443.7538146972656 130.34829711914062 20.933530807495117
			vertex -443.7538146972656 129.71275329589844 20.933530807495117
		endloop
	endfacet
	facet normal 0 0 1
		outer loop
			vertex -441.8471984863281 130.34829711914062 20.933530807495117
			vertex -443.7538146972656 129.71275329589844 20.933530807495117
			vertex -441.8471984863281 129.71275329589844 20.933530807495117
		endloop
	endfacet
	facet normal 0 0 1
		outer loop
			vertex -441.2116394042969 129.71275329589844 20.933530807495117
			vertex -441.8471984863281 129.71275329589844 20.933530807495117
			vertex -441.2116394042969 127.80611419677734 20.933530807495117
		endloop
	endfacet
	facet normal 0 0 1
		outer loop
			vertex -440.265380859375 131.3015899658203 20.933530807495117
			vertex -441.8471984863281 130.34829711914062 20.933530807495117
			vertex -441.2116394042969 130.34829711914062 20.933530807495117
		endloop
	endfacet
	facet normal 0 0 1
		outer loop
			vertex -440.265380859375 131.3015899658203 20.933530807495117
			vertex -441.2116394042969 130.34829711914062 20.933530807495117
			vertex -441.2116394042969 129.71275329589844 20.933530807495117
		endloop
	endfacet
	facet normal 0 0 1
		outer loop
			vertex -440.265380859375 131.3015899658203 20.933530807495117
			vertex -441.2116394042969 127.80611419677734 20.933530807495117
			vertex -440.265380859375 126.21725463867188 20.933530807495117
		endloop
	endfacet
	facet normal 0 0 1
		outer loop
			vertex -440.265380859375 131.3015899658203 20.933530807495117
			vertex -443.7538146972656 130.34829711914062 20.933530807495117
			vertex -441.8471984863281 130.34829711914062 20.933530807495117
		endloop
	endfacet
	facet normal 0 0 1
		outer loop
			vertex -440.265380859375 131.3015899658203 20.933530807495117
			vertex -441.2116394042969 129.71275329589844 20.933530807495117
			vertex -441.2116394042969 127.80611419677734 20.933530807495117
		endloop
	endfacet
	facet normal 0 0 1
		outer loop
			vertex -440.265380859375 131.3015899658203 20.933530807495117
			vertex -452.9621276855469 131.3015899658203 20.933530807495117
			vertex -449.47369384765625 130.34829711914062 20.933530807495117
		endloop
	endfacet
	facet normal 0 0 1
		outer loop
			vertex -440.265380859375 131.3015899658203 20.933530807495117
			vertex -449.47369384765625 130.34829711914062 20.933530807495117
			vertex -448.8381652832031 130.34829711914062 20.933530807495117
		endloop
	endfacet
	facet normal 0 0 1
		outer loop
			vertex -440.265380859375 131.3015899658203 20.933530807495117
			vertex -448.8381652832031 130.34829711914062 20.933530807495117
			vertex -446.9315490722656 130.34829711914062 20.933530807495117
		endloop
	endfacet
	facet normal 0 0 1
		outer loop
			vertex -440.265380859375 131.3015899658203 20.933530807495117
			vertex -446.9315490722656 130.34829711914062 20.933530807495117
			vertex -446.2959899902344 130.34829711914062 20.933530807495117
		endloop
	endfacet
	facet normal 0 0 1
		outer loop
			vertex -440.265380859375 131.3015899658203 20.933530807495117
			vertex -446.2959899902344 130.34829711914062 20.933530807495117
			vertex -444.3893737792969 130.34829711914062 20.933530807495117
		endloop
	endfacet
	facet normal 0 0 1
		outer loop
			vertex -440.265380859375 131.3015899658203 20.933530807495117
			vertex -444.3893737792969 130.34829711914062 20.933530807495117
			vertex -443.7538146972656 130.34829711914062 20.933530807495117
		endloop
	endfacet
	facet normal -1 0 0
		outer loop
			vertex -441.8471984863281 127.80611419677734 20.933530807495117
			vertex -441.8471984863281 127.17057037353516 25.933530807495117
			vertex -441.8471984863281 127.80611419677734 25.933530807495117
		endloop
	endfacet
	facet normal -1 0 0
		outer loop
			vertex -441.8471984863281 127.17057037353516 20.933530807495117
			vertex -441.8471984863281 127.17057037353516 25.933530807495117
			vertex -441.8471984863281 127.80611419677734 20.933530807495117
		endloop
	endfacet
	facet normal 0 1 0
		outer loop
			vertex -441.2116394042969 127.80611419677734 25.933530807495117
			vertex -441.2116394042969 127.80611419677734 20.933530807495117
			vertex -441.8471984863281 127.80611419677734 20.933530807495117
		endloop
	endfacet
	facet normal 0 1 0
		outer loop
			vertex -441.2116394042969 127.80611419677734 25.933530807495117
			vertex -441.8471984863281 127.80611419677734 20.933530807495117
			vertex -441.8471984863281 127.80611419677734 25.933530807495117
		endloop
	endfacet
	facet normal 1 0 0
		outer loop
			vertex -441.2116394042969 127.17057037353516 25.933530807495117
			vertex -441.2116394042969 127.17057037353516 20.933530807495117
			vertex -441.2116394042969 127.80611419677734 20.933530807495117
		endloop
	endfacet
	facet normal 1 0 0
		outer loop
			vertex -441.2116394042969 127.17057037353516 25.933530807495117
			vertex -441.2116394042969 127.80611419677734 20.933530807495117
			vertex -441.2116394042969 127.80611419677734 25.933530807495117
		endloop
	endfacet
	facet normal 0 -1 0
		outer loop
			vertex -441.2116394042969 127.17057037353516 20.933530807495117
			vertex -441.2116394042969 127.17057037353516 25.933530807495117
			vertex -441.8471984863281 127.17057037353516 25.933530807495117
		endloop
	endfacet
	facet normal 0 -1 0
		outer loop
			vertex -441.2116394042969 127.17057037353516 20.933530807495117
			vertex -441.8471984863281 127.17057037353516 25.933530807495117
			vertex -441.8471984863281 127.17057037353516 20.933530807495117
		endloop
	endfacet
	facet normal 0 0 1
		outer loop
			vertex -441.7200927734375 127.67900848388672 26.933530807495117
			vertex -441.7200927734375 127.29768371582031 26.933530807495117
			vertex -441.3387451171875 127.29768371582031 26.933530807495117
		endloop
	endfacet
	facet normal 0 0 1
		outer loop
			vertex -441.3387451171875 127.67900848388672 26.933530807495117
			vertex -441.7200927734375 127.67900848388672 26.933530807495117
			vertex -441.3387451171875 127.29768371582031 26.933530807495117
		endloop
	endfacet
	facet normal 0.9920195938831873 0.00005954410011153418 0.12608378883241228
		outer loop
			vertex -441.27520751953125 127.48834228515625 26.433530807495117
			vertex -441.3387451171875 127.29768371582031 26.933530807495117
			vertex -441.2116394042969 127.17057037353516 25.933530807495117
		endloop
	endfacet
	facet normal 0.9920148616685026 0 0.1261210300815119
		outer loop
			vertex -441.27520751953125 127.48834228515625 26.433530807495117
			vertex -441.2116394042969 127.17057037353516 25.933530807495117
			vertex -441.2116394042969 127.80611419677734 25.933530807495117
		endloop
	endfacet
	facet normal 0.9920195938122145 -0.000059543206615180486 0.12608378939124515
		outer loop
			vertex -441.27520751953125 127.48834228515625 26.433530807495117
			vertex -441.2116394042969 127.80611419677734 25.933530807495117
			vertex -441.3387451171875 127.67900848388672 26.933530807495117
		endloop
	endfacet
	facet normal 0.9920224353081998 0 0.12606144472117137
		outer loop
			vertex -441.27520751953125 127.48834228515625 26.433530807495117
			vertex -441.3387451171875 127.67900848388672 26.933530807495117
			vertex -441.3387451171875 127.29768371582031 26.933530807495117
		endloop
	endfacet
	facet normal -0.9920224353081998 0 0.12606144472117137
		outer loop
			vertex -441.78363037109375 127.48834228515625 26.433530807495117
			vertex -441.7200927734375 127.29768371582031 26.933530807495117
			vertex -441.7200927734375 127.67900848388672 26.933530807495117
		endloop
	endfacet
	facet normal -0.9920195938122145 -0.000059543206615180486 0.12608378939124515
		outer loop
			vertex -441.78363037109375 127.48834228515625 26.433530807495117
			vertex -441.7200927734375 127.67900848388672 26.933530807495117
			vertex -441.8471984863281 127.80611419677734 25.933530807495117
		endloop
	endfacet
	facet normal -0.9920148616685026 0 0.1261210300815119
		outer loop
			vertex -441.78363037109375 127.48834228515625 26.433530807495117
			vertex -441.8471984863281 127.80611419677734 25.933530807495117
			vertex -441.8471984863281 127.17057037353516 25.933530807495117
		endloop
	endfacet
	facet normal -0.9920195938831873 0.00005954410011153418 0.12608378883241228
		outer loop
			vertex -441.78363037109375 127.48834228515625 26.433530807495117
			vertex -441.8471984863281 127.17057037353516 25.933530807495117
			vertex -441.7200927734375 127.29768371582031 26.933530807495117
		endloop
	endfacet
	facet normal 0 0.9920185887551248 0.1260917109261768
		outer loop
			vertex -441.5294189453125 127.74256134033203 26.43353271484375
			vertex -441.7200927734375 127.67900848388672 26.933530807495117
			vertex -441.3387451171875 127.67900848388672 26.933530807495117
		endloop
	endfacet
	facet normal 9.460068115884694e-7 0.9920186338802549 0.1260913559030039
		outer loop
			vertex -441.5294189453125 127.74256134033203 26.43353271484375
			vertex -441.3387451171875 127.67900848388672 26.933530807495117
			vertex -441.2116394042969 127.80611419677734 25.933530807495117
		endloop
	endfacet
	facet normal 0 0.9920187090867343 0.1260907642212134
		outer loop
			vertex -441.5294189453125 127.74256134033203 26.43353271484375
			vertex -441.2116394042969 127.80611419677734 25.933530807495117
			vertex -441.8471984863281 127.80611419677734 25.933530807495117
		endloop
	endfacet
	facet normal -9.460068115884694e-7 0.9920186338802549 0.1260913559030039
		outer loop
			vertex -441.5294189453125 127.74256134033203 26.43353271484375
			vertex -441.8471984863281 127.80611419677734 25.933530807495117
			vertex -441.7200927734375 127.67900848388672 26.933530807495117
		endloop
	endfacet
	facet normal 0.000014885330093530068 -0.9920179387532179 0.1260968237912598
		outer loop
			vertex -441.5294189453125 127.234130859375 26.433530807495117
			vertex -441.7200927734375 127.29768371582031 26.933530807495117
			vertex -441.8471984863281 127.17057037353516 25.933530807495117
		endloop
	endfacet
	facet normal 0 -0.9920167554031128 0.12610613386937458
		outer loop
			vertex -441.5294189453125 127.234130859375 26.433530807495117
			vertex -441.8471984863281 127.17057037353516 25.933530807495117
			vertex -441.2116394042969 127.17057037353516 25.933530807495117
		endloop
	endfacet
	facet normal -0.000014885330093530068 -0.9920179387532179 0.1260968237912598
		outer loop
			vertex -441.5294189453125 127.234130859375 26.433530807495117
			vertex -441.2116394042969 127.17057037353516 25.933530807495117
			vertex -441.3387451171875 127.29768371582031 26.933530807495117
		endloop
	endfacet
	facet normal 0 -0.9920186489212683 0.12609123757193244
		outer loop
			vertex -441.5294189453125 127.234130859375 26.433530807495117
			vertex -441.3387451171875 127.29768371582031 26.933530807495117
			vertex -441.7200927734375 127.29768371582031 26.933530807495117
		endloop
	endfacet
	facet normal -1 0 0
		outer loop
			vertex -441.8471984863281 130.34829711914062 20.933530807495117
			vertex -441.8471984863281 129.71275329589844 25.933530807495117
			vertex -441.8471984863281 130.34829711914062 25.933530807495117
		endloop
	endfacet
	facet normal -1 0 0
		outer loop
			vertex -441.8471984863281 129.71275329589844 20.933530807495117
			vertex -441.8471984863281 129.71275329589844 25.933530807495117
			vertex -441.8471984863281 130.34829711914062 20.933530807495117
		endloop
	endfacet
	facet normal 0 1 0
		outer loop
			vertex -441.2116394042969 130.34829711914062 25.933530807495117
			vertex -441.2116394042969 130.34829711914062 20.933530807495117
			vertex -441.8471984863281 130.34829711914062 20.933530807495117
		endloop
	endfacet
	facet normal 0 1 0
		outer loop
			vertex -441.2116394042969 130.34829711914062 25.933530807495117
			vertex -441.8471984863281 130.34829711914062 20.933530807495117
			vertex -441.8471984863281 130.34829711914062 25.933530807495117
		endloop
	endfacet
	facet normal 1 0 0
		outer loop
			vertex -441.2116394042969 129.71275329589844 25.933530807495117
			vertex -441.2116394042969 129.71275329589844 20.933530807495117
			vertex -441.2116394042969 130.34829711914062 20.933530807495117
		endloop
	endfacet
	facet normal 1 0 0
		outer loop
			vertex -441.2116394042969 129.71275329589844 25.933530807495117
			vertex -441.2116394042969 130.34829711914062 20.933530807495117
			vertex -441.2116394042969 130.34829711914062 25.933530807495117
		endloop
	endfacet
	facet normal 0 -1 0
		outer loop
			vertex -441.2116394042969 129.71275329589844 20.933530807495117
			vertex -441.2116394042969 129.71275329589844 25.933530807495117
			vertex -441.8471984863281 129.71275329589844 25.933530807495117
		endloop
	endfacet
	facet normal 0 -1 0
		outer loop
			vertex -441.2116394042969 129.71275329589844 20.933530807495117
			vertex -441.8471984863281 129.71275329589844 25.933530807495117
			vertex -441.8471984863281 129.71275329589844 20.933530807495117
		endloop
	endfacet
	facet normal 0 0 1
		outer loop
			vertex -441.7200927734375 130.22119140625 26.933530807495117
			vertex -441.7200927734375 129.83985900878906 26.933530807495117
			vertex -441.3387451171875 129.83985900878906 26.933530807495117
		endloop
	endfacet
	facet normal 0 0 1
		outer loop
			vertex -441.3387451171875 130.22119140625 26.933530807495117
			vertex -441.7200927734375 130.22119140625 26.933530807495117
			vertex -441.3387451171875 129.83985900878906 26.933530807495117
		endloop
	endfacet
	facet normal 0.992019593840519 0.00005954499362788229 0.1260837891677033
		outer loop
			vertex -441.27520751953125 130.030517578125 26.433530807495117
			vertex -441.3387451171875 129.83985900878906 26.933530807495117
			vertex -441.2116394042969 129.71275329589844 25.933530807495117
		endloop
	endfacet
	facet normal 0.9920148616685026 0 0.1261210300815119
		outer loop
			vertex -441.27520751953125 130.030517578125 26.433530807495117
			vertex -441.2116394042969 129.71275329589844 25.933530807495117
			vertex -441.2116394042969 130.34829711914062 25.933530807495117
		endloop
	endfacet
	facet normal 0.9920195937839116 -0.000059541419709736005 0.1260837896147736
		outer loop
			vertex -441.27520751953125 130.030517578125 26.433530807495117
			vertex -441.2116394042969 130.34829711914062 25.933530807495117
			vertex -441.3387451171875 130.22119140625 26.933530807495117
		endloop
	endfacet
	facet normal 0.9920224353081996 0 0.12606144472117134
		outer loop
			vertex -441.27520751953125 130.030517578125 26.433530807495117
			vertex -441.3387451171875 130.22119140625 26.933530807495117
			vertex -441.3387451171875 129.83985900878906 26.933530807495117
		endloop
	endfacet
	facet normal -0.9920224353081996 0 0.12606144472117134
		outer loop
			vertex -441.78363037109375 130.030517578125 26.433530807495117
			vertex -441.7200927734375 129.83985900878906 26.933530807495117
			vertex -441.7200927734375 130.22119140625 26.933530807495117
		endloop
	endfacet
	facet normal -0.9920195937839116 -0.000059541419709736005 0.1260837896147736
		outer loop
			vertex -441.78363037109375 130.030517578125 26.433530807495117
			vertex -441.7200927734375 130.22119140625 26.933530807495117
			vertex -441.8471984863281 130.34829711914062 25.933530807495117
		endloop
	endfacet
	facet normal -0.9920148616685026 0 0.1261210300815119
		outer loop
			vertex -441.78363037109375 130.030517578125 26.433530807495117
			vertex -441.8471984863281 130.34829711914062 25.933530807495117
			vertex -441.8471984863281 129.71275329589844 25.933530807495117
		endloop
	endfacet
	facet normal -0.992019593840519 0.00005954499362788229 0.1260837891677033
		outer loop
			vertex -441.78363037109375 130.030517578125 26.433530807495117
			vertex -441.8471984863281 129.71275329589844 25.933530807495117
			vertex -441.7200927734375 129.83985900878906 26.933530807495117
		endloop
	endfacet
	facet normal 0 0.9920185887551248 0.1260917109261768
		outer loop
			vertex -441.5294189453125 130.2847442626953 26.43353271484375
			vertex -441.7200927734375 130.22119140625 26.933530807495117
			vertex -441.3387451171875 130.22119140625 26.933530807495117
		endloop
	endfacet
	facet normal 9.460068115884694e-7 0.9920186338802549 0.1260913559030039
		outer loop
			vertex -441.5294189453125 130.2847442626953 26.43353271484375
			vertex -441.3387451171875 130.22119140625 26.933530807495117
			vertex -441.2116394042969 130.34829711914062 25.933530807495117
		endloop
	endfacet
	facet normal 0 0.9920187090867343 0.1260907642212134
		outer loop
			vertex -441.5294189453125 130.2847442626953 26.43353271484375
			vertex -441.2116394042969 130.34829711914062 25.933530807495117
			vertex -441.8471984863281 130.34829711914062 25.933530807495117
		endloop
	endfacet
	facet normal -9.460068115884694e-7 0.9920186338802549 0.1260913559030039
		outer loop
			vertex -441.5294189453125 130.2847442626953 26.43353271484375
			vertex -441.8471984863281 130.34829711914062 25.933530807495117
			vertex -441.7200927734375 130.22119140625 26.933530807495117
		endloop
	endfacet
	facet normal 0 -0.9920186489212682 0.12609123757193244
		outer loop
			vertex -441.5294189453125 129.77630615234375 26.433530807495117
			vertex -441.7200927734375 129.83985900878906 26.933530807495117
			vertex -441.8471984863281 129.71275329589844 25.933530807495117
		endloop
	endfacet
	facet normal 0 -0.9920186489212683 0.12609123757193244
		outer loop
			vertex -441.5294189453125 129.77630615234375 26.433530807495117
			vertex -441.8471984863281 129.71275329589844 25.933530807495117
			vertex -441.2116394042969 129.71275329589844 25.933530807495117
		endloop
	endfacet
	facet normal 0 -0.9920186489212682 0.12609123757193244
		outer loop
			vertex -441.5294189453125 129.77630615234375 26.433530807495117
			vertex -441.2116394042969 129.71275329589844 25.933530807495117
			vertex -441.3387451171875 129.83985900878906 26.933530807495117
		endloop
	endfacet
	facet normal 0 -0.9920186489212683 0.12609123757193244
		outer loop
			vertex -441.5294189453125 129.77630615234375 26.433530807495117
			vertex -441.3387451171875 129.83985900878906 26.933530807495117
			vertex -441.7200927734375 129.83985900878906 26.933530807495117
		endloop
	endfacet
	facet normal -1 0 0
		outer loop
			vertex -444.3893737792969 127.80611419677734 20.933530807495117
			vertex -444.3893737792969 127.17057037353516 25.933530807495117
			vertex -444.3893737792969 127.80611419677734 25.933530807495117
		endloop
	endfacet
	facet normal -1 0 0
		outer loop
			vertex -444.3893737792969 127.17057037353516 20.933530807495117
			vertex -444.3893737792969 127.17057037353516 25.933530807495117
			vertex -444.3893737792969 127.80611419677734 20.933530807495117
		endloop
	endfacet
	facet normal 0 1 0
		outer loop
			vertex -443.7538146972656 127.80611419677734 25.933530807495117
			vertex -443.7538146972656 127.80611419677734 20.933530807495117
			vertex -444.3893737792969 127.80611419677734 20.933530807495117
		endloop
	endfacet
	facet normal 0 1 0
		outer loop
			vertex -443.7538146972656 127.80611419677734 25.933530807495117
			vertex -444.3893737792969 127.80611419677734 20.933530807495117
			vertex -444.3893737792969 127.80611419677734 25.933530807495117
		endloop
	endfacet
	facet normal 1 0 0
		outer loop
			vertex -443.7538146972656 127.17057037353516 25.933530807495117
			vertex -443.7538146972656 127.17057037353516 20.933530807495117
			vertex -443.7538146972656 127.80611419677734 20.933530807495117
		endloop
	endfacet
	facet normal 1 0 0
		outer loop
			vertex -443.7538146972656 127.17057037353516 25.933530807495117
			vertex -443.7538146972656 127.80611419677734 20.933530807495117
			vertex -443.7538146972656 127.80611419677734 25.933530807495117
		endloop
	endfacet
	facet normal 0 -1 0
		outer loop
			vertex -444.3893737792969 127.17057037353516 20.933530807495117
			vertex -443.7538146972656 127.17057037353516 25.933530807495117
			vertex -444.3893737792969 127.17057037353516 25.933530807495117
		endloop
	endfacet
	facet normal 0 -1 0
		outer loop
			vertex -443.7538146972656 127.17057037353516 20.933530807495117
			vertex -443.7538146972656 127.17057037353516 25.933530807495117
			vertex -444.3893737792969 127.17057037353516 20.933530807495117
		endloop
	endfacet
	facet normal 0 0 1
		outer loop
			vertex -443.88092041015625 127.67900848388672 26.933530807495117
			vertex -444.2622375488281 127.67900848388672 26.933530807495117
			vertex -444.2622375488281 127.29768371582031 26.933530807495117
		endloop
	endfacet
	facet normal 0 0 1
		outer loop
			vertex -443.88092041015625 127.67900848388672 26.933530807495117
			vertex -444.2622375488281 127.29768371582031 26.933530807495117
			vertex -443.88092041015625 127.29768371582031 26.933530807495117
		endloop
	endfacet
	facet normal 0.9920195938831873 0.00005954410011153418 0.12608378883241228
		outer loop
			vertex -443.8173828125 127.48834228515625 26.433530807495117
			vertex -443.88092041015625 127.29768371582031 26.933530807495117
			vertex -443.7538146972656 127.17057037353516 25.933530807495117
		endloop
	endfacet
	facet normal 0.9920148616685026 0 0.1261210300815119
		outer loop
			vertex -443.8173828125 127.48834228515625 26.433530807495117
			vertex -443.7538146972656 127.17057037353516 25.933530807495117
			vertex -443.7538146972656 127.80611419677734 25.933530807495117
		endloop
	endfacet
	facet normal 0.9920195938122145 -0.000059543206615180486 0.12608378939124515
		outer loop
			vertex -443.8173828125 127.48834228515625 26.433530807495117
			vertex -443.7538146972656 127.80611419677734 25.933530807495117
			vertex -443.88092041015625 127.67900848388672 26.933530807495117
		endloop
	endfacet
	facet normal 0.9920224353081998 0 0.12606144472117137
		outer loop
			vertex -443.8173828125 127.48834228515625 26.433530807495117
			vertex -443.88092041015625 127.67900848388672 26.933530807495117
			vertex -443.88092041015625 127.29768371582031 26.933530807495117
		endloop
	endfacet
	facet normal -0.9920148616685026 0 0.1261210300815119
		outer loop
			vertex -444.3258056640625 127.48834228515625 26.433530807495117
			vertex -444.2622375488281 127.29768371582031 26.933530807495117
			vertex -444.2622375488281 127.67900848388672 26.933530807495117
		endloop
	endfacet
	facet normal -0.9920148616685027 0 0.1261210300815119
		outer loop
			vertex -444.3258056640625 127.48834228515625 26.433530807495117
			vertex -444.2622375488281 127.67900848388672 26.933530807495117
			vertex -444.3893737792969 127.80611419677734 25.933530807495117
		endloop
	endfacet
	facet normal -0.9920148616685026 0 0.1261210300815119
		outer loop
			vertex -444.3258056640625 127.48834228515625 26.433530807495117
			vertex -444.3893737792969 127.80611419677734 25.933530807495117
			vertex -444.3893737792969 127.17057037353516 25.933530807495117
		endloop
	endfacet
	facet normal -0.9920148616685026 0 0.1261210300815119
		outer loop
			vertex -444.3258056640625 127.48834228515625 26.433530807495117
			vertex -444.3893737792969 127.17057037353516 25.933530807495117
			vertex -444.2622375488281 127.29768371582031 26.933530807495117
		endloop
	endfacet
	facet normal 0 0.9920185887551248 0.12609171092617677
		outer loop
			vertex -444.07159423828125 127.74256134033203 26.43353271484375
			vertex -444.2622375488281 127.67900848388672 26.933530807495117
			vertex -443.88092041015625 127.67900848388672 26.933530807495117
		endloop
	endfacet
	facet normal 9.460068115884694e-7 0.9920186338802549 0.1260913559030039
		outer loop
			vertex -444.07159423828125 127.74256134033203 26.43353271484375
			vertex -443.88092041015625 127.67900848388672 26.933530807495117
			vertex -443.7538146972656 127.80611419677734 25.933530807495117
		endloop
	endfacet
	facet normal 0 0.9920187090867343 0.1260907642212134
		outer loop
			vertex -444.07159423828125 127.74256134033203 26.43353271484375
			vertex -443.7538146972656 127.80611419677734 25.933530807495117
			vertex -444.3893737792969 127.80611419677734 25.933530807495117
		endloop
	endfacet
	facet normal -9.460635949768846e-7 0.9920186338757406 0.12609135593851917
		outer loop
			vertex -444.07159423828125 127.74256134033203 26.43353271484375
			vertex -444.3893737792969 127.80611419677734 25.933530807495117
			vertex -444.2622375488281 127.67900848388672 26.933530807495117
		endloop
	endfacet
	facet normal 0.000014886223571792287 -0.992017938824238 0.12609682323242974
		outer loop
			vertex -444.07159423828125 127.234130859375 26.433530807495117
			vertex -444.2622375488281 127.29768371582031 26.933530807495117
			vertex -444.3893737792969 127.17057037353516 25.933530807495117
		endloop
	endfacet
	facet normal 0 -0.9920167554031128 0.12610613386937458
		outer loop
			vertex -444.07159423828125 127.234130859375 26.433530807495117
			vertex -444.3893737792969 127.17057037353516 25.933530807495117
			vertex -443.7538146972656 127.17057037353516 25.933530807495117
		endloop
	endfacet
	facet normal -0.000014885330093530068 -0.9920179387532179 0.1260968237912598
		outer loop
			vertex -444.07159423828125 127.234130859375 26.433530807495117
			vertex -443.7538146972656 127.17057037353516 25.933530807495117
			vertex -443.88092041015625 127.29768371582031 26.933530807495117
		endloop
	endfacet
	facet normal 0 -0.9920186489212682 0.12609123757193244
		outer loop
			vertex -444.07159423828125 127.234130859375 26.433530807495117
			vertex -443.88092041015625 127.29768371582031 26.933530807495117
			vertex -444.2622375488281 127.29768371582031 26.933530807495117
		endloop
	endfacet
	facet normal -1 0 0
		outer loop
			vertex -444.3893737792969 130.34829711914062 20.933530807495117
			vertex -444.3893737792969 129.71275329589844 25.933530807495117
			vertex -444.3893737792969 130.34829711914062 25.933530807495117
		endloop
	endfacet
	facet normal -1 0 0
		outer loop
			vertex -444.3893737792969 129.71275329589844 20.933530807495117
			vertex -444.3893737792969 129.71275329589844 25.933530807495117
			vertex -444.3893737792969 130.34829711914062 20.933530807495117
		endloop
	endfacet
	facet normal 0 1 0
		outer loop
			vertex -443.7538146972656 130.34829711914062 25.933530807495117
			vertex -443.7538146972656 130.34829711914062 20.933530807495117
			vertex -444.3893737792969 130.34829711914062 20.933530807495117
		endloop
	endfacet
	facet normal 0 1 0
		outer loop
			vertex -443.7538146972656 130.34829711914062 25.933530807495117
			vertex -444.3893737792969 130.34829711914062 20.933530807495117
			vertex -444.3893737792969 130.34829711914062 25.933530807495117
		endloop
	endfacet
	facet normal 1 0 0
		outer loop
			vertex -443.7538146972656 129.71275329589844 25.933530807495117
			vertex -443.7538146972656 129.71275329589844 20.933530807495117
			vertex -443.7538146972656 130.34829711914062 20.933530807495117
		endloop
	endfacet
	facet normal 1 0 0
		outer loop
			vertex -443.7538146972656 129.71275329589844 25.933530807495117
			vertex -443.7538146972656 130.34829711914062 20.933530807495117
			vertex -443.7538146972656 130.34829711914062 25.933530807495117
		endloop
	endfacet
	facet normal 0 -1 0
		outer loop
			vertex -444.3893737792969 129.71275329589844 20.933530807495117
			vertex -443.7538146972656 129.71275329589844 25.933530807495117
			vertex -444.3893737792969 129.71275329589844 25.933530807495117
		endloop
	endfacet
	facet normal 0 -1 0
		outer loop
			vertex -443.7538146972656 129.71275329589844 20.933530807495117
			vertex -443.7538146972656 129.71275329589844 25.933530807495117
			vertex -444.3893737792969 129.71275329589844 20.933530807495117
		endloop
	endfacet
	facet normal 0 0 1
		outer loop
			vertex -443.88092041015625 130.22119140625 26.933530807495117
			vertex -444.2622375488281 130.22119140625 26.933530807495117
			vertex -444.2622375488281 129.83985900878906 26.933530807495117
		endloop
	endfacet
	facet normal 0 0 1
		outer loop
			vertex -443.88092041015625 130.22119140625 26.933530807495117
			vertex -444.2622375488281 129.83985900878906 26.933530807495117
			vertex -443.88092041015625 129.83985900878906 26.933530807495117
		endloop
	endfacet
	facet normal 0.992019593840519 0.00005954499362788229 0.1260837891677033
		outer loop
			vertex -443.8173828125 130.030517578125 26.433530807495117
			vertex -443.88092041015625 129.83985900878906 26.933530807495117
			vertex -443.7538146972656 129.71275329589844 25.933530807495117
		endloop
	endfacet
	facet normal 0.9920148616685026 0 0.1261210300815119
		outer loop
			vertex -443.8173828125 130.030517578125 26.433530807495117
			vertex -443.7538146972656 129.71275329589844 25.933530807495117
			vertex -443.7538146972656 130.34829711914062 25.933530807495117
		endloop
	endfacet
	facet normal 0.9920195937839116 -0.000059541419709736005 0.1260837896147736
		outer loop
			vertex -443.8173828125 130.030517578125 26.433530807495117
			vertex -443.7538146972656 130.34829711914062 25.933530807495117
			vertex -443.88092041015625 130.22119140625 26.933530807495117
		endloop
	endfacet
	facet normal 0.9920224353081996 0 0.12606144472117134
		outer loop
			vertex -443.8173828125 130.030517578125 26.433530807495117
			vertex -443.88092041015625 130.22119140625 26.933530807495117
			vertex -443.88092041015625 129.83985900878906 26.933530807495117
		endloop
	endfacet
	facet normal -0.9920148616685027 0 0.1261210300815119
		outer loop
			vertex -444.3258056640625 130.030517578125 26.433530807495117
			vertex -444.2622375488281 129.83985900878906 26.933530807495117
			vertex -444.2622375488281 130.22119140625 26.933530807495117
		endloop
	endfacet
	facet normal -0.9920148616685027 0 0.1261210300815119
		outer loop
			vertex -444.3258056640625 130.030517578125 26.433530807495117
			vertex -444.2622375488281 130.22119140625 26.933530807495117
			vertex -444.3893737792969 130.34829711914062 25.933530807495117
		endloop
	endfacet
	facet normal -0.9920148616685026 0 0.1261210300815119
		outer loop
			vertex -444.3258056640625 130.030517578125 26.433530807495117
			vertex -444.3893737792969 130.34829711914062 25.933530807495117
			vertex -444.3893737792969 129.71275329589844 25.933530807495117
		endloop
	endfacet
	facet normal -0.9920148616685026 0 0.1261210300815119
		outer loop
			vertex -444.3258056640625 130.030517578125 26.433530807495117
			vertex -444.3893737792969 129.71275329589844 25.933530807495117
			vertex -444.2622375488281 129.83985900878906 26.933530807495117
		endloop
	endfacet
	facet normal 0 0.9920185887551248 0.12609171092617677
		outer loop
			vertex -444.07159423828125 130.2847442626953 26.43353271484375
			vertex -444.2622375488281 130.22119140625 26.933530807495117
			vertex -443.88092041015625 130.22119140625 26.933530807495117
		endloop
	endfacet
	facet normal 9.460068115884694e-7 0.9920186338802549 0.1260913559030039
		outer loop
			vertex -444.07159423828125 130.2847442626953 26.43353271484375
			vertex -443.88092041015625 130.22119140625 26.933530807495117
			vertex -443.7538146972656 130.34829711914062 25.933530807495117
		endloop
	endfacet
	facet normal 0 0.9920187090867343 0.1260907642212134
		outer loop
			vertex -444.07159423828125 130.2847442626953 26.43353271484375
			vertex -443.7538146972656 130.34829711914062 25.933530807495117
			vertex -444.3893737792969 130.34829711914062 25.933530807495117
		endloop
	endfacet
	facet normal -9.460635949768846e-7 0.9920186338757406 0.12609135593851917
		outer loop
			vertex -444.07159423828125 130.2847442626953 26.43353271484375
			vertex -444.3893737792969 130.34829711914062 25.933530807495117
			vertex -444.2622375488281 130.22119140625 26.933530807495117
		endloop
	endfacet
	facet normal 0 -0.9920186489212682 0.12609123757193244
		outer loop
			vertex -444.07159423828125 129.77630615234375 26.433530807495117
			vertex -444.2622375488281 129.83985900878906 26.933530807495117
			vertex -444.3893737792969 129.71275329589844 25.933530807495117
		endloop
	endfacet
	facet normal 0 -0.9920186489212683 0.12609123757193244
		outer loop
			vertex -444.07159423828125 129.77630615234375 26.433530807495117
			vertex -444.3893737792969 129.71275329589844 25.933530807495117
			vertex -443.7538146972656 129.71275329589844 25.933530807495117
		endloop
	endfacet
	facet normal 0 -0.9920186489212682 0.12609123757193244
		outer loop
			vertex -444.07159423828125 129.77630615234375 26.433530807495117
			vertex -443.7538146972656 129.71275329589844 25.933530807495117
			vertex -443.88092041015625 129.83985900878906 26.933530807495117
		endloop
	endfacet
	facet normal 0 -0.9920186489212682 0.12609123757193244
		outer loop
			vertex -444.07159423828125 129.77630615234375 26.433530807495117
			vertex -443.88092041015625 129.83985900878906 26.933530807495117
			vertex -444.2622375488281 129.83985900878906 26.933530807495117
		endloop
	endfacet
	facet normal -1 0 0
		outer loop
			vertex -452.015869140625 127.80611419677734 20.933530807495117
			vertex -452.015869140625 127.17057800292969 25.933530807495117
			vertex -452.015869140625 127.80611419677734 25.933530807495117
		endloop
	endfacet
	facet normal -1 0 0
		outer loop
			vertex -452.015869140625 127.17057800292969 20.933530807495117
			vertex -452.015869140625 127.17057800292969 25.933530807495117
			vertex -452.015869140625 127.80611419677734 20.933530807495117
		endloop
	endfacet
	facet normal 0 1 0
		outer loop
			vertex -451.3803405761719 127.80611419677734 25.933530807495117
			vertex -451.3803405761719 127.80611419677734 20.933530807495117
			vertex -452.015869140625 127.80611419677734 20.933530807495117
		endloop
	endfacet
	facet normal 0 1 0
		outer loop
			vertex -451.3803405761719 127.80611419677734 25.933530807495117
			vertex -452.015869140625 127.80611419677734 20.933530807495117
			vertex -452.015869140625 127.80611419677734 25.933530807495117
		endloop
	endfacet
	facet normal 1 0 0
		outer loop
			vertex -451.3803405761719 127.17057800292969 25.933530807495117
			vertex -451.3803405761719 127.17057800292969 20.933530807495117
			vertex -451.3803405761719 127.80611419677734 20.933530807495117
		endloop
	endfacet
	facet normal 1 0 0
		outer loop
			vertex -451.3803405761719 127.17057800292969 25.933530807495117
			vertex -451.3803405761719 127.80611419677734 20.933530807495117
			vertex -451.3803405761719 127.80611419677734 25.933530807495117
		endloop
	endfacet
	facet normal 0 -1 0
		outer loop
			vertex -451.3803405761719 127.17057800292969 20.933530807495117
			vertex -451.3803405761719 127.17057800292969 25.933530807495117
			vertex -452.015869140625 127.17057800292969 25.933530807495117
		endloop
	endfacet
	facet normal 0 -1 0
		outer loop
			vertex -451.3803405761719 127.17057800292969 20.933530807495117
			vertex -452.015869140625 127.17057800292969 25.933530807495117
			vertex -452.015869140625 127.17057800292969 20.933530807495117
		endloop
	endfacet
	facet normal 0 0 1
		outer loop
			vertex -451.8887634277344 127.67900848388672 26.933530807495117
			vertex -451.8887634277344 127.29768371582031 26.933530807495117
			vertex -451.5074462890625 127.29768371582031 26.933530807495117
		endloop
	endfacet
	facet normal 0 0 1
		outer loop
			vertex -451.5074462890625 127.67900848388672 26.933530807495117
			vertex -451.8887634277344 127.67900848388672 26.933530807495117
			vertex -451.5074462890625 127.29768371582031 26.933530807495117
		endloop
	endfacet
	facet normal 0.9920177004591212 -0.00005954309297194689 0.126098685284255
		outer loop
			vertex -451.4438781738281 127.48834991455078 26.433530807495117
			vertex -451.5074462890625 127.29768371582031 26.933530807495117
			vertex -451.3803405761719 127.17057800292969 25.933530807495117
		endloop
	endfacet
	facet normal 0.9920224353081998 0 0.1260614447211714
		outer loop
			vertex -451.4438781738281 127.48834991455078 26.433530807495117
			vertex -451.3803405761719 127.17057800292969 25.933530807495117
			vertex -451.3803405761719 127.80611419677734 25.933530807495117
		endloop
	endfacet
	facet normal 0.9920177004306023 0.00005954487997782727 0.12609868550776876
		outer loop
			vertex -451.4438781738281 127.48834991455078 26.433530807495117
			vertex -451.3803405761719 127.80611419677734 25.933530807495117
			vertex -451.5074462890625 127.67900848388672 26.933530807495117
		endloop
	endfacet
	facet normal 0.9920148616685026 0 0.1261210300815119
		outer loop
			vertex -451.4438781738281 127.48834991455078 26.433530807495117
			vertex -451.5074462890625 127.67900848388672 26.933530807495117
			vertex -451.5074462890625 127.29768371582031 26.933530807495117
		endloop
	endfacet
	facet normal -0.9920148616685026 0 0.1261210300815119
		outer loop
			vertex -451.95233154296875 127.48834991455078 26.433530807495117
			vertex -451.8887634277344 127.29768371582031 26.933530807495117
			vertex -451.8887634277344 127.67900848388672 26.933530807495117
		endloop
	endfacet
	facet normal -0.9920177004306023 0.00005954487997782727 0.12609868550776876
		outer loop
			vertex -451.95233154296875 127.48834991455078 26.433530807495117
			vertex -451.8887634277344 127.67900848388672 26.933530807495117
			vertex -452.015869140625 127.80611419677734 25.933530807495117
		endloop
	endfacet
	facet normal -0.9920224353081998 0 0.1260614447211714
		outer loop
			vertex -451.95233154296875 127.48834991455078 26.433530807495117
			vertex -452.015869140625 127.80611419677734 25.933530807495117
			vertex -452.015869140625 127.17057800292969 25.933530807495117
		endloop
	endfacet
	facet normal -0.9920177004591212 -0.00005954309297194689 0.126098685284255
		outer loop
			vertex -451.95233154296875 127.48834991455078 26.433530807495117
			vertex -452.015869140625 127.17057800292969 25.933530807495117
			vertex -451.8887634277344 127.29768371582031 26.933530807495117
		endloop
	endfacet
	facet normal 0 0.9920166952228675 0.1261066072777333
		outer loop
			vertex -451.6981201171875 127.74256896972656 26.43353271484375
			vertex -451.8887634277344 127.67900848388672 26.933530807495117
			vertex -451.5074462890625 127.67900848388672 26.933530807495117
		endloop
	endfacet
	facet normal 0.00003071670157875995 0.9920181600809909 0.1260950797057923
		outer loop
			vertex -451.6981201171875 127.74256896972656 26.43353271484375
			vertex -451.5074462890625 127.67900848388672 26.933530807495117
			vertex -451.3803405761719 127.80611419677734 25.933530807495117
		endloop
	endfacet
	facet normal 0 0.9920206023743309 0.12607586789259076
		outer loop
			vertex -451.6981201171875 127.74256896972656 26.43353271484375
			vertex -451.3803405761719 127.80611419677734 25.933530807495117
			vertex -452.015869140625 127.80611419677734 25.933530807495117
		endloop
	endfacet
	facet normal -0.000030720389280989534 0.9920181600222459 0.1260950801670535
		outer loop
			vertex -451.6981201171875 127.74256896972656 26.43353271484375
			vertex -452.015869140625 127.80611419677734 25.933530807495117
			vertex -451.8887634277344 127.67900848388672 26.933530807495117
		endloop
	endfacet
	facet normal 0 -0.9920186489212682 0.12609123757193244
		outer loop
			vertex -451.6981201171875 127.234130859375 26.433530807495117
			vertex -451.8887634277344 127.29768371582031 26.933530807495117
			vertex -452.015869140625 127.17057800292969 25.933530807495117
		endloop
	endfacet
	facet normal 0 -0.9920186489212682 0.12609123757193244
		outer loop
			vertex -451.6981201171875 127.234130859375 26.433530807495117
			vertex -452.015869140625 127.17057800292969 25.933530807495117
			vertex -451.3803405761719 127.17057800292969 25.933530807495117
		endloop
	endfacet
	facet normal 0 -0.9920186489212682 0.12609123757193244
		outer loop
			vertex -451.6981201171875 127.234130859375 26.433530807495117
			vertex -451.3803405761719 127.17057800292969 25.933530807495117
			vertex -451.5074462890625 127.29768371582031 26.933530807495117
		endloop
	endfacet
	facet normal 0 -0.9920186489212682 0.12609123757193244
		outer loop
			vertex -451.6981201171875 127.234130859375 26.433530807495117
			vertex -451.5074462890625 127.29768371582031 26.933530807495117
			vertex -451.8887634277344 127.29768371582031 26.933530807495117
		endloop
	endfacet
	facet normal -1 0 0
		outer loop
			vertex -452.015869140625 130.34829711914062 20.933530807495117
			vertex -452.015869140625 129.71275329589844 25.933530807495117
			vertex -452.015869140625 130.34829711914062 25.933530807495117
		endloop
	endfacet
	facet normal -1 0 0
		outer loop
			vertex -452.015869140625 129.71275329589844 20.933530807495117
			vertex -452.015869140625 129.71275329589844 25.933530807495117
			vertex -452.015869140625 130.34829711914062 20.933530807495117
		endloop
	endfacet
	facet normal 0 1 0
		outer loop
			vertex -452.015869140625 130.34829711914062 25.933530807495117
			vertex -451.3803405761719 130.34829711914062 20.933530807495117
			vertex -452.015869140625 130.34829711914062 20.933530807495117
		endloop
	endfacet
	facet normal 0 1 0
		outer loop
			vertex -451.3803405761719 130.34829711914062 25.933530807495117
			vertex -451.3803405761719 130.34829711914062 20.933530807495117
			vertex -452.015869140625 130.34829711914062 25.933530807495117
		endloop
	endfacet
	facet normal 1 0 0
		outer loop
			vertex -451.3803405761719 129.71275329589844 25.933530807495117
			vertex -451.3803405761719 129.71275329589844 20.933530807495117
			vertex -451.3803405761719 130.34829711914062 20.933530807495117
		endloop
	endfacet
	facet normal 1 0 0
		outer loop
			vertex -451.3803405761719 129.71275329589844 25.933530807495117
			vertex -451.3803405761719 130.34829711914062 20.933530807495117
			vertex -451.3803405761719 130.34829711914062 25.933530807495117
		endloop
	endfacet
	facet normal 0 -1 0
		outer loop
			vertex -451.3803405761719 129.71275329589844 20.933530807495117
			vertex -451.3803405761719 129.71275329589844 25.933530807495117
			vertex -452.015869140625 129.71275329589844 25.933530807495117
		endloop
	endfacet
	facet normal 0 -1 0
		outer loop
			vertex -451.3803405761719 129.71275329589844 20.933530807495117
			vertex -452.015869140625 129.71275329589844 25.933530807495117
			vertex -452.015869140625 129.71275329589844 20.933530807495117
		endloop
	endfacet
	facet normal 0 0 1
		outer loop
			vertex -451.8887634277344 130.22119140625 26.933530807495117
			vertex -451.8887634277344 129.83985900878906 26.933530807495117
			vertex -451.5074462890625 129.83985900878906 26.933530807495117
		endloop
	endfacet
	facet normal 0 0 1
		outer loop
			vertex -451.5074462890625 130.22119140625 26.933530807495117
			vertex -451.8887634277344 130.22119140625 26.933530807495117
			vertex -451.5074462890625 129.83985900878906 26.933530807495117
		endloop
	endfacet
	facet normal 0.9920177004306023 -0.00005954487997782727 0.12609868550776876
		outer loop
			vertex -451.4438781738281 130.030517578125 26.433530807495117
			vertex -451.5074462890625 129.83985900878906 26.933530807495117
			vertex -451.3803405761719 129.71275329589844 25.933530807495117
		endloop
	endfacet
	facet normal 0.9920224353081998 0 0.1260614447211714
		outer loop
			vertex -451.4438781738281 130.030517578125 26.433530807495117
			vertex -451.3803405761719 129.71275329589844 25.933530807495117
			vertex -451.3803405761719 130.34829711914062 25.933530807495117
		endloop
	endfacet
	facet normal 0.9920177004876384 0.00005954130607332323 0.12609868506075467
		outer loop
			vertex -451.4438781738281 130.030517578125 26.433530807495117
			vertex -451.3803405761719 130.34829711914062 25.933530807495117
			vertex -451.5074462890625 130.22119140625 26.933530807495117
		endloop
	endfacet
	facet normal 0.9920148616685027 0 0.1261210300815119
		outer loop
			vertex -451.4438781738281 130.030517578125 26.433530807495117
			vertex -451.5074462890625 130.22119140625 26.933530807495117
			vertex -451.5074462890625 129.83985900878906 26.933530807495117
		endloop
	endfacet
	facet normal -0.9920148616685027 0 0.1261210300815119
		outer loop
			vertex -451.95233154296875 130.030517578125 26.433530807495117
			vertex -451.8887634277344 129.83985900878906 26.933530807495117
			vertex -451.8887634277344 130.22119140625 26.933530807495117
		endloop
	endfacet
	facet normal -0.9920177004876384 0.00005954130607332323 0.12609868506075467
		outer loop
			vertex -451.95233154296875 130.030517578125 26.433530807495117
			vertex -451.8887634277344 130.22119140625 26.933530807495117
			vertex -452.015869140625 130.34829711914062 25.933530807495117
		endloop
	endfacet
	facet normal -0.9920224353081998 0 0.1260614447211714
		outer loop
			vertex -451.95233154296875 130.030517578125 26.433530807495117
			vertex -452.015869140625 130.34829711914062 25.933530807495117
			vertex -452.015869140625 129.71275329589844 25.933530807495117
		endloop
	endfacet
	facet normal -0.9920177004306023 -0.00005954487997782727 0.12609868550776876
		outer loop
			vertex -451.95233154296875 130.030517578125 26.433530807495117
			vertex -452.015869140625 129.71275329589844 25.933530807495117
			vertex -451.8887634277344 129.83985900878906 26.933530807495117
		endloop
	endfacet
	facet normal 0 0.9920185887551248 0.12609171092617677
		outer loop
			vertex -451.6981201171875 130.2847442626953 26.43353271484375
			vertex -451.8887634277344 130.22119140625 26.933530807495117
			vertex -451.5074462890625 130.22119140625 26.933530807495117
		endloop
	endfacet
	facet normal 9.460068115884694e-7 0.9920186338802549 0.1260913559030039
		outer loop
			vertex -451.6981201171875 130.2847442626953 26.43353271484375
			vertex -451.5074462890625 130.22119140625 26.933530807495117
			vertex -451.3803405761719 130.34829711914062 25.933530807495117
		endloop
	endfacet
	facet normal 0 0.9920187090867343 0.1260907642212134
		outer loop
			vertex -451.6981201171875 130.2847442626953 26.43353271484375
			vertex -451.3803405761719 130.34829711914062 25.933530807495117
			vertex -452.015869140625 130.34829711914062 25.933530807495117
		endloop
	endfacet
	facet normal -9.46120384756064e-7 0.992018633878449 0.12609135591721016
		outer loop
			vertex -451.6981201171875 130.2847442626953 26.43353271484375
			vertex -452.015869140625 130.34829711914062 25.933530807495117
			vertex -451.8887634277344 130.22119140625 26.933530807495117
		endloop
	endfacet
	facet normal 0 -0.9920186489212682 0.12609123757193244
		outer loop
			vertex -451.6981201171875 129.77630615234375 26.433530807495117
			vertex -451.8887634277344 129.83985900878906 26.933530807495117
			vertex -452.015869140625 129.71275329589844 25.933530807495117
		endloop
	endfacet
	facet normal 0 -0.9920186489212682 0.12609123757193244
		outer loop
			vertex -451.6981201171875 129.77630615234375 26.433530807495117
			vertex -452.015869140625 129.71275329589844 25.933530807495117
			vertex -451.3803405761719 129.71275329589844 25.933530807495117
		endloop
	endfacet
	facet normal 0 -0.9920186489212682 0.12609123757193244
		outer loop
			vertex -451.6981201171875 129.77630615234375 26.433530807495117
			vertex -451.3803405761719 129.71275329589844 25.933530807495117
			vertex -451.5074462890625 129.83985900878906 26.933530807495117
		endloop
	endfacet
	facet normal 0 -0.9920186489212682 0.12609123757193244
		outer loop
			vertex -451.6981201171875 129.77630615234375 26.433530807495117
			vertex -451.5074462890625 129.83985900878906 26.933530807495117
			vertex -451.8887634277344 129.83985900878906 26.933530807495117
		endloop
	endfacet
	facet normal -1 0 0
		outer loop
			vertex -449.47369384765625 130.34829711914062 20.933530807495117
			vertex -449.47369384765625 129.71275329589844 25.933530807495117
			vertex -449.47369384765625 130.34829711914062 25.933530807495117
		endloop
	endfacet
	facet normal -1 0 0
		outer loop
			vertex -449.47369384765625 129.71275329589844 20.933530807495117
			vertex -449.47369384765625 129.71275329589844 25.933530807495117
			vertex -449.47369384765625 130.34829711914062 20.933530807495117
		endloop
	endfacet
	facet normal 0 1 0
		outer loop
			vertex -448.8381652832031 130.34829711914062 25.933530807495117
			vertex -448.8381652832031 130.34829711914062 20.933530807495117
			vertex -449.47369384765625 130.34829711914062 20.933530807495117
		endloop
	endfacet
	facet normal 0 1 0
		outer loop
			vertex -448.8381652832031 130.34829711914062 25.933530807495117
			vertex -449.47369384765625 130.34829711914062 20.933530807495117
			vertex -449.47369384765625 130.34829711914062 25.933530807495117
		endloop
	endfacet
	facet normal 1 0 0
		outer loop
			vertex -448.8381652832031 129.71275329589844 25.933530807495117
			vertex -448.8381652832031 129.71275329589844 20.933530807495117
			vertex -448.8381652832031 130.34829711914062 20.933530807495117
		endloop
	endfacet
	facet normal 1 0 0
		outer loop
			vertex -448.8381652832031 129.71275329589844 25.933530807495117
			vertex -448.8381652832031 130.34829711914062 20.933530807495117
			vertex -448.8381652832031 130.34829711914062 25.933530807495117
		endloop
	endfacet
	facet normal 0 -1 0
		outer loop
			vertex -449.47369384765625 129.71275329589844 20.933530807495117
			vertex -448.8381652832031 129.71275329589844 25.933530807495117
			vertex -449.47369384765625 129.71275329589844 25.933530807495117
		endloop
	endfacet
	facet normal 0 -1 0
		outer loop
			vertex -448.8381652832031 129.71275329589844 20.933530807495117
			vertex -448.8381652832031 129.71275329589844 25.933530807495117
			vertex -449.47369384765625 129.71275329589844 20.933530807495117
		endloop
	endfacet
	facet normal 0 0 1
		outer loop
			vertex -448.96527099609375 130.22119140625 26.933530807495117
			vertex -449.3465881347656 130.22119140625 26.933530807495117
			vertex -449.3465881347656 129.83985900878906 26.933530807495117
		endloop
	endfacet
	facet normal 0 0 1
		outer loop
			vertex -448.96527099609375 130.22119140625 26.933530807495117
			vertex -449.3465881347656 129.83985900878906 26.933530807495117
			vertex -448.96527099609375 129.83985900878906 26.933530807495117
		endloop
	endfacet
	facet normal 0.992019593840519 0.00005954499362788229 0.1260837891677033
		outer loop
			vertex -448.9017333984375 130.030517578125 26.433530807495117
			vertex -448.96527099609375 129.83985900878906 26.933530807495117
			vertex -448.8381652832031 129.71275329589844 25.933530807495117
		endloop
	endfacet
	facet normal 0.9920148616685026 0 0.1261210300815119
		outer loop
			vertex -448.9017333984375 130.030517578125 26.433530807495117
			vertex -448.8381652832031 129.71275329589844 25.933530807495117
			vertex -448.8381652832031 130.34829711914062 25.933530807495117
		endloop
	endfacet
	facet normal 0.9920195937839116 -0.000059541419709736005 0.1260837896147736
		outer loop
			vertex -448.9017333984375 130.030517578125 26.433530807495117
			vertex -448.8381652832031 130.34829711914062 25.933530807495117
			vertex -448.96527099609375 130.22119140625 26.933530807495117
		endloop
	endfacet
	facet normal 0.9920224353081996 0 0.12606144472117134
		outer loop
			vertex -448.9017333984375 130.030517578125 26.433530807495117
			vertex -448.96527099609375 130.22119140625 26.933530807495117
			vertex -448.96527099609375 129.83985900878906 26.933530807495117
		endloop
	endfacet
	facet normal -0.9920148616685027 0 0.1261210300815119
		outer loop
			vertex -449.41015625 130.030517578125 26.433530807495117
			vertex -449.3465881347656 129.83985900878906 26.933530807495117
			vertex -449.3465881347656 130.22119140625 26.933530807495117
		endloop
	endfacet
	facet normal -0.9920177004876384 0.00005954130607332323 0.12609868506075467
		outer loop
			vertex -449.41015625 130.030517578125 26.433530807495117
			vertex -449.3465881347656 130.22119140625 26.933530807495117
			vertex -449.47369384765625 130.34829711914062 25.933530807495117
		endloop
	endfacet
	facet normal -0.9920224353081998 0 0.1260614447211714
		outer loop
			vertex -449.41015625 130.030517578125 26.433530807495117
			vertex -449.47369384765625 130.34829711914062 25.933530807495117
			vertex -449.47369384765625 129.71275329589844 25.933530807495117
		endloop
	endfacet
	facet normal -0.9920177004306023 -0.00005954487997782727 0.12609868550776876
		outer loop
			vertex -449.41015625 130.030517578125 26.433530807495117
			vertex -449.47369384765625 129.71275329589844 25.933530807495117
			vertex -449.3465881347656 129.83985900878906 26.933530807495117
		endloop
	endfacet
	facet normal 0 0.9920185887551248 0.12609171092617677
		outer loop
			vertex -449.15594482421875 130.2847442626953 26.43353271484375
			vertex -449.3465881347656 130.22119140625 26.933530807495117
			vertex -448.96527099609375 130.22119140625 26.933530807495117
		endloop
	endfacet
	facet normal 9.460068115884694e-7 0.9920186338802549 0.1260913559030039
		outer loop
			vertex -449.15594482421875 130.2847442626953 26.43353271484375
			vertex -448.96527099609375 130.22119140625 26.933530807495117
			vertex -448.8381652832031 130.34829711914062 25.933530807495117
		endloop
	endfacet
	facet normal 0 0.9920187090867343 0.1260907642212134
		outer loop
			vertex -449.15594482421875 130.2847442626953 26.43353271484375
			vertex -448.8381652832031 130.34829711914062 25.933530807495117
			vertex -449.47369384765625 130.34829711914062 25.933530807495117
		endloop
	endfacet
	facet normal -9.46120384756064e-7 0.992018633878449 0.12609135591721016
		outer loop
			vertex -449.15594482421875 130.2847442626953 26.43353271484375
			vertex -449.47369384765625 130.34829711914062 25.933530807495117
			vertex -449.3465881347656 130.22119140625 26.933530807495117
		endloop
	endfacet
	facet normal 0 -0.9920186489212682 0.12609123757193244
		outer loop
			vertex -449.15594482421875 129.77630615234375 26.433530807495117
			vertex -449.3465881347656 129.83985900878906 26.933530807495117
			vertex -449.47369384765625 129.71275329589844 25.933530807495117
		endloop
	endfacet
	facet normal 0 -0.9920186489212682 0.12609123757193244
		outer loop
			vertex -449.15594482421875 129.77630615234375 26.433530807495117
			vertex -449.47369384765625 129.71275329589844 25.933530807495117
			vertex -448.8381652832031 129.71275329589844 25.933530807495117
		endloop
	endfacet
	facet normal 0 -0.9920186489212682 0.12609123757193244
		outer loop
			vertex -449.15594482421875 129.77630615234375 26.433530807495117
			vertex -448.8381652832031 129.71275329589844 25.933530807495117
			vertex -448.96527099609375 129.83985900878906 26.933530807495117
		endloop
	endfacet
	facet normal 0 -0.9920186489212682 0.12609123757193244
		outer loop
			vertex -449.15594482421875 129.77630615234375 26.433530807495117
			vertex -448.96527099609375 129.83985900878906 26.933530807495117
			vertex -449.3465881347656 129.83985900878906 26.933530807495117
		endloop
	endfacet
	facet normal -1 0 0
		outer loop
			vertex -446.9315490722656 130.34829711914062 20.933530807495117
			vertex -446.9315490722656 129.71275329589844 25.933530807495117
			vertex -446.9315490722656 130.34829711914062 25.933530807495117
		endloop
	endfacet
	facet normal -1 0 0
		outer loop
			vertex -446.9315490722656 129.71275329589844 20.933530807495117
			vertex -446.9315490722656 129.71275329589844 25.933530807495117
			vertex -446.9315490722656 130.34829711914062 20.933530807495117
		endloop
	endfacet
	facet normal 0 1 0
		outer loop
			vertex -446.9315490722656 130.34829711914062 25.933530807495117
			vertex -446.2959899902344 130.34829711914062 20.933530807495117
			vertex -446.9315490722656 130.34829711914062 20.933530807495117
		endloop
	endfacet
	facet normal 0 1 0
		outer loop
			vertex -446.2959899902344 130.34829711914062 25.933530807495117
			vertex -446.2959899902344 130.34829711914062 20.933530807495117
			vertex -446.9315490722656 130.34829711914062 25.933530807495117
		endloop
	endfacet
	facet normal 1 0 0
		outer loop
			vertex -446.2959899902344 129.71275329589844 25.933530807495117
			vertex -446.2959899902344 129.71275329589844 20.933530807495117
			vertex -446.2959899902344 130.34829711914062 20.933530807495117
		endloop
	endfacet
	facet normal 1 0 0
		outer loop
			vertex -446.2959899902344 129.71275329589844 25.933530807495117
			vertex -446.2959899902344 130.34829711914062 20.933530807495117
			vertex -446.2959899902344 130.34829711914062 25.933530807495117
		endloop
	endfacet
	facet normal 0 -1 0
		outer loop
			vertex -446.2959899902344 129.71275329589844 20.933530807495117
			vertex -446.2959899902344 129.71275329589844 25.933530807495117
			vertex -446.9315490722656 129.71275329589844 25.933530807495117
		endloop
	endfacet
	facet normal 0 -1 0
		outer loop
			vertex -446.2959899902344 129.71275329589844 20.933530807495117
			vertex -446.9315490722656 129.71275329589844 25.933530807495117
			vertex -446.9315490722656 129.71275329589844 20.933530807495117
		endloop
	endfacet
	facet normal 0 0 1
		outer loop
			vertex -446.8044128417969 130.22119140625 26.933530807495117
			vertex -446.8044128417969 129.83985900878906 26.933530807495117
			vertex -446.423095703125 129.83985900878906 26.933530807495117
		endloop
	endfacet
	facet normal 0 0 1
		outer loop
			vertex -446.423095703125 130.22119140625 26.933530807495117
			vertex -446.8044128417969 130.22119140625 26.933530807495117
			vertex -446.423095703125 129.83985900878906 26.933530807495117
		endloop
	endfacet
	facet normal 0.992019593840519 0.00005954499362788229 0.1260837891677033
		outer loop
			vertex -446.35955810546875 130.030517578125 26.433530807495117
			vertex -446.423095703125 129.83985900878906 26.933530807495117
			vertex -446.2959899902344 129.71275329589844 25.933530807495117
		endloop
	endfacet
	facet normal 0.9920148616685026 0 0.1261210300815119
		outer loop
			vertex -446.35955810546875 130.030517578125 26.433530807495117
			vertex -446.2959899902344 129.71275329589844 25.933530807495117
			vertex -446.2959899902344 130.34829711914062 25.933530807495117
		endloop
	endfacet
	facet normal 0.9920195937839116 -0.000059541419709736005 0.1260837896147736
		outer loop
			vertex -446.35955810546875 130.030517578125 26.433530807495117
			vertex -446.2959899902344 130.34829711914062 25.933530807495117
			vertex -446.423095703125 130.22119140625 26.933530807495117
		endloop
	endfacet
	facet normal 0.9920224353081996 0 0.12606144472117134
		outer loop
			vertex -446.35955810546875 130.030517578125 26.433530807495117
			vertex -446.423095703125 130.22119140625 26.933530807495117
			vertex -446.423095703125 129.83985900878906 26.933530807495117
		endloop
	endfacet
	facet normal -0.9920148616685027 0 0.1261210300815119
		outer loop
			vertex -446.86798095703125 130.030517578125 26.433530807495117
			vertex -446.8044128417969 129.83985900878906 26.933530807495117
			vertex -446.8044128417969 130.22119140625 26.933530807495117
		endloop
	endfacet
	facet normal -0.9920148616685027 0 0.1261210300815119
		outer loop
			vertex -446.86798095703125 130.030517578125 26.433530807495117
			vertex -446.8044128417969 130.22119140625 26.933530807495117
			vertex -446.9315490722656 130.34829711914062 25.933530807495117
		endloop
	endfacet
	facet normal -0.9920148616685026 0 0.1261210300815119
		outer loop
			vertex -446.86798095703125 130.030517578125 26.433530807495117
			vertex -446.9315490722656 130.34829711914062 25.933530807495117
			vertex -446.9315490722656 129.71275329589844 25.933530807495117
		endloop
	endfacet
	facet normal -0.9920148616685026 0 0.1261210300815119
		outer loop
			vertex -446.86798095703125 130.030517578125 26.433530807495117
			vertex -446.9315490722656 129.71275329589844 25.933530807495117
			vertex -446.8044128417969 129.83985900878906 26.933530807495117
		endloop
	endfacet
	facet normal 0 0.9920185887551248 0.12609171092617677
		outer loop
			vertex -446.61376953125 130.2847442626953 26.43353271484375
			vertex -446.8044128417969 130.22119140625 26.933530807495117
			vertex -446.423095703125 130.22119140625 26.933530807495117
		endloop
	endfacet
	facet normal 9.460068115884694e-7 0.9920186338802549 0.1260913559030039
		outer loop
			vertex -446.61376953125 130.2847442626953 26.43353271484375
			vertex -446.423095703125 130.22119140625 26.933530807495117
			vertex -446.2959899902344 130.34829711914062 25.933530807495117
		endloop
	endfacet
	facet normal 0 0.9920187090867343 0.1260907642212134
		outer loop
			vertex -446.61376953125 130.2847442626953 26.43353271484375
			vertex -446.2959899902344 130.34829711914062 25.933530807495117
			vertex -446.9315490722656 130.34829711914062 25.933530807495117
		endloop
	endfacet
	facet normal -9.460635949768846e-7 0.9920186338757406 0.12609135593851917
		outer loop
			vertex -446.61376953125 130.2847442626953 26.43353271484375
			vertex -446.9315490722656 130.34829711914062 25.933530807495117
			vertex -446.8044128417969 130.22119140625 26.933530807495117
		endloop
	endfacet
	facet normal 0 -0.9920186489212682 0.12609123757193244
		outer loop
			vertex -446.61376953125 129.77630615234375 26.433530807495117
			vertex -446.8044128417969 129.83985900878906 26.933530807495117
			vertex -446.9315490722656 129.71275329589844 25.933530807495117
		endloop
	endfacet
	facet normal 0 -0.9920186489212683 0.12609123757193244
		outer loop
			vertex -446.61376953125 129.77630615234375 26.433530807495117
			vertex -446.9315490722656 129.71275329589844 25.933530807495117
			vertex -446.2959899902344 129.71275329589844 25.933530807495117
		endloop
	endfacet
	facet normal 0 -0.9920186489212682 0.12609123757193244
		outer loop
			vertex -446.61376953125 129.77630615234375 26.433530807495117
			vertex -446.2959899902344 129.71275329589844 25.933530807495117
			vertex -446.423095703125 129.83985900878906 26.933530807495117
		endloop
	endfacet
	facet normal 0 -0.9920186489212682 0.12609123757193244
		outer loop
			vertex -446.61376953125 129.77630615234375 26.433530807495117
			vertex -446.423095703125 129.83985900878906 26.933530807495117
			vertex -446.8044128417969 129.83985900878906 26.933530807495117
		endloop
	endfacet
	facet normal -1 0 0
		outer loop
			vertex -446.9315490722656 127.80611419677734 20.933530807495117
			vertex -446.9315490722656 127.17057037353516 25.933530807495117
			vertex -446.9315490722656 127.80611419677734 25.933530807495117
		endloop
	endfacet
	facet normal -1 0 0
		outer loop
			vertex -446.9315490722656 127.17057037353516 20.933530807495117
			vertex -446.9315490722656 127.17057037353516 25.933530807495117
			vertex -446.9315490722656 127.80611419677734 20.933530807495117
		endloop
	endfacet
	facet normal 0 1 0
		outer loop
			vertex -446.9315490722656 127.80611419677734 25.933530807495117
			vertex -446.2959899902344 127.80611419677734 20.933530807495117
			vertex -446.9315490722656 127.80611419677734 20.933530807495117
		endloop
	endfacet
	facet normal 0 1 0
		outer loop
			vertex -446.2959899902344 127.80611419677734 25.933530807495117
			vertex -446.2959899902344 127.80611419677734 20.933530807495117
			vertex -446.9315490722656 127.80611419677734 25.933530807495117
		endloop
	endfacet
	facet normal 1 0 0
		outer loop
			vertex -446.2959899902344 127.17057037353516 25.933530807495117
			vertex -446.2959899902344 127.17057037353516 20.933530807495117
			vertex -446.2959899902344 127.80611419677734 20.933530807495117
		endloop
	endfacet
	facet normal 1 0 0
		outer loop
			vertex -446.2959899902344 127.17057037353516 25.933530807495117
			vertex -446.2959899902344 127.80611419677734 20.933530807495117
			vertex -446.2959899902344 127.80611419677734 25.933530807495117
		endloop
	endfacet
	facet normal 0 -1 0
		outer loop
			vertex -446.2959899902344 127.17057037353516 20.933530807495117
			vertex -446.2959899902344 127.17057037353516 25.933530807495117
			vertex -446.9315490722656 127.17057037353516 25.933530807495117
		endloop
	endfacet
	facet normal 0 -1 0
		outer loop
			vertex -446.2959899902344 127.17057037353516 20.933530807495117
			vertex -446.9315490722656 127.17057037353516 25.933530807495117
			vertex -446.9315490722656 127.17057037353516 20.933530807495117
		endloop
	endfacet
	facet normal 0 0 1
		outer loop
			vertex -446.8044128417969 127.67900848388672 26.933530807495117
			vertex -446.8044128417969 127.29768371582031 26.933530807495117
			vertex -446.423095703125 127.29768371582031 26.933530807495117
		endloop
	endfacet
	facet normal 0 0 1
		outer loop
			vertex -446.423095703125 127.67900848388672 26.933530807495117
			vertex -446.8044128417969 127.67900848388672 26.933530807495117
			vertex -446.423095703125 127.29768371582031 26.933530807495117
		endloop
	endfacet
	facet normal 0.9920195938831873 0.00005954410011153418 0.12608378883241228
		outer loop
			vertex -446.35955810546875 127.48834228515625 26.433530807495117
			vertex -446.423095703125 127.29768371582031 26.933530807495117
			vertex -446.2959899902344 127.17057037353516 25.933530807495117
		endloop
	endfacet
	facet normal 0.9920148616685026 0 0.1261210300815119
		outer loop
			vertex -446.35955810546875 127.48834228515625 26.433530807495117
			vertex -446.2959899902344 127.17057037353516 25.933530807495117
			vertex -446.2959899902344 127.80611419677734 25.933530807495117
		endloop
	endfacet
	facet normal 0.9920195938122145 -0.000059543206615180486 0.12608378939124515
		outer loop
			vertex -446.35955810546875 127.48834228515625 26.433530807495117
			vertex -446.2959899902344 127.80611419677734 25.933530807495117
			vertex -446.423095703125 127.67900848388672 26.933530807495117
		endloop
	endfacet
	facet normal 0.9920224353081998 0 0.12606144472117137
		outer loop
			vertex -446.35955810546875 127.48834228515625 26.433530807495117
			vertex -446.423095703125 127.67900848388672 26.933530807495117
			vertex -446.423095703125 127.29768371582031 26.933530807495117
		endloop
	endfacet
	facet normal -0.9920148616685026 0 0.1261210300815119
		outer loop
			vertex -446.86798095703125 127.48834228515625 26.433530807495117
			vertex -446.8044128417969 127.29768371582031 26.933530807495117
			vertex -446.8044128417969 127.67900848388672 26.933530807495117
		endloop
	endfacet
	facet normal -0.9920148616685027 0 0.1261210300815119
		outer loop
			vertex -446.86798095703125 127.48834228515625 26.433530807495117
			vertex -446.8044128417969 127.67900848388672 26.933530807495117
			vertex -446.9315490722656 127.80611419677734 25.933530807495117
		endloop
	endfacet
	facet normal -0.9920148616685026 0 0.1261210300815119
		outer loop
			vertex -446.86798095703125 127.48834228515625 26.433530807495117
			vertex -446.9315490722656 127.80611419677734 25.933530807495117
			vertex -446.9315490722656 127.17057037353516 25.933530807495117
		endloop
	endfacet
	facet normal -0.9920148616685026 0 0.1261210300815119
		outer loop
			vertex -446.86798095703125 127.48834228515625 26.433530807495117
			vertex -446.9315490722656 127.17057037353516 25.933530807495117
			vertex -446.8044128417969 127.29768371582031 26.933530807495117
		endloop
	endfacet
	facet normal 0 0.9920185887551248 0.12609171092617677
		outer loop
			vertex -446.61376953125 127.74256134033203 26.43353271484375
			vertex -446.8044128417969 127.67900848388672 26.933530807495117
			vertex -446.423095703125 127.67900848388672 26.933530807495117
		endloop
	endfacet
	facet normal 9.460068115884694e-7 0.9920186338802549 0.1260913559030039
		outer loop
			vertex -446.61376953125 127.74256134033203 26.43353271484375
			vertex -446.423095703125 127.67900848388672 26.933530807495117
			vertex -446.2959899902344 127.80611419677734 25.933530807495117
		endloop
	endfacet
	facet normal 0 0.9920187090867343 0.1260907642212134
		outer loop
			vertex -446.61376953125 127.74256134033203 26.43353271484375
			vertex -446.2959899902344 127.80611419677734 25.933530807495117
			vertex -446.9315490722656 127.80611419677734 25.933530807495117
		endloop
	endfacet
	facet normal -9.460635949768846e-7 0.9920186338757406 0.12609135593851917
		outer loop
			vertex -446.61376953125 127.74256134033203 26.43353271484375
			vertex -446.9315490722656 127.80611419677734 25.933530807495117
			vertex -446.8044128417969 127.67900848388672 26.933530807495117
		endloop
	endfacet
	facet normal 0.000014886223571792287 -0.992017938824238 0.12609682323242974
		outer loop
			vertex -446.61376953125 127.234130859375 26.433530807495117
			vertex -446.8044128417969 127.29768371582031 26.933530807495117
			vertex -446.9315490722656 127.17057037353516 25.933530807495117
		endloop
	endfacet
	facet normal 0 -0.9920167554031128 0.12610613386937458
		outer loop
			vertex -446.61376953125 127.234130859375 26.433530807495117
			vertex -446.9315490722656 127.17057037353516 25.933530807495117
			vertex -446.2959899902344 127.17057037353516 25.933530807495117
		endloop
	endfacet
	facet normal -0.000014885330093530068 -0.9920179387532179 0.1260968237912598
		outer loop
			vertex -446.61376953125 127.234130859375 26.433530807495117
			vertex -446.2959899902344 127.17057037353516 25.933530807495117
			vertex -446.423095703125 127.29768371582031 26.933530807495117
		endloop
	endfacet
	facet normal 0 -0.9920186489212682 0.12609123757193244
		outer loop
			vertex -446.61376953125 127.234130859375 26.433530807495117
			vertex -446.423095703125 127.29768371582031 26.933530807495117
			vertex -446.8044128417969 127.29768371582031 26.933530807495117
		endloop
	endfacet
	facet normal -1 0 0
		outer loop
			vertex -449.47369384765625 127.80611419677734 20.933530807495117
			vertex -449.47369384765625 127.17057037353516 25.933530807495117
			vertex -449.47369384765625 127.80611419677734 25.933530807495117
		endloop
	endfacet
	facet normal -1 0 0
		outer loop
			vertex -449.47369384765625 127.17057037353516 20.933530807495117
			vertex -449.47369384765625 127.17057037353516 25.933530807495117
			vertex -449.47369384765625 127.80611419677734 20.933530807495117
		endloop
	endfacet
	facet normal 0 1 0
		outer loop
			vertex -448.8381652832031 127.80611419677734 25.933530807495117
			vertex -448.8381652832031 127.80611419677734 20.933530807495117
			vertex -449.47369384765625 127.80611419677734 20.933530807495117
		endloop
	endfacet
	facet normal 0 1 0
		outer loop
			vertex -448.8381652832031 127.80611419677734 25.933530807495117
			vertex -449.47369384765625 127.80611419677734 20.933530807495117
			vertex -449.47369384765625 127.80611419677734 25.933530807495117
		endloop
	endfacet
	facet normal 1 0 0
		outer loop
			vertex -448.8381652832031 127.17057037353516 25.933530807495117
			vertex -448.8381652832031 127.17057037353516 20.933530807495117
			vertex -448.8381652832031 127.80611419677734 20.933530807495117
		endloop
	endfacet
	facet normal 1 0 0
		outer loop
			vertex -448.8381652832031 127.17057037353516 25.933530807495117
			vertex -448.8381652832031 127.80611419677734 20.933530807495117
			vertex -448.8381652832031 127.80611419677734 25.933530807495117
		endloop
	endfacet
	facet normal 0 -1 0
		outer loop
			vertex -449.47369384765625 127.17057037353516 20.933530807495117
			vertex -448.8381652832031 127.17057037353516 25.933530807495117
			vertex -449.47369384765625 127.17057037353516 25.933530807495117
		endloop
	endfacet
	facet normal 0 -1 0
		outer loop
			vertex -448.8381652832031 127.17057037353516 20.933530807495117
			vertex -448.8381652832031 127.17057037353516 25.933530807495117
			vertex -449.47369384765625 127.17057037353516 20.933530807495117
		endloop
	endfacet
	facet normal 0 0 1
		outer loop
			vertex -448.96527099609375 127.67900848388672 26.933530807495117
			vertex -449.3465881347656 127.67900848388672 26.933530807495117
			vertex -449.3465881347656 127.29768371582031 26.933530807495117
		endloop
	endfacet
	facet normal 0 0 1
		outer loop
			vertex -448.96527099609375 127.67900848388672 26.933530807495117
			vertex -449.3465881347656 127.29768371582031 26.933530807495117
			vertex -448.96527099609375 127.29768371582031 26.933530807495117
		endloop
	endfacet
	facet normal 0.9920195938831873 0.00005954410011153418 0.12608378883241228
		outer loop
			vertex -448.9017333984375 127.48834228515625 26.433530807495117
			vertex -448.96527099609375 127.29768371582031 26.933530807495117
			vertex -448.8381652832031 127.17057037353516 25.933530807495117
		endloop
	endfacet
	facet normal 0.9920148616685026 0 0.1261210300815119
		outer loop
			vertex -448.9017333984375 127.48834228515625 26.433530807495117
			vertex -448.8381652832031 127.17057037353516 25.933530807495117
			vertex -448.8381652832031 127.80611419677734 25.933530807495117
		endloop
	endfacet
	facet normal 0.9920195938122145 -0.000059543206615180486 0.12608378939124515
		outer loop
			vertex -448.9017333984375 127.48834228515625 26.433530807495117
			vertex -448.8381652832031 127.80611419677734 25.933530807495117
			vertex -448.96527099609375 127.67900848388672 26.933530807495117
		endloop
	endfacet
	facet normal 0.9920224353081998 0 0.12606144472117137
		outer loop
			vertex -448.9017333984375 127.48834228515625 26.433530807495117
			vertex -448.96527099609375 127.67900848388672 26.933530807495117
			vertex -448.96527099609375 127.29768371582031 26.933530807495117
		endloop
	endfacet
	facet normal -0.9920148616685026 0 0.1261210300815119
		outer loop
			vertex -449.41015625 127.48834228515625 26.433530807495117
			vertex -449.3465881347656 127.29768371582031 26.933530807495117
			vertex -449.3465881347656 127.67900848388672 26.933530807495117
		endloop
	endfacet
	facet normal -0.9920177004591212 0.00005954309297194689 0.126098685284255
		outer loop
			vertex -449.41015625 127.48834228515625 26.433530807495117
			vertex -449.3465881347656 127.67900848388672 26.933530807495117
			vertex -449.47369384765625 127.80611419677734 25.933530807495117
		endloop
	endfacet
	facet normal -0.9920224353081998 0 0.1260614447211714
		outer loop
			vertex -449.41015625 127.48834228515625 26.433530807495117
			vertex -449.47369384765625 127.80611419677734 25.933530807495117
			vertex -449.47369384765625 127.17057037353516 25.933530807495117
		endloop
	endfacet
	facet normal -0.9920177003880346 -0.00005954398645806843 0.12609868584307124
		outer loop
			vertex -449.41015625 127.48834228515625 26.433530807495117
			vertex -449.47369384765625 127.17057037353516 25.933530807495117
			vertex -449.3465881347656 127.29768371582031 26.933530807495117
		endloop
	endfacet
	facet normal 0 0.9920185887551248 0.12609171092617677
		outer loop
			vertex -449.15594482421875 127.74256134033203 26.43353271484375
			vertex -449.3465881347656 127.67900848388672 26.933530807495117
			vertex -448.96527099609375 127.67900848388672 26.933530807495117
		endloop
	endfacet
	facet normal 9.460068115884694e-7 0.9920186338802549 0.1260913559030039
		outer loop
			vertex -449.15594482421875 127.74256134033203 26.43353271484375
			vertex -448.96527099609375 127.67900848388672 26.933530807495117
			vertex -448.8381652832031 127.80611419677734 25.933530807495117
		endloop
	endfacet
	facet normal 0 0.9920187090867343 0.1260907642212134
		outer loop
			vertex -449.15594482421875 127.74256134033203 26.43353271484375
			vertex -448.8381652832031 127.80611419677734 25.933530807495117
			vertex -449.47369384765625 127.80611419677734 25.933530807495117
		endloop
	endfacet
	facet normal -9.46120384756064e-7 0.992018633878449 0.12609135591721016
		outer loop
			vertex -449.15594482421875 127.74256134033203 26.43353271484375
			vertex -449.47369384765625 127.80611419677734 25.933530807495117
			vertex -449.3465881347656 127.67900848388672 26.933530807495117
		endloop
	endfacet
	facet normal 0.000014887117155615661 -0.9920179387816053 0.12609682356772242
		outer loop
			vertex -449.15594482421875 127.234130859375 26.433530807495117
			vertex -449.3465881347656 127.29768371582031 26.933530807495117
			vertex -449.47369384765625 127.17057037353516 25.933530807495117
		endloop
	endfacet
	facet normal 0 -0.992016755403113 0.1261061338693746
		outer loop
			vertex -449.15594482421875 127.234130859375 26.433530807495117
			vertex -449.47369384765625 127.17057037353516 25.933530807495117
			vertex -448.8381652832031 127.17057037353516 25.933530807495117
		endloop
	endfacet
	facet normal -0.000014885330093530068 -0.9920179387532179 0.1260968237912598
		outer loop
			vertex -449.15594482421875 127.234130859375 26.433530807495117
			vertex -448.8381652832031 127.17057037353516 25.933530807495117
			vertex -448.96527099609375 127.29768371582031 26.933530807495117
		endloop
	endfacet
	facet normal 0 -0.9920186489212682 0.12609123757193244
		outer loop
			vertex -449.15594482421875 127.234130859375 26.433530807495117
			vertex -448.96527099609375 127.29768371582031 26.933530807495117
			vertex -449.3465881347656 127.29768371582031 26.933530807495117
		endloop
	endfacet
	facet normal -1 0 0
		outer loop
			vertex -400.5792236328125 127.86965942382812 16.933530807495117
			vertex -400.5792236328125 127.86965942382812 17.433530807495117
			vertex -400.5792236328125 128.87240600585938 17.433530807495117
		endloop
	endfacet
	facet normal -1 0 0
		outer loop
			vertex -400.5792236328125 127.86965942382812 16.933530807495117
			vertex -400.5792236328125 128.87240600585938 17.433530807495117
			vertex -400.5792236328125 128.87240600585938 16.933530807495117
		endloop
	endfacet
	facet normal 0 -1 0
		outer loop
			vertex -399.5765075683594 127.86965942382812 16.933530807495117
			vertex -399.5765075683594 127.86965942382812 17.433530807495117
			vertex -400.5792236328125 127.86965942382812 17.433530807495117
		endloop
	endfacet
	facet normal 0 -1 0
		outer loop
			vertex -399.5765075683594 127.86965942382812 16.933530807495117
			vertex -400.5792236328125 127.86965942382812 17.433530807495117
			vertex -400.5792236328125 127.86965942382812 16.933530807495117
		endloop
	endfacet
	facet normal 1 0 0
		outer loop
			vertex -399.5765075683594 127.86965942382812 17.433530807495117
			vertex -399.5765075683594 127.86965942382812 16.933530807495117
			vertex -399.5765075683594 128.87240600585938 16.933530807495117
		endloop
	endfacet
	facet normal 1 0 0
		outer loop
			vertex -399.5765075683594 127.86965942382812 17.433530807495117
			vertex -399.5765075683594 128.87240600585938 16.933530807495117
			vertex -399.5765075683594 128.87240600585938 17.433530807495117
		endloop
	endfacet
	facet normal 0 1 0
		outer loop
			vertex -399.5765075683594 128.87240600585938 17.433530807495117
			vertex -399.5765075683594 128.87240600585938 16.933530807495117
			vertex -400.5792236328125 128.87240600585938 16.933530807495117
		endloop
	endfacet
	facet normal 0 1 0
		outer loop
			vertex -399.5765075683594 128.87240600585938 17.433530807495117
			vertex -400.5792236328125 128.87240600585938 16.933530807495117
			vertex -400.5792236328125 128.87240600585938 17.433530807495117
		endloop
	endfacet
	facet normal 0 0 -1
		outer loop
			vertex -400.5792236328125 128.87240600585938 16.933530807495117
			vertex -399.5765075683594 128.87240600585938 16.933530807495117
			vertex -399.5765075683594 127.86965942382812 16.933530807495117
		endloop
	endfacet
	facet normal 0 0 -1
		outer loop
			vertex -400.5792236328125 128.87240600585938 16.933530807495117
			vertex -399.5765075683594 127.86965942382812 16.933530807495117
			vertex -400.5792236328125 127.86965942382812 16.933530807495117
		endloop
	endfacet
	facet normal 0 0 1
		outer loop
			vertex -399.5765075683594 128.87240600585938 17.433530807495117
			vertex -400.5792236328125 128.87240600585938 17.433530807495117
			vertex -400.5792236328125 127.86965942382812 17.433530807495117
		endloop
	endfacet
	facet normal 0 0 1
		outer loop
			vertex -399.5765075683594 128.87240600585938 17.433530807495117
			vertex -400.5792236328125 127.86965942382812 17.433530807495117
			vertex -399.5765075683594 127.86965942382812 17.433530807495117
		endloop
	endfacet
	facet normal -1 0 0
		outer loop
			vertex -400.5792236328125 129.7762908935547 16.933530807495117
			vertex -400.5792236328125 129.7762908935547 17.433530807495117
			vertex -400.5792236328125 130.77903747558594 17.433530807495117
		endloop
	endfacet
	facet normal -1 0 0
		outer loop
			vertex -400.5792236328125 129.7762908935547 16.933530807495117
			vertex -400.5792236328125 130.77903747558594 17.433530807495117
			vertex -400.5792236328125 130.77903747558594 16.933530807495117
		endloop
	endfacet
	facet normal 0 -1 0
		outer loop
			vertex -399.5765075683594 129.7762908935547 16.933530807495117
			vertex -399.5765075683594 129.7762908935547 17.433530807495117
			vertex -400.5792236328125 129.7762908935547 17.433530807495117
		endloop
	endfacet
	facet normal 0 -1 0
		outer loop
			vertex -399.5765075683594 129.7762908935547 16.933530807495117
			vertex -400.5792236328125 129.7762908935547 17.433530807495117
			vertex -400.5792236328125 129.7762908935547 16.933530807495117
		endloop
	endfacet
	facet normal 1 0 0
		outer loop
			vertex -399.5765075683594 129.7762908935547 17.433530807495117
			vertex -399.5765075683594 129.7762908935547 16.933530807495117
			vertex -399.5765075683594 130.77903747558594 16.933530807495117
		endloop
	endfacet
	facet normal 1 0 0
		outer loop
			vertex -399.5765075683594 129.7762908935547 17.433530807495117
			vertex -399.5765075683594 130.77903747558594 16.933530807495117
			vertex -399.5765075683594 130.77903747558594 17.433530807495117
		endloop
	endfacet
	facet normal 0 1 0
		outer loop
			vertex -399.5765075683594 130.77903747558594 17.433530807495117
			vertex -399.5765075683594 130.77903747558594 16.933530807495117
			vertex -400.5792236328125 130.77903747558594 16.933530807495117
		endloop
	endfacet
	facet normal 0 1 0
		outer loop
			vertex -399.5765075683594 130.77903747558594 17.433530807495117
			vertex -400.5792236328125 130.77903747558594 16.933530807495117
			vertex -400.5792236328125 130.77903747558594 17.433530807495117
		endloop
	endfacet
	facet normal 0 0 -1
		outer loop
			vertex -400.5792236328125 130.77903747558594 16.933530807495117
			vertex -399.5765075683594 130.77903747558594 16.933530807495117
			vertex -399.5765075683594 129.7762908935547 16.933530807495117
		endloop
	endfacet
	facet normal 0 0 -1
		outer loop
			vertex -400.5792236328125 130.77903747558594 16.933530807495117
			vertex -399.5765075683594 129.7762908935547 16.933530807495117
			vertex -400.5792236328125 129.7762908935547 16.933530807495117
		endloop
	endfacet
	facet normal 0 0 1
		outer loop
			vertex -399.5765075683594 130.77903747558594 17.433530807495117
			vertex -400.5792236328125 130.77903747558594 17.433530807495117
			vertex -400.5792236328125 129.7762908935547 17.433530807495117
		endloop
	endfacet
	facet normal 0 0 1
		outer loop
			vertex -399.5765075683594 130.77903747558594 17.433530807495117
			vertex -400.5792236328125 129.7762908935547 17.433530807495117
			vertex -399.5765075683594 129.7762908935547 17.433530807495117
		endloop
	endfacet
	facet normal -1 0 0
		outer loop
			vertex -400.5792236328125 125.9630355834961 16.933530807495117
			vertex -400.5792236328125 125.9630355834961 17.433530807495117
			vertex -400.5792236328125 126.96578216552734 17.433530807495117
		endloop
	endfacet
	facet normal -1 0 0
		outer loop
			vertex -400.5792236328125 125.9630355834961 16.933530807495117
			vertex -400.5792236328125 126.96578216552734 17.433530807495117
			vertex -400.5792236328125 126.96578216552734 16.933530807495117
		endloop
	endfacet
	facet normal 0 -1 0
		outer loop
			vertex -399.5765075683594 125.9630355834961 16.933530807495117
			vertex -399.5765075683594 125.9630355834961 17.433530807495117
			vertex -400.5792236328125 125.9630355834961 17.433530807495117
		endloop
	endfacet
	facet normal 0 -1 0
		outer loop
			vertex -399.5765075683594 125.9630355834961 16.933530807495117
			vertex -400.5792236328125 125.9630355834961 17.433530807495117
			vertex -400.5792236328125 125.9630355834961 16.933530807495117
		endloop
	endfacet
	facet normal 1 0 0
		outer loop
			vertex -399.5765075683594 125.9630355834961 17.433530807495117
			vertex -399.5765075683594 125.9630355834961 16.933530807495117
			vertex -399.5765075683594 126.96578216552734 16.933530807495117
		endloop
	endfacet
	facet normal 1 0 0
		outer loop
			vertex -399.5765075683594 125.9630355834961 17.433530807495117
			vertex -399.5765075683594 126.96578216552734 16.933530807495117
			vertex -399.5765075683594 126.96578216552734 17.433530807495117
		endloop
	endfacet
	facet normal 0 1 0
		outer loop
			vertex -399.5765075683594 126.96578216552734 17.433530807495117
			vertex -399.5765075683594 126.96578216552734 16.933530807495117
			vertex -400.5792236328125 126.96578216552734 16.933530807495117
		endloop
	endfacet
	facet normal 0 1 0
		outer loop
			vertex -399.5765075683594 126.96578216552734 17.433530807495117
			vertex -400.5792236328125 126.96578216552734 16.933530807495117
			vertex -400.5792236328125 126.96578216552734 17.433530807495117
		endloop
	endfacet
	facet normal 0 0 -1
		outer loop
			vertex -400.5792236328125 126.96578216552734 16.933530807495117
			vertex -399.5765075683594 126.96578216552734 16.933530807495117
			vertex -399.5765075683594 125.9630355834961 16.933530807495117
		endloop
	endfacet
	facet normal 0 0 -1
		outer loop
			vertex -400.5792236328125 126.96578216552734 16.933530807495117
			vertex -399.5765075683594 125.9630355834961 16.933530807495117
			vertex -400.5792236328125 125.9630355834961 16.933530807495117
		endloop
	endfacet
	facet normal 0 0 1
		outer loop
			vertex -399.5765075683594 126.96578216552734 17.433530807495117
			vertex -400.5792236328125 126.96578216552734 17.433530807495117
			vertex -400.5792236328125 125.9630355834961 17.433530807495117
		endloop
	endfacet
	facet normal 0 0 1
		outer loop
			vertex -399.5765075683594 126.96578216552734 17.433530807495117
			vertex -400.5792236328125 125.9630355834961 17.433530807495117
			vertex -399.5765075683594 125.9630355834961 17.433530807495117
		endloop
	endfacet
	facet normal -1 0 0
		outer loop
			vertex -400.5792236328125 131.68292236328125 16.933530807495117
			vertex -400.5792236328125 131.68292236328125 17.433530807495117
			vertex -400.5792236328125 132.6856689453125 17.433530807495117
		endloop
	endfacet
	facet normal -1 0 0
		outer loop
			vertex -400.5792236328125 131.68292236328125 16.933530807495117
			vertex -400.5792236328125 132.6856689453125 17.433530807495117
			vertex -400.5792236328125 132.6856689453125 16.933530807495117
		endloop
	endfacet
	facet normal 0 -1 0
		outer loop
			vertex -399.5765075683594 131.68292236328125 16.933530807495117
			vertex -399.5765075683594 131.68292236328125 17.433530807495117
			vertex -400.5792236328125 131.68292236328125 17.433530807495117
		endloop
	endfacet
	facet normal 0 -1 0
		outer loop
			vertex -399.5765075683594 131.68292236328125 16.933530807495117
			vertex -400.5792236328125 131.68292236328125 17.433530807495117
			vertex -400.5792236328125 131.68292236328125 16.933530807495117
		endloop
	endfacet
	facet normal 1 0 0
		outer loop
			vertex -399.5765075683594 131.68292236328125 17.433530807495117
			vertex -399.5765075683594 131.68292236328125 16.933530807495117
			vertex -399.5765075683594 132.6856689453125 16.933530807495117
		endloop
	endfacet
	facet normal 1 0 0
		outer loop
			vertex -399.5765075683594 131.68292236328125 17.433530807495117
			vertex -399.5765075683594 132.6856689453125 16.933530807495117
			vertex -399.5765075683594 132.6856689453125 17.433530807495117
		endloop
	endfacet
	facet normal 0 1 0
		outer loop
			vertex -399.5765075683594 132.6856689453125 17.433530807495117
			vertex -399.5765075683594 132.6856689453125 16.933530807495117
			vertex -400.5792236328125 132.6856689453125 16.933530807495117
		endloop
	endfacet
	facet normal 0 1 0
		outer loop
			vertex -399.5765075683594 132.6856689453125 17.433530807495117
			vertex -400.5792236328125 132.6856689453125 16.933530807495117
			vertex -400.5792236328125 132.6856689453125 17.433530807495117
		endloop
	endfacet
	facet normal 0 0 -1
		outer loop
			vertex -400.5792236328125 132.6856689453125 16.933530807495117
			vertex -399.5765075683594 132.6856689453125 16.933530807495117
			vertex -399.5765075683594 131.68292236328125 16.933530807495117
		endloop
	endfacet
	facet normal 0 0 -1
		outer loop
			vertex -400.5792236328125 132.6856689453125 16.933530807495117
			vertex -399.5765075683594 131.68292236328125 16.933530807495117
			vertex -400.5792236328125 131.68292236328125 16.933530807495117
		endloop
	endfacet
	facet normal 0 0 1
		outer loop
			vertex -399.5765075683594 132.6856689453125 17.433530807495117
			vertex -400.5792236328125 132.6856689453125 17.433530807495117
			vertex -400.5792236328125 131.68292236328125 17.433530807495117
		endloop
	endfacet
	facet normal 0 0 1
		outer loop
			vertex -399.5765075683594 132.6856689453125 17.433530807495117
			vertex -400.5792236328125 131.68292236328125 17.433530807495117
			vertex -399.5765075683594 131.68292236328125 17.433530807495117
		endloop
	endfacet
	facet normal 1 0 0
		outer loop
			vertex -423.5576477050781 121.17527770996094 17.933530807495117
			vertex -423.5576477050781 121.17527770996094 16.933530807495117
			vertex -423.5576477050781 131.1744842529297 16.933530807495117
		endloop
	endfacet
	facet normal 1 0 0
		outer loop
			vertex -423.5576477050781 121.17527770996094 17.933530807495117
			vertex -423.5576477050781 131.1744842529297 16.933530807495117
			vertex -423.5576477050781 131.1744842529297 17.933530807495117
		endloop
	endfacet
	facet normal 0 1 0
		outer loop
			vertex -423.5576477050781 131.1744842529297 17.933530807495117
			vertex -423.5576477050781 131.1744842529297 16.933530807495117
			vertex -438.0621643066406 131.1744842529297 16.933530807495117
		endloop
	endfacet
	facet normal 0 1 0
		outer loop
			vertex -423.5576477050781 131.1744842529297 17.933530807495117
			vertex -438.0621643066406 131.1744842529297 16.933530807495117
			vertex -438.0621643066406 131.1744842529297 17.933530807495117
		endloop
	endfacet
	facet normal -1 0 0
		outer loop
			vertex -438.0621643066406 121.17527770996094 16.933530807495117
			vertex -438.0621643066406 121.17527770996094 17.933530807495117
			vertex -438.0621643066406 131.1744842529297 17.933530807495117
		endloop
	endfacet
	facet normal -1 0 0
		outer loop
			vertex -438.0621643066406 121.17527770996094 16.933530807495117
			vertex -438.0621643066406 131.1744842529297 17.933530807495117
			vertex -438.0621643066406 131.1744842529297 16.933530807495117
		endloop
	endfacet
	facet normal 0 -1 0
		outer loop
			vertex -423.5576477050781 121.17527770996094 16.933530807495117
			vertex -423.5576477050781 121.17527770996094 17.933530807495117
			vertex -438.0621643066406 121.17527770996094 17.933530807495117
		endloop
	endfacet
	facet normal 0 -1 0
		outer loop
			vertex -423.5576477050781 121.17527770996094 16.933530807495117
			vertex -438.0621643066406 121.17527770996094 17.933530807495117
			vertex -438.0621643066406 121.17527770996094 16.933530807495117
		endloop
	endfacet
	facet normal 0 0 -1
		outer loop
			vertex -438.0621643066406 131.1744842529297 16.933530807495117
			vertex -423.5576477050781 121.17527770996094 16.933530807495117
			vertex -438.0621643066406 121.17527770996094 16.933530807495117
		endloop
	endfacet
	facet normal 0 0 -1
		outer loop
			vertex -438.0621643066406 131.1744842529297 16.933530807495117
			vertex -423.5576477050781 131.1744842529297 16.933530807495117
			vertex -423.5576477050781 121.17527770996094 16.933530807495117
		endloop
	endfacet
	facet normal 0 0 1
		outer loop
			vertex -423.5576477050781 131.1744842529297 17.933530807495117
			vertex -438.0621643066406 131.1744842529297 17.933530807495117
			vertex -438.0621643066406 121.17527770996094 17.933530807495117
		endloop
	endfacet
	facet normal 0 0 1
		outer loop
			vertex -423.5576477050781 131.1744842529297 17.933530807495117
			vertex -438.0621643066406 121.17527770996094 17.933530807495117
			vertex -423.5576477050781 121.17527770996094 17.933530807495117
		endloop
	endfacet
	facet normal 1 0 0
		outer loop
			vertex -424.602783203125 108.06896209716797 17.933530807495117
			vertex -424.602783203125 108.06896209716797 16.933530807495117
			vertex -424.602783203125 120.07366943359375 16.933530807495117
		endloop
	endfacet
	facet normal 1 0 0
		outer loop
			vertex -424.602783203125 108.06896209716797 17.933530807495117
			vertex -424.602783203125 120.07366943359375 16.933530807495117
			vertex -424.602783203125 120.07366943359375 17.933530807495117
		endloop
	endfacet
	facet normal 0 1 0
		outer loop
			vertex -424.602783203125 120.07366943359375 17.933530807495117
			vertex -424.602783203125 120.07366943359375 16.933530807495117
			vertex -437.0029296875 120.07366943359375 16.933530807495117
		endloop
	endfacet
	facet normal 0 1 0
		outer loop
			vertex -424.602783203125 120.07366943359375 17.933530807495117
			vertex -437.0029296875 120.07366943359375 16.933530807495117
			vertex -437.0029296875 120.07366943359375 17.933530807495117
		endloop
	endfacet
	facet normal -1 0 0
		outer loop
			vertex -437.0029296875 108.06896209716797 16.933530807495117
			vertex -437.0029296875 108.06896209716797 17.933530807495117
			vertex -437.0029296875 120.07366943359375 17.933530807495117
		endloop
	endfacet
	facet normal -1 0 0
		outer loop
			vertex -437.0029296875 108.06896209716797 16.933530807495117
			vertex -437.0029296875 120.07366943359375 17.933530807495117
			vertex -437.0029296875 120.07366943359375 16.933530807495117
		endloop
	endfacet
	facet normal 0 -1 0
		outer loop
			vertex -424.602783203125 108.06896209716797 16.933530807495117
			vertex -424.602783203125 108.06896209716797 17.933530807495117
			vertex -437.0029296875 108.06896209716797 17.933530807495117
		endloop
	endfacet
	facet normal 0 -1 0
		outer loop
			vertex -424.602783203125 108.06896209716797 16.933530807495117
			vertex -437.0029296875 108.06896209716797 17.933530807495117
			vertex -437.0029296875 108.06896209716797 16.933530807495117
		endloop
	endfacet
	facet normal 0 0 -1
		outer loop
			vertex -437.0029296875 120.07366943359375 16.933530807495117
			vertex -424.602783203125 108.06896209716797 16.933530807495117
			vertex -437.0029296875 108.06896209716797 16.933530807495117
		endloop
	endfacet
	facet normal 0 0 -1
		outer loop
			vertex -437.0029296875 120.07366943359375 16.933530807495117
			vertex -424.602783203125 120.07366943359375 16.933530807495117
			vertex -424.602783203125 108.06896209716797 16.933530807495117
		endloop
	endfacet
	facet normal 0 0 1
		outer loop
			vertex -424.602783203125 120.07366943359375 17.933530807495117
			vertex -437.0029296875 120.07366943359375 17.933530807495117
			vertex -437.0029296875 108.06896209716797 17.933530807495117
		endloop
	endfacet
	facet normal 0 0 1
		outer loop
			vertex -424.602783203125 120.07366943359375 17.933530807495117
			vertex -437.0029296875 108.06896209716797 17.933530807495117
			vertex -424.602783203125 108.06896209716797 17.933530807495117
		endloop
	endfacet
	facet normal 0 1 0
		outer loop
			vertex -447.851806640625 105.96232604980469 18.933530807495117
			vertex -447.851806640625 105.96232604980469 17.933530807495117
			vertex -459.4565124511719 105.96232604980469 17.933530807495117
		endloop
	endfacet
	facet normal 0 1 0
		outer loop
			vertex -447.851806640625 105.96232604980469 18.933530807495117
			vertex -459.4565124511719 105.96232604980469 17.933530807495117
			vertex -459.4565124511719 105.96232604980469 18.933530807495117
		endloop
	endfacet
	facet normal -1 0 0
		outer loop
			vertex -459.4565124511719 90.36076354980469 18.933530807495117
			vertex -459.4565124511719 105.96232604980469 18.933530807495117
			vertex -459.4565124511719 105.96232604980469 17.933530807495117
		endloop
	endfacet
	facet normal -1 0 0
		outer loop
			vertex -459.4565124511719 90.36076354980469 17.933530807495117
			vertex -459.4565124511719 90.36076354980469 18.933530807495117
			vertex -459.4565124511719 105.96232604980469 17.933530807495117
		endloop
	endfacet
	facet normal 0 -1 0
		outer loop
			vertex -447.851806640625 90.36076354980469 17.933530807495117
			vertex -447.851806640625 90.36076354980469 18.933530807495117
			vertex -459.4565124511719 90.36076354980469 18.933530807495117
		endloop
	endfacet
	facet normal 0 -1 0
		outer loop
			vertex -447.851806640625 90.36076354980469 17.933530807495117
			vertex -459.4565124511719 90.36076354980469 18.933530807495117
			vertex -459.4565124511719 90.36076354980469 17.933530807495117
		endloop
	endfacet
	facet normal 1 0 0
		outer loop
			vertex -447.851806640625 90.36076354980469 17.933530807495117
			vertex -447.851806640625 105.96232604980469 17.933530807495117
			vertex -447.851806640625 105.96232604980469 18.933530807495117
		endloop
	endfacet
	facet normal 1 0 0
		outer loop
			vertex -447.851806640625 90.36076354980469 18.933530807495117
			vertex -447.851806640625 90.36076354980469 17.933530807495117
			vertex -447.851806640625 105.96232604980469 18.933530807495117
		endloop
	endfacet
	facet normal 0 0 -1
		outer loop
			vertex -459.4565124511719 105.96232604980469 17.933530807495117
			vertex -447.851806640625 105.96232604980469 17.933530807495117
			vertex -447.851806640625 90.36076354980469 17.933530807495117
		endloop
	endfacet
	facet normal 0 0 -1
		outer loop
			vertex -459.4565124511719 105.96232604980469 17.933530807495117
			vertex -447.851806640625 90.36076354980469 17.933530807495117
			vertex -459.4565124511719 90.36076354980469 17.933530807495117
		endloop
	endfacet
	facet normal 0 0 1
		outer loop
			vertex -447.851806640625 105.96232604980469 18.933530807495117
			vertex -459.4565124511719 105.96232604980469 18.933530807495117
			vertex -459.4565124511719 90.36076354980469 18.933530807495117
		endloop
	endfacet
	facet normal 0 0 1
		outer loop
			vertex -447.851806640625 105.96232604980469 18.933530807495117
			vertex -459.4565124511719 90.36076354980469 18.933530807495117
			vertex -447.851806640625 90.36076354980469 18.933530807495117
		endloop
	endfacet
	facet normal 0 1 0
		outer loop
			vertex -447.6518249511719 106.1623306274414 17.933530807495117
			vertex -447.6518249511719 106.1623306274414 16.933530807495117
			vertex -459.6565246582031 106.1623306274414 16.933530807495117
		endloop
	endfacet
	facet normal 0 1 0
		outer loop
			vertex -447.6518249511719 106.1623306274414 17.933530807495117
			vertex -459.6565246582031 106.1623306274414 16.933530807495117
			vertex -459.6565246582031 106.1623306274414 17.933530807495117
		endloop
	endfacet
	facet normal -1 0 0
		outer loop
			vertex -459.6565246582031 90.16075897216797 16.933530807495117
			vertex -459.6565246582031 90.16075897216797 17.933530807495117
			vertex -459.6565246582031 106.1623306274414 17.933530807495117
		endloop
	endfacet
	facet normal -1 0 0
		outer loop
			vertex -459.6565246582031 90.16075897216797 16.933530807495117
			vertex -459.6565246582031 106.1623306274414 17.933530807495117
			vertex -459.6565246582031 106.1623306274414 16.933530807495117
		endloop
	endfacet
	facet normal 0 -1 0
		outer loop
			vertex -447.6518249511719 90.16075897216797 16.933530807495117
			vertex -447.6518249511719 90.16075897216797 17.933530807495117
			vertex -459.6565246582031 90.16075897216797 17.933530807495117
		endloop
	endfacet
	facet normal 0 -1 0
		outer loop
			vertex -447.6518249511719 90.16075897216797 16.933530807495117
			vertex -459.6565246582031 90.16075897216797 17.933530807495117
			vertex -459.6565246582031 90.16075897216797 16.933530807495117
		endloop
	endfacet
	facet normal 1 0 0
		outer loop
			vertex -447.6518249511719 90.16075897216797 17.933530807495117
			vertex -447.6518249511719 90.16075897216797 16.933530807495117
			vertex -447.6518249511719 106.1623306274414 16.933530807495117
		endloop
	endfacet
	facet normal 1 0 0
		outer loop
			vertex -447.6518249511719 90.16075897216797 17.933530807495117
			vertex -447.6518249511719 106.1623306274414 16.933530807495117
			vertex -447.6518249511719 106.1623306274414 17.933530807495117
		endloop
	endfacet
	facet normal 0 0 -1
		outer loop
			vertex -447.6518249511719 106.1623306274414 16.933530807495117
			vertex -447.6518249511719 90.16075897216797 16.933530807495117
			vertex -459.6565246582031 90.16075897216797 16.933530807495117
		endloop
	endfacet
	facet normal 0 0 -1
		outer loop
			vertex -459.6565246582031 106.1623306274414 16.933530807495117
			vertex -447.6518249511719 106.1623306274414 16.933530807495117
			vertex -459.6565246582031 90.16075897216797 16.933530807495117
		endloop
	endfacet
	facet normal 0 0 1
		outer loop
			vertex -459.6565246582031 106.1623306274414 17.933530807495117
			vertex -459.6565246582031 90.16075897216797 17.933530807495117
			vertex -447.6518249511719 90.16075897216797 17.933530807495117
		endloop
	endfacet
	facet normal 0 0 1
		outer loop
			vertex -447.6518249511719 106.1623306274414 17.933530807495117
			vertex -459.6565246582031 106.1623306274414 17.933530807495117
			vertex -447.6518249511719 90.16075897216797 17.933530807495117
		endloop
	endfacet
	facet normal -1 0 0
		outer loop
			vertex -465.630615234375 125.95099639892578 19.796649932861328
			vertex -465.630615234375 126.18077087402344 19.652212142944336
			vertex -465.630615234375 126.37364196777344 19.451250076293945
		endloop
	endfacet
	facet normal -1 0 0
		outer loop
			vertex -465.630615234375 126.50080871582031 19.23421287536621
			vertex -465.630615234375 125.95099639892578 19.796649932861328
			vertex -465.630615234375 126.37364196777344 19.451250076293945
		endloop
	endfacet
	facet normal -1 0 0
		outer loop
			vertex -465.630615234375 125.68834686279297 19.887475967407227
			vertex -465.630615234375 125.95099639892578 19.796649932861328
			vertex -465.630615234375 126.50080871582031 19.23421287536621
		endloop
	endfacet
	facet normal -1 0 0
		outer loop
			vertex -465.630615234375 126.58106231689453 18.99380111694336
			vertex -465.630615234375 125.68834686279297 19.887475967407227
			vertex -465.630615234375 126.50080871582031 19.23421287536621
		endloop
	endfacet
	facet normal -1 0 0
		outer loop
			vertex -465.630615234375 126.62036895751953 18.716121673583984
			vertex -465.630615234375 125.68834686279297 19.887475967407227
			vertex -465.630615234375 126.58106231689453 18.99380111694336
		endloop
	endfacet
	facet normal -1 0 0
		outer loop
			vertex -465.630615234375 125.12682342529297 19.933530807495117
			vertex -465.630615234375 126.62036895751953 18.716121673583984
			vertex -465.630615234375 126.62682342529297 18.433530807495117
		endloop
	endfacet
	facet normal -1 0 0
		outer loop
			vertex -465.630615234375 125.12682342529297 19.933530807495117
			vertex -465.630615234375 125.68834686279297 19.887475967407227
			vertex -465.630615234375 126.62036895751953 18.716121673583984
		endloop
	endfacet
	facet normal -1 0 0
		outer loop
			vertex -465.630615234375 126.14454650878906 17.186716079711914
			vertex -465.630615234375 126.48994445800781 17.60936164855957
			vertex -465.630615234375 126.34550476074219 17.379589080810547
		endloop
	endfacet
	facet normal -1 0 0
		outer loop
			vertex -465.630615234375 125.92750549316406 17.059547424316406
			vertex -465.630615234375 126.58077239990234 17.872013092041016
			vertex -465.630615234375 126.48994445800781 17.60936164855957
		endloop
	endfacet
	facet normal -1 0 0
		outer loop
			vertex -465.630615234375 125.92750549316406 17.059547424316406
			vertex -465.630615234375 126.48994445800781 17.60936164855957
			vertex -465.630615234375 126.14454650878906 17.186716079711914
		endloop
	endfacet
	facet normal -1 0 0
		outer loop
			vertex -465.630615234375 125.68709564208984 16.979297637939453
			vertex -465.630615234375 126.58077239990234 17.872013092041016
			vertex -465.630615234375 125.92750549316406 17.059547424316406
		endloop
	endfacet
	facet normal -1 0 0
		outer loop
			vertex -465.630615234375 125.40941619873047 16.93998908996582
			vertex -465.630615234375 126.62682342529297 18.433530807495117
			vertex -465.630615234375 126.58077239990234 17.872013092041016
		endloop
	endfacet
	facet normal -1 0 0
		outer loop
			vertex -465.630615234375 125.40941619873047 16.93998908996582
			vertex -465.630615234375 126.58077239990234 17.872013092041016
			vertex -465.630615234375 125.68709564208984 16.979297637939453
		endloop
	endfacet
	facet normal -1 0 0
		outer loop
			vertex -465.630615234375 125.12682342529297 16.933530807495117
			vertex -465.630615234375 125.12682342529297 19.933530807495117
			vertex -465.630615234375 126.62682342529297 18.433530807495117
		endloop
	endfacet
	facet normal -1 0 0
		outer loop
			vertex -465.630615234375 125.12682342529297 16.933530807495117
			vertex -465.630615234375 126.62682342529297 18.433530807495117
			vertex -465.630615234375 125.40941619873047 16.93998908996582
		endloop
	endfacet
	facet normal -1 0 0
		outer loop
			vertex -465.630615234375 117.82373046875 19.257701873779297
			vertex -465.630615234375 117.96817016601562 19.487472534179688
			vertex -465.630615234375 118.16912841796875 19.680347442626953
		endloop
	endfacet
	facet normal -1 0 0
		outer loop
			vertex -465.630615234375 117.82373046875 19.257701873779297
			vertex -465.630615234375 118.16912841796875 19.680347442626953
			vertex -465.630615234375 118.38616180419922 19.80751609802246
		endloop
	endfacet
	facet normal -1 0 0
		outer loop
			vertex -465.630615234375 117.73290252685547 18.99505043029785
			vertex -465.630615234375 118.38616180419922 19.80751609802246
			vertex -465.630615234375 118.62657928466797 19.887765884399414
		endloop
	endfacet
	facet normal -1 0 0
		outer loop
			vertex -465.630615234375 117.73290252685547 18.99505043029785
			vertex -465.630615234375 118.62657928466797 19.887765884399414
			vertex -465.630615234375 118.90425872802734 19.927074432373047
		endloop
	endfacet
	facet normal -1 0 0
		outer loop
			vertex -465.630615234375 117.73290252685547 18.99505043029785
			vertex -465.630615234375 117.82373046875 19.257701873779297
			vertex -465.630615234375 118.38616180419922 19.80751609802246
		endloop
	endfacet
	facet normal -1 0 0
		outer loop
			vertex -465.630615234375 119.18684387207031 16.933530807495117
			vertex -465.630615234375 119.18684387207031 19.933530807495117
			vertex -465.630615234375 125.12682342529297 19.933530807495117
		endloop
	endfacet
	facet normal -1 0 0
		outer loop
			vertex -465.630615234375 119.18684387207031 16.933530807495117
			vertex -465.630615234375 125.12682342529297 19.933530807495117
			vertex -465.630615234375 125.12682342529297 16.933530807495117
		endloop
	endfacet
	facet normal -1 0 0
		outer loop
			vertex -465.630615234375 117.68684387207031 18.433530807495117
			vertex -465.630615234375 118.90425872802734 19.927074432373047
			vertex -465.630615234375 119.18684387207031 19.933530807495117
		endloop
	endfacet
	facet normal -1 0 0
		outer loop
			vertex -465.630615234375 117.68684387207031 18.433530807495117
			vertex -465.630615234375 119.18684387207031 19.933530807495117
			vertex -465.630615234375 119.18684387207031 16.933530807495117
		endloop
	endfacet
	facet normal -1 0 0
		outer loop
			vertex -465.630615234375 117.68684387207031 18.433530807495117
			vertex -465.630615234375 117.73290252685547 18.99505043029785
			vertex -465.630615234375 118.90425872802734 19.927074432373047
		endloop
	endfacet
	facet normal -1 0 0
		outer loop
			vertex -465.630615234375 117.69330596923828 18.150941848754883
			vertex -465.630615234375 117.68684387207031 18.433530807495117
			vertex -465.630615234375 119.18684387207031 16.933530807495117
		endloop
	endfacet
	facet normal -1 0 0
		outer loop
			vertex -465.630615234375 118.62532806396484 16.97958755493164
			vertex -465.630615234375 117.73261260986328 17.873262405395508
			vertex -465.630615234375 117.69330596923828 18.150941848754883
		endloop
	endfacet
	facet normal -1 0 0
		outer loop
			vertex -465.630615234375 118.62532806396484 16.97958755493164
			vertex -465.630615234375 117.69330596923828 18.150941848754883
			vertex -465.630615234375 119.18684387207031 16.933530807495117
		endloop
	endfacet
	facet normal -1 0 0
		outer loop
			vertex -465.630615234375 117.8128662109375 17.632850646972656
			vertex -465.630615234375 117.73261260986328 17.873262405395508
			vertex -465.630615234375 118.62532806396484 16.97958755493164
		endloop
	endfacet
	facet normal -1 0 0
		outer loop
			vertex -465.630615234375 118.36267852783203 17.070411682128906
			vertex -465.630615234375 117.8128662109375 17.632850646972656
			vertex -465.630615234375 118.62532806396484 16.97958755493164
		endloop
	endfacet
	facet normal -1 0 0
		outer loop
			vertex -465.630615234375 117.94003295898438 17.41581153869629
			vertex -465.630615234375 117.8128662109375 17.632850646972656
			vertex -465.630615234375 118.36267852783203 17.070411682128906
		endloop
	endfacet
	facet normal -1 0 0
		outer loop
			vertex -465.630615234375 118.13290405273438 17.21485137939453
			vertex -465.630615234375 117.94003295898438 17.41581153869629
			vertex -465.630615234375 118.36267852783203 17.070411682128906
		endloop
	endfacet
	facet normal 1 0 0
		outer loop
			vertex -457.73577880859375 125.95099639892578 17.070411682128906
			vertex -457.73577880859375 126.18077087402344 17.21485137939453
			vertex -457.73577880859375 126.37364196777344 17.41581153869629
		endloop
	endfacet
	facet normal 1 0 0
		outer loop
			vertex -457.73577880859375 126.50080871582031 17.632850646972656
			vertex -457.73577880859375 125.95099639892578 17.070411682128906
			vertex -457.73577880859375 126.37364196777344 17.41581153869629
		endloop
	endfacet
	facet normal 1 0 0
		outer loop
			vertex -457.73577880859375 125.68834686279297 16.97958755493164
			vertex -457.73577880859375 125.95099639892578 17.070411682128906
			vertex -457.73577880859375 126.50080871582031 17.632850646972656
		endloop
	endfacet
	facet normal 1 0 0
		outer loop
			vertex -457.73577880859375 126.58106231689453 17.873262405395508
			vertex -457.73577880859375 125.68834686279297 16.97958755493164
			vertex -457.73577880859375 126.50080871582031 17.632850646972656
		endloop
	endfacet
	facet normal 1 0 0
		outer loop
			vertex -457.73577880859375 126.62036895751953 18.150941848754883
			vertex -457.73577880859375 125.68834686279297 16.97958755493164
			vertex -457.73577880859375 126.58106231689453 17.873262405395508
		endloop
	endfacet
	facet normal 1 0 0
		outer loop
			vertex -457.73577880859375 125.12682342529297 16.933530807495117
			vertex -457.73577880859375 126.62036895751953 18.150941848754883
			vertex -457.73577880859375 126.62682342529297 18.433530807495117
		endloop
	endfacet
	facet normal 1 0 0
		outer loop
			vertex -457.73577880859375 125.12682342529297 16.933530807495117
			vertex -457.73577880859375 125.68834686279297 16.97958755493164
			vertex -457.73577880859375 126.62036895751953 18.150941848754883
		endloop
	endfacet
	facet normal 1 0 0
		outer loop
			vertex -457.73577880859375 126.14454650878906 19.680347442626953
			vertex -457.73577880859375 126.48994445800781 19.257701873779297
			vertex -457.73577880859375 126.34550476074219 19.487472534179688
		endloop
	endfacet
	facet normal 1 0 0
		outer loop
			vertex -457.73577880859375 125.92750549316406 19.80751609802246
			vertex -457.73577880859375 126.58077239990234 18.99505043029785
			vertex -457.73577880859375 126.48994445800781 19.257701873779297
		endloop
	endfacet
	facet normal 1 0 0
		outer loop
			vertex -457.73577880859375 125.92750549316406 19.80751609802246
			vertex -457.73577880859375 126.48994445800781 19.257701873779297
			vertex -457.73577880859375 126.14454650878906 19.680347442626953
		endloop
	endfacet
	facet normal 1 0 0
		outer loop
			vertex -457.73577880859375 125.68709564208984 19.887765884399414
			vertex -457.73577880859375 126.58077239990234 18.99505043029785
			vertex -457.73577880859375 125.92750549316406 19.80751609802246
		endloop
	endfacet
	facet normal 1 0 0
		outer loop
			vertex -457.73577880859375 125.40941619873047 19.927074432373047
			vertex -457.73577880859375 126.62682342529297 18.433530807495117
			vertex -457.73577880859375 126.58077239990234 18.99505043029785
		endloop
	endfacet
	facet normal 1 0 0
		outer loop
			vertex -457.73577880859375 125.40941619873047 19.927074432373047
			vertex -457.73577880859375 126.58077239990234 18.99505043029785
			vertex -457.73577880859375 125.68709564208984 19.887765884399414
		endloop
	endfacet
	facet normal 1 0 0
		outer loop
			vertex -457.73577880859375 125.12682342529297 19.933530807495117
			vertex -457.73577880859375 125.12682342529297 16.933530807495117
			vertex -457.73577880859375 126.62682342529297 18.433530807495117
		endloop
	endfacet
	facet normal 1 0 0
		outer loop
			vertex -457.73577880859375 125.12682342529297 19.933530807495117
			vertex -457.73577880859375 126.62682342529297 18.433530807495117
			vertex -457.73577880859375 125.40941619873047 19.927074432373047
		endloop
	endfacet
	facet normal 1 0 0
		outer loop
			vertex -457.73577880859375 117.82373046875 17.60936164855957
			vertex -457.73577880859375 117.96817016601562 17.379589080810547
			vertex -457.73577880859375 118.16912841796875 17.186716079711914
		endloop
	endfacet
	facet normal 1 0 0
		outer loop
			vertex -457.73577880859375 117.82373046875 17.60936164855957
			vertex -457.73577880859375 118.16912841796875 17.186716079711914
			vertex -457.73577880859375 118.38616180419922 17.059547424316406
		endloop
	endfacet
	facet normal 1 0 0
		outer loop
			vertex -457.73577880859375 117.73290252685547 17.872013092041016
			vertex -457.73577880859375 118.38616180419922 17.059547424316406
			vertex -457.73577880859375 118.62657928466797 16.979297637939453
		endloop
	endfacet
	facet normal 1 0 0
		outer loop
			vertex -457.73577880859375 117.73290252685547 17.872013092041016
			vertex -457.73577880859375 118.62657928466797 16.979297637939453
			vertex -457.73577880859375 118.90425872802734 16.93998908996582
		endloop
	endfacet
	facet normal 1 0 0
		outer loop
			vertex -457.73577880859375 117.73290252685547 17.872013092041016
			vertex -457.73577880859375 117.82373046875 17.60936164855957
			vertex -457.73577880859375 118.38616180419922 17.059547424316406
		endloop
	endfacet
	facet normal 1 0 0
		outer loop
			vertex -457.73577880859375 117.68684387207031 18.433530807495117
			vertex -457.73577880859375 118.90425872802734 16.93998908996582
			vertex -457.73577880859375 119.18684387207031 16.933530807495117
		endloop
	endfacet
	facet normal 1 0 0
		outer loop
			vertex -457.73577880859375 117.68684387207031 18.433530807495117
			vertex -457.73577880859375 117.73290252685547 17.872013092041016
			vertex -457.73577880859375 118.90425872802734 16.93998908996582
		endloop
	endfacet
	facet normal 1 0 0
		outer loop
			vertex -457.73577880859375 119.18684387207031 19.933530807495117
			vertex -457.73577880859375 119.18684387207031 16.933530807495117
			vertex -457.73577880859375 125.12682342529297 16.933530807495117
		endloop
	endfacet
	facet normal 1 0 0
		outer loop
			vertex -457.73577880859375 119.18684387207031 19.933530807495117
			vertex -457.73577880859375 125.12682342529297 16.933530807495117
			vertex -457.73577880859375 125.12682342529297 19.933530807495117
		endloop
	endfacet
	facet normal 1 0 0
		outer loop
			vertex -457.73577880859375 119.18684387207031 19.933530807495117
			vertex -457.73577880859375 117.68684387207031 18.433530807495117
			vertex -457.73577880859375 119.18684387207031 16.933530807495117
		endloop
	endfacet
	facet normal 1 0 0
		outer loop
			vertex -457.73577880859375 117.69330596923828 18.716121673583984
			vertex -457.73577880859375 117.68684387207031 18.433530807495117
			vertex -457.73577880859375 119.18684387207031 19.933530807495117
		endloop
	endfacet
	facet normal 1 0 0
		outer loop
			vertex -457.73577880859375 118.62532806396484 19.887475967407227
			vertex -457.73577880859375 117.73261260986328 18.99380111694336
			vertex -457.73577880859375 117.69330596923828 18.716121673583984
		endloop
	endfacet
	facet normal 1 0 0
		outer loop
			vertex -457.73577880859375 118.62532806396484 19.887475967407227
			vertex -457.73577880859375 117.69330596923828 18.716121673583984
			vertex -457.73577880859375 119.18684387207031 19.933530807495117
		endloop
	endfacet
	facet normal 1 0 0
		outer loop
			vertex -457.73577880859375 117.8128662109375 19.23421287536621
			vertex -457.73577880859375 117.73261260986328 18.99380111694336
			vertex -457.73577880859375 118.62532806396484 19.887475967407227
		endloop
	endfacet
	facet normal 1 0 0
		outer loop
			vertex -457.73577880859375 118.36267852783203 19.796649932861328
			vertex -457.73577880859375 117.8128662109375 19.23421287536621
			vertex -457.73577880859375 118.62532806396484 19.887475967407227
		endloop
	endfacet
	facet normal 1 0 0
		outer loop
			vertex -457.73577880859375 117.94003295898438 19.451250076293945
			vertex -457.73577880859375 117.8128662109375 19.23421287536621
			vertex -457.73577880859375 118.36267852783203 19.796649932861328
		endloop
	endfacet
	facet normal 1 0 0
		outer loop
			vertex -457.73577880859375 118.13290405273438 19.652212142944336
			vertex -457.73577880859375 117.94003295898438 19.451250076293945
			vertex -457.73577880859375 118.36267852783203 19.796649932861328
		endloop
	endfacet
	facet normal 0 0 -1
		outer loop
			vertex -465.630615234375 125.12682342529297 16.933530807495117
			vertex -457.73577880859375 125.12682342529297 16.933530807495117
			vertex -457.73577880859375 119.18684387207031 16.933530807495117
		endloop
	endfacet
	facet normal 0 0 -1
		outer loop
			vertex -465.630615234375 125.12682342529297 16.933530807495117
			vertex -457.73577880859375 119.18684387207031 16.933530807495117
			vertex -465.630615234375 119.18684387207031 16.933530807495117
		endloop
	endfacet
	facet normal 0 0 1
		outer loop
			vertex -457.73577880859375 125.12682342529297 19.933530807495117
			vertex -465.630615234375 125.12682342529297 19.933530807495117
			vertex -465.630615234375 119.18684387207031 19.933530807495117
		endloop
	endfacet
	facet normal 0 0 1
		outer loop
			vertex -457.73577880859375 125.12682342529297 19.933530807495117
			vertex -465.630615234375 119.18684387207031 19.933530807495117
			vertex -457.73577880859375 119.18684387207031 19.933530807495117
		endloop
	endfacet
	facet normal 0 -0.9997386416929078 -0.0228615027069451
		outer loop
			vertex -457.73577880859375 117.68684387207031 18.433530807495117
			vertex -465.630615234375 117.68684387207031 18.433530807495117
			vertex -465.630615234375 117.69330596923828 18.150941848754883
		endloop
	endfacet
	facet normal -0.000015273809547886634 -0.9485454922216326 -0.3166408832616717
		outer loop
			vertex -457.73577880859375 117.73290252685547 17.872013092041016
			vertex -465.630615234375 117.73261260986328 17.873262405395508
			vertex -465.630615234375 117.8128662109375 17.632850646972656
		endloop
	endfacet
	facet normal 0.000014180860563893058 -0.9901293228657105 -0.140156782926809
		outer loop
			vertex -457.73577880859375 117.73290252685547 17.872013092041016
			vertex -465.630615234375 117.69330596923828 18.150941848754883
			vertex -465.630615234375 117.73261260986328 17.873262405395508
		endloop
	endfacet
	facet normal 0.002110411236738119 -0.996650587111576 -0.08175055580583476
		outer loop
			vertex -457.73577880859375 117.73290252685547 17.872013092041016
			vertex -457.73577880859375 117.68684387207031 18.433530807495117
			vertex -465.630615234375 117.69330596923828 18.150941848754883
		endloop
	endfacet
	facet normal -0.00031675125139321244 -0.862807301008942 -0.5055328485808911
		outer loop
			vertex -457.73577880859375 117.82373046875 17.60936164855957
			vertex -465.630615234375 117.8128662109375 17.632850646972656
			vertex -465.630615234375 117.94003295898438 17.41581153869629
		endloop
	endfacet
	facet normal 0.00032818173876751096 -0.9450859333837756 -0.32682177225035686
		outer loop
			vertex -457.73577880859375 117.82373046875 17.60936164855957
			vertex -457.73577880859375 117.73290252685547 17.872013092041016
			vertex -465.630615234375 117.8128662109375 17.632850646972656
		endloop
	endfacet
	facet normal -0.000605635691131175 -0.7214780439475993 -0.692437047901797
		outer loop
			vertex -457.73577880859375 117.96817016601562 17.379589080810547
			vertex -465.630615234375 117.94003295898438 17.41581153869629
			vertex -465.630615234375 118.13290405273438 17.21485137939453
		endloop
	endfacet
	facet normal 0.000575544207877633 -0.8466177718482948 -0.5322011059172027
		outer loop
			vertex -457.73577880859375 117.96817016601562 17.379589080810547
			vertex -457.73577880859375 117.82373046875 17.60936164855957
			vertex -465.630615234375 117.94003295898438 17.41581153869629
		endloop
	endfacet
	facet normal -0.0005752327158231273 -0.5321979395051726 -0.8466197625225692
		outer loop
			vertex -457.73577880859375 118.16912841796875 17.186716079711914
			vertex -465.630615234375 118.13290405273438 17.21485137939453
			vertex -465.630615234375 118.36267852783203 17.070411682128906
		endloop
	endfacet
	facet normal 0.0006060332285981079 -0.6924440330808622 -0.721471339537778
		outer loop
			vertex -457.73577880859375 118.16912841796875 17.186716079711914
			vertex -457.73577880859375 117.96817016601562 17.379589080810547
			vertex -465.630615234375 118.13290405273438 17.21485137939453
		endloop
	endfacet
	facet normal -0.0003284536019360593 -0.3268116318290283 -0.9450894399047527
		outer loop
			vertex -457.73577880859375 118.38616180419922 17.059547424316406
			vertex -465.630615234375 118.36267852783203 17.070411682128906
			vertex -465.630615234375 118.62532806396484 16.97958755493164
		endloop
	endfacet
	facet normal 0.00031644370402200987 -0.5055484151969356 -0.8627981801993146
		outer loop
			vertex -457.73577880859375 118.38616180419922 17.059547424316406
			vertex -457.73577880859375 118.16912841796875 17.186716079711914
			vertex -465.630615234375 118.36267852783203 17.070411682128906
		endloop
	endfacet
	facet normal 0.000015346838300581267 -0.31662056088094087 -0.9485522759405057
		outer loop
			vertex -457.73577880859375 118.62657928466797 16.979297637939453
			vertex -457.73577880859375 118.38616180419922 17.059547424316406
			vertex -465.630615234375 118.62532806396484 16.97958755493164
		endloop
	endfacet
	facet normal -0.002110742604380333 -0.08174746879797959 -0.9966508396177578
		outer loop
			vertex -457.73577880859375 118.90425872802734 16.93998908996582
			vertex -465.630615234375 118.62532806396484 16.97958755493164
			vertex -465.630615234375 119.18684387207031 16.933530807495117
		endloop
	endfacet
	facet normal -0.000014145908102470154 -0.14016345040345526 -0.9901283790352094
		outer loop
			vertex -457.73577880859375 118.90425872802734 16.93998908996582
			vertex -457.73577880859375 118.62657928466797 16.979297637939453
			vertex -465.630615234375 118.62532806396484 16.97958755493164
		endloop
	endfacet
	facet normal 0 -0.022848322450765818 -0.9997389430052158
		outer loop
			vertex -457.73577880859375 119.18684387207031 16.933530807495117
			vertex -457.73577880859375 118.90425872802734 16.93998908996582
			vertex -465.630615234375 119.18684387207031 16.933530807495117
		endloop
	endfacet
	facet normal 0 -0.9997386452195918 0.02286134848375041
		outer loop
			vertex -457.73577880859375 117.69330596923828 18.716121673583984
			vertex -465.630615234375 117.68684387207031 18.433530807495117
			vertex -457.73577880859375 117.68684387207031 18.433530807495117
		endloop
	endfacet
	facet normal -0.00211042109543913 -0.9966506097159502 0.08175027997276056
		outer loop
			vertex -457.73577880859375 117.69330596923828 18.716121673583984
			vertex -465.630615234375 117.73290252685547 18.99505043029785
			vertex -465.630615234375 117.68684387207031 18.433530807495117
		endloop
	endfacet
	facet normal -0.000014180860563893058 -0.9901293228657105 0.140156782926809
		outer loop
			vertex -457.73577880859375 117.73261260986328 18.99380111694336
			vertex -465.630615234375 117.73290252685547 18.99505043029785
			vertex -457.73577880859375 117.69330596923828 18.716121673583984
		endloop
	endfacet
	facet normal -0.00032818173876751096 -0.9450859333837756 0.32682177225035686
		outer loop
			vertex -457.73577880859375 117.8128662109375 19.23421287536621
			vertex -465.630615234375 117.82373046875 19.257701873779297
			vertex -465.630615234375 117.73290252685547 18.99505043029785
		endloop
	endfacet
	facet normal 0.000015273809547886634 -0.9485454922216326 0.3166408832616717
		outer loop
			vertex -457.73577880859375 117.8128662109375 19.23421287536621
			vertex -465.630615234375 117.73290252685547 18.99505043029785
			vertex -457.73577880859375 117.73261260986328 18.99380111694336
		endloop
	endfacet
	facet normal -0.000575522585078201 -0.8466157813007645 0.5322042724614771
		outer loop
			vertex -457.73577880859375 117.94003295898438 19.451250076293945
			vertex -465.630615234375 117.96817016601562 19.487472534179688
			vertex -465.630615234375 117.82373046875 19.257701873779297
		endloop
	endfacet
	facet normal 0.0003167637579902026 -0.8628053632054695 0.5055361558628619
		outer loop
			vertex -457.73577880859375 117.94003295898438 19.451250076293945
			vertex -465.630615234375 117.82373046875 19.257701873779297
			vertex -457.73577880859375 117.8128662109375 19.23421287536621
		endloop
	endfacet
	facet normal -0.000606061774479218 -0.6924475974042417 0.7214679185786564
		outer loop
			vertex -457.73577880859375 118.13290405273438 19.652212142944336
			vertex -465.630615234375 118.16912841796875 19.680347442626953
			vertex -465.630615234375 117.96817016601562 19.487472534179688
		endloop
	endfacet
	facet normal 0.0006056082940291469 -0.7214813271854957 0.6924336269717482
		outer loop
			vertex -457.73577880859375 118.13290405273438 19.652212142944336
			vertex -465.630615234375 117.96817016601562 19.487472534179688
			vertex -457.73577880859375 117.94003295898438 19.451250076293945
		endloop
	endfacet
	facet normal -0.0003162352567944784 -0.5055484152302715 0.8627981802562076
		outer loop
			vertex -457.73577880859375 118.36267852783203 19.796649932861328
			vertex -465.630615234375 118.38616180419922 19.80751609802246
			vertex -465.630615234375 118.16912841796875 19.680347442626953
		endloop
	endfacet
	facet normal 0.0005752671132804888 -0.5321929022147153 0.846622928994973
		outer loop
			vertex -457.73577880859375 118.36267852783203 19.796649932861328
			vertex -465.630615234375 118.16912841796875 19.680347442626953
			vertex -457.73577880859375 118.13290405273438 19.652212142944336
		endloop
	endfacet
	facet normal -0.000015346838300581267 -0.31662056088094087 0.9485522759405057
		outer loop
			vertex -457.73577880859375 118.62532806396484 19.887475967407227
			vertex -465.630615234375 118.62657928466797 19.887765884399414
			vertex -465.630615234375 118.38616180419922 19.80751609802246
		endloop
	endfacet
	facet normal 0.000014145908102470154 -0.14016345040345526 0.9901283790352094
		outer loop
			vertex -457.73577880859375 118.62532806396484 19.887475967407227
			vertex -465.630615234375 118.90425872802734 19.927074432373047
			vertex -465.630615234375 118.62657928466797 19.887765884399414
		endloop
	endfacet
	facet normal 0.00032866077844088905 -0.3268177619519837 0.9450873200158751
		outer loop
			vertex -457.73577880859375 118.62532806396484 19.887475967407227
			vertex -465.630615234375 118.38616180419922 19.80751609802246
			vertex -457.73577880859375 118.36267852783203 19.796649932861328
		endloop
	endfacet
	facet normal 0 -0.022841578091681386 0.9997390971199845
		outer loop
			vertex -457.73577880859375 119.18684387207031 19.933530807495117
			vertex -465.630615234375 119.18684387207031 19.933530807495117
			vertex -465.630615234375 118.90425872802734 19.927074432373047
		endloop
	endfacet
	facet normal 0.0021108627971231143 -0.08174410599054013 0.9966511151822685
		outer loop
			vertex -457.73577880859375 119.18684387207031 19.933530807495117
			vertex -465.630615234375 118.90425872802734 19.927074432373047
			vertex -457.73577880859375 118.62532806396484 19.887475967407227
		endloop
	endfacet
	facet normal 0 0.9997392582262515 -0.02283452564044895
		outer loop
			vertex -465.630615234375 126.62682342529297 18.433530807495117
			vertex -457.73577880859375 126.62682342529297 18.433530807495117
			vertex -457.73577880859375 126.62036895751953 18.150941848754883
		endloop
	endfacet
	facet normal 0.000015273809547886634 0.9485454922216326 -0.3166408832616717
		outer loop
			vertex -465.630615234375 126.58077239990234 17.872013092041016
			vertex -457.73577880859375 126.58106231689453 17.873262405395508
			vertex -457.73577880859375 126.50080871582031 17.632850646972656
		endloop
	endfacet
	facet normal -0.000014180860563893058 0.9901293228657105 -0.140156782926809
		outer loop
			vertex -465.630615234375 126.58077239990234 17.872013092041016
			vertex -457.73577880859375 126.62036895751953 18.150941848754883
			vertex -457.73577880859375 126.58106231689453 17.873262405395508
		endloop
	endfacet
	facet normal -0.002110892002659316 0.9966516893398942 -0.0817371046152726
		outer loop
			vertex -465.630615234375 126.58077239990234 17.872013092041016
			vertex -465.630615234375 126.62682342529297 18.433530807495117
			vertex -457.73577880859375 126.62036895751953 18.150941848754883
		endloop
	endfacet
	facet normal 0.00031675125139321244 0.862807301008942 -0.5055328485808911
		outer loop
			vertex -465.630615234375 126.48994445800781 17.60936164855957
			vertex -457.73577880859375 126.50080871582031 17.632850646972656
			vertex -457.73577880859375 126.37364196777344 17.41581153869629
		endloop
	endfacet
	facet normal -0.00032818173876751096 0.9450859333837756 -0.32682177225035686
		outer loop
			vertex -465.630615234375 126.48994445800781 17.60936164855957
			vertex -465.630615234375 126.58077239990234 17.872013092041016
			vertex -457.73577880859375 126.50080871582031 17.632850646972656
		endloop
	endfacet
	facet normal 0.000605635691131175 0.7214780439475993 -0.692437047901797
		outer loop
			vertex -465.630615234375 126.34550476074219 17.379589080810547
			vertex -457.73577880859375 126.37364196777344 17.41581153869629
			vertex -457.73577880859375 126.18077087402344 17.21485137939453
		endloop
	endfacet
	facet normal -0.000575544207877633 0.8466177718482948 -0.5322011059172027
		outer loop
			vertex -465.630615234375 126.34550476074219 17.379589080810547
			vertex -465.630615234375 126.48994445800781 17.60936164855957
			vertex -457.73577880859375 126.37364196777344 17.41581153869629
		endloop
	endfacet
	facet normal 0.0005752327158231273 0.5321979395051726 -0.8466197625225692
		outer loop
			vertex -465.630615234375 126.14454650878906 17.186716079711914
			vertex -457.73577880859375 126.18077087402344 17.21485137939453
			vertex -457.73577880859375 125.95099639892578 17.070411682128906
		endloop
	endfacet
	facet normal -0.0006060332285981079 0.6924440330808622 -0.721471339537778
		outer loop
			vertex -465.630615234375 126.14454650878906 17.186716079711914
			vertex -465.630615234375 126.34550476074219 17.379589080810547
			vertex -457.73577880859375 126.18077087402344 17.21485137939453
		endloop
	endfacet
	facet normal 0.00032813777846948554 0.3268116318629133 -0.9450894400027429
		outer loop
			vertex -465.630615234375 125.92750549316406 17.059547424316406
			vertex -457.73577880859375 125.95099639892578 17.070411682128906
			vertex -457.73577880859375 125.68834686279297 16.97958755493164
		endloop
	endfacet
	facet normal -0.00031688222449314385 0.5055351858728575 -0.8628059314991705
		outer loop
			vertex -465.630615234375 125.92750549316406 17.059547424316406
			vertex -465.630615234375 126.14454650878906 17.186716079711914
			vertex -457.73577880859375 125.95099639892578 17.070411682128906
		endloop
	endfacet
	facet normal -0.00001534838192779094 0.31662960148389446 -0.9485492581983171
		outer loop
			vertex -465.630615234375 125.68709564208984 16.979297637939453
			vertex -465.630615234375 125.92750549316406 17.059547424316406
			vertex -457.73577880859375 125.68834686279297 16.97958755493164
		endloop
	endfacet
	facet normal 0.002110782037720224 0.08174636551416714 -0.996650930027366
		outer loop
			vertex -465.630615234375 125.40941619873047 16.93998908996582
			vertex -457.73577880859375 125.68834686279297 16.97958755493164
			vertex -457.73577880859375 125.12682342529297 16.933530807495117
		endloop
	endfacet
	facet normal 0.000014145908102470154 0.14016345040345526 -0.9901283790352094
		outer loop
			vertex -465.630615234375 125.40941619873047 16.93998908996582
			vertex -465.630615234375 125.68709564208984 16.979297637939453
			vertex -457.73577880859375 125.68834686279297 16.97958755493164
		endloop
	endfacet
	facet normal 0 0.022847705917421815 -0.9997389570954566
		outer loop
			vertex -465.630615234375 125.12682342529297 16.933530807495117
			vertex -465.630615234375 125.40941619873047 16.93998908996582
			vertex -457.73577880859375 125.12682342529297 16.933530807495117
		endloop
	endfacet
	facet normal 0 0.9997392617446195 0.022834371599050964
		outer loop
			vertex -465.630615234375 126.62036895751953 18.716121673583984
			vertex -457.73577880859375 126.62682342529297 18.433530807495117
			vertex -465.630615234375 126.62682342529297 18.433530807495117
		endloop
	endfacet
	facet normal 0.0021109018597411907 0.9966517119368474 0.08173682882697317
		outer loop
			vertex -465.630615234375 126.62036895751953 18.716121673583984
			vertex -457.73577880859375 126.58077239990234 18.99505043029785
			vertex -457.73577880859375 126.62682342529297 18.433530807495117
		endloop
	endfacet
	facet normal 0.000014180860563893058 0.9901293228657105 0.140156782926809
		outer loop
			vertex -465.630615234375 126.58106231689453 18.99380111694336
			vertex -457.73577880859375 126.58077239990234 18.99505043029785
			vertex -465.630615234375 126.62036895751953 18.716121673583984
		endloop
	endfacet
	facet normal 0.00032818173876751096 0.9450859333837756 0.32682177225035686
		outer loop
			vertex -465.630615234375 126.50080871582031 19.23421287536621
			vertex -457.73577880859375 126.48994445800781 19.257701873779297
			vertex -457.73577880859375 126.58077239990234 18.99505043029785
		endloop
	endfacet
	facet normal -0.000015273809547886634 0.9485454922216326 0.3166408832616717
		outer loop
			vertex -465.630615234375 126.50080871582031 19.23421287536621
			vertex -457.73577880859375 126.58077239990234 18.99505043029785
			vertex -465.630615234375 126.58106231689453 18.99380111694336
		endloop
	endfacet
	facet normal 0.000575522585078201 0.8466157813007645 0.5322042724614771
		outer loop
			vertex -465.630615234375 126.37364196777344 19.451250076293945
			vertex -457.73577880859375 126.34550476074219 19.487472534179688
			vertex -457.73577880859375 126.48994445800781 19.257701873779297
		endloop
	endfacet
	facet normal -0.0003167637579902026 0.8628053632054695 0.5055361558628619
		outer loop
			vertex -465.630615234375 126.37364196777344 19.451250076293945
			vertex -457.73577880859375 126.48994445800781 19.257701873779297
			vertex -465.630615234375 126.50080871582031 19.23421287536621
		endloop
	endfacet
	facet normal 0.000606061774479218 0.6924475974042417 0.7214679185786564
		outer loop
			vertex -465.630615234375 126.18077087402344 19.652212142944336
			vertex -457.73577880859375 126.14454650878906 19.680347442626953
			vertex -457.73577880859375 126.34550476074219 19.487472534179688
		endloop
	endfacet
	facet normal -0.0006056082940291469 0.7214813271854957 0.6924336269717482
		outer loop
			vertex -465.630615234375 126.18077087402344 19.652212142944336
			vertex -457.73577880859375 126.34550476074219 19.487472534179688
			vertex -465.630615234375 126.37364196777344 19.451250076293945
		endloop
	endfacet
	facet normal 0.00031667377539299944 0.505535185906239 0.8628059315561435
		outer loop
			vertex -465.630615234375 125.95099639892578 19.796649932861328
			vertex -457.73577880859375 125.92750549316406 19.80751609802246
			vertex -457.73577880859375 126.14454650878906 19.680347442626953
		endloop
	endfacet
	facet normal -0.0005752671132804888 0.5321929022147153 0.846622928994973
		outer loop
			vertex -465.630615234375 125.95099639892578 19.796649932861328
			vertex -457.73577880859375 126.14454650878906 19.680347442626953
			vertex -465.630615234375 126.18077087402344 19.652212142944336
		endloop
	endfacet
	facet normal 0.00001534838192779094 0.31662960148389446 0.9485492581983171
		outer loop
			vertex -465.630615234375 125.68834686279297 19.887475967407227
			vertex -457.73577880859375 125.68709564208984 19.887765884399414
			vertex -457.73577880859375 125.92750549316406 19.80751609802246
		endloop
	endfacet
	facet normal -0.000014145908102470154 0.14016345040345526 0.9901283790352094
		outer loop
			vertex -465.630615234375 125.68834686279297 19.887475967407227
			vertex -457.73577880859375 125.40941619873047 19.927074432373047
			vertex -457.73577880859375 125.68709564208984 19.887765884399414
		endloop
	endfacet
	facet normal -0.0003283449490503442 0.3268177619858913 0.9450873201139288
		outer loop
			vertex -465.630615234375 125.68834686279297 19.887475967407227
			vertex -457.73577880859375 125.92750549316406 19.80751609802246
			vertex -465.630615234375 125.95099639892578 19.796649932861328
		endloop
	endfacet
	facet normal 0 0.02284096174013544 0.9997391112019105
		outer loop
			vertex -465.630615234375 125.12682342529297 19.933530807495117
			vertex -457.73577880859375 125.12682342529297 19.933530807495117
			vertex -457.73577880859375 125.40941619873047 19.927074432373047
		endloop
	endfacet
	facet normal -0.002110902228843862 0.08174300275150223 0.9966512055844553
		outer loop
			vertex -465.630615234375 125.12682342529297 19.933530807495117
			vertex -457.73577880859375 125.40941619873047 19.927074432373047
			vertex -465.630615234375 125.68834686279297 19.887475967407227
		endloop
	endfacet
	facet normal 0 1 0
		outer loop
			vertex -400.0849304199219 136.35769653320312 25.433530807495117
			vertex -400.0849304199219 136.35769653320312 16.933530807495117
			vertex -447.8212890625 136.35769653320312 16.933530807495117
		endloop
	endfacet
	facet normal 0 1 0
		outer loop
			vertex -400.0849304199219 136.35769653320312 25.433530807495117
			vertex -447.8212890625 136.35769653320312 16.933530807495117
			vertex -447.8212890625 136.35769653320312 25.433530807495117
		endloop
	endfacet
	facet normal -1 0 0
		outer loop
			vertex -447.8212890625 133.85789489746094 16.933530807495117
			vertex -447.8212890625 133.85789489746094 25.433530807495117
			vertex -447.8212890625 136.35769653320312 25.433530807495117
		endloop
	endfacet
	facet normal -1 0 0
		outer loop
			vertex -447.8212890625 133.85789489746094 16.933530807495117
			vertex -447.8212890625 136.35769653320312 25.433530807495117
			vertex -447.8212890625 136.35769653320312 16.933530807495117
		endloop
	endfacet
	facet normal 0 -1 0
		outer loop
			vertex -400.0849304199219 133.85789489746094 16.933530807495117
			vertex -400.0849304199219 133.85789489746094 25.433530807495117
			vertex -447.8212890625 133.85789489746094 25.433530807495117
		endloop
	endfacet
	facet normal 0 -1 0
		outer loop
			vertex -400.0849304199219 133.85789489746094 16.933530807495117
			vertex -447.8212890625 133.85789489746094 25.433530807495117
			vertex -447.8212890625 133.85789489746094 16.933530807495117
		endloop
	endfacet
	facet normal 1 0 0
		outer loop
			vertex -400.0849304199219 133.85789489746094 25.433530807495117
			vertex -400.0849304199219 133.85789489746094 16.933530807495117
			vertex -400.0849304199219 136.35769653320312 16.933530807495117
		endloop
	endfacet
	facet normal 1 0 0
		outer loop
			vertex -400.0849304199219 133.85789489746094 25.433530807495117
			vertex -400.0849304199219 136.35769653320312 16.933530807495117
			vertex -400.0849304199219 136.35769653320312 25.433530807495117
		endloop
	endfacet
	facet normal 0 0 -1
		outer loop
			vertex -447.8212890625 133.85789489746094 16.933530807495117
			vertex -400.0849304199219 136.35769653320312 16.933530807495117
			vertex -400.0849304199219 133.85789489746094 16.933530807495117
		endloop
	endfacet
	facet normal 0 0 -1
		outer loop
			vertex -447.8212890625 136.35769653320312 16.933530807495117
			vertex -400.0849304199219 136.35769653320312 16.933530807495117
			vertex -447.8212890625 133.85789489746094 16.933530807495117
		endloop
	endfacet
	facet normal 0 0 1
		outer loop
			vertex -400.0849304199219 133.85789489746094 25.433530807495117
			vertex -447.8212890625 136.35769653320312 25.433530807495117
			vertex -447.8212890625 133.85789489746094 25.433530807495117
		endloop
	endfacet
	facet normal 0 0 1
		outer loop
			vertex -400.0849304199219 136.35769653320312 25.433530807495117
			vertex -447.8212890625 136.35769653320312 25.433530807495117
			vertex -400.0849304199219 133.85789489746094 25.433530807495117
		endloop
	endfacet
	facet normal 0 -1 0
		outer loop
			vertex -399.9860534667969 85.59896850585938 16.933530807495117
			vertex -399.9860534667969 85.59896850585938 25.433530807495117
			vertex -438.68359375 85.59896850585938 25.433530807495117
		endloop
	endfacet
	facet normal 0 -1 0
		outer loop
			vertex -399.9860534667969 85.59896850585938 16.933530807495117
			vertex -438.68359375 85.59896850585938 25.433530807495117
			vertex -438.68359375 85.59896850585938 16.933530807495117
		endloop
	endfacet
	facet normal 1 0 0
		outer loop
			vertex -399.9860534667969 85.59896850585938 25.433530807495117
			vertex -399.9860534667969 85.59896850585938 16.933530807495117
			vertex -399.9860534667969 88.0987777709961 16.933530807495117
		endloop
	endfacet
	facet normal 1 0 0
		outer loop
			vertex -399.9860534667969 85.59896850585938 25.433530807495117
			vertex -399.9860534667969 88.0987777709961 16.933530807495117
			vertex -399.9860534667969 88.0987777709961 25.433530807495117
		endloop
	endfacet
	facet normal 0 1 0
		outer loop
			vertex -399.9860534667969 88.0987777709961 25.433530807495117
			vertex -399.9860534667969 88.0987777709961 16.933530807495117
			vertex -438.68359375 88.0987777709961 16.933530807495117
		endloop
	endfacet
	facet normal 0 1 0
		outer loop
			vertex -399.9860534667969 88.0987777709961 25.433530807495117
			vertex -438.68359375 88.0987777709961 16.933530807495117
			vertex -438.68359375 88.0987777709961 25.433530807495117
		endloop
	endfacet
	facet normal -1 0 0
		outer loop
			vertex -438.68359375 85.59896850585938 16.933530807495117
			vertex -438.68359375 85.59896850585938 25.433530807495117
			vertex -438.68359375 88.0987777709961 25.433530807495117
		endloop
	endfacet
	facet normal -1 0 0
		outer loop
			vertex -438.68359375 85.59896850585938 16.933530807495117
			vertex -438.68359375 88.0987777709961 25.433530807495117
			vertex -438.68359375 88.0987777709961 16.933530807495117
		endloop
	endfacet
	facet normal 0 0 -1
		outer loop
			vertex -438.68359375 88.0987777709961 16.933530807495117
			vertex -399.9860534667969 88.0987777709961 16.933530807495117
			vertex -399.9860534667969 85.59896850585938 16.933530807495117
		endloop
	endfacet
	facet normal 0 0 -1
		outer loop
			vertex -438.68359375 88.0987777709961 16.933530807495117
			vertex -399.9860534667969 85.59896850585938 16.933530807495117
			vertex -438.68359375 85.59896850585938 16.933530807495117
		endloop
	endfacet
	facet normal 0 0 1
		outer loop
			vertex -399.9860534667969 88.0987777709961 25.433530807495117
			vertex -438.68359375 85.59896850585938 25.433530807495117
			vertex -399.9860534667969 85.59896850585938 25.433530807495117
		endloop
	endfacet
	facet normal 0 0 1
		outer loop
			vertex -399.9860534667969 88.0987777709961 25.433530807495117
			vertex -438.68359375 88.0987777709961 25.433530807495117
			vertex -438.68359375 85.59896850585938 25.433530807495117
		endloop
	endfacet
	facet normal -1 0 0
		outer loop
			vertex -415.9735107421875 117.99755859375 16.933530807495117
			vertex -415.9735107421875 117.99755859375 18.13353157043457
			vertex -415.9735107421875 126.30199432373047 18.13353157043457
		endloop
	endfacet
	facet normal -1 0 0
		outer loop
			vertex -415.9735107421875 117.99755859375 16.933530807495117
			vertex -415.9735107421875 126.30199432373047 18.13353157043457
			vertex -415.9735107421875 126.30199432373047 16.933530807495117
		endloop
	endfacet
	facet normal 0 -1 0
		outer loop
			vertex -409.3215026855469 117.99755859375 16.933530807495117
			vertex -409.3215026855469 117.99755859375 18.13353157043457
			vertex -415.9735107421875 117.99755859375 18.13353157043457
		endloop
	endfacet
	facet normal 0 -1 0
		outer loop
			vertex -409.3215026855469 117.99755859375 16.933530807495117
			vertex -415.9735107421875 117.99755859375 18.13353157043457
			vertex -415.9735107421875 117.99755859375 16.933530807495117
		endloop
	endfacet
	facet normal 1 0 0
		outer loop
			vertex -409.3215026855469 117.99755859375 18.13353157043457
			vertex -409.3215026855469 117.99755859375 16.933530807495117
			vertex -409.3215026855469 126.30199432373047 16.933530807495117
		endloop
	endfacet
	facet normal 1 0 0
		outer loop
			vertex -409.3215026855469 117.99755859375 18.13353157043457
			vertex -409.3215026855469 126.30199432373047 16.933530807495117
			vertex -409.3215026855469 126.30199432373047 18.13353157043457
		endloop
	endfacet
	facet normal 0 1 0
		outer loop
			vertex -409.3215026855469 126.30199432373047 18.13353157043457
			vertex -409.3215026855469 126.30199432373047 16.933530807495117
			vertex -415.9735107421875 126.30199432373047 16.933530807495117
		endloop
	endfacet
	facet normal 0 1 0
		outer loop
			vertex -409.3215026855469 126.30199432373047 18.13353157043457
			vertex -415.9735107421875 126.30199432373047 16.933530807495117
			vertex -415.9735107421875 126.30199432373047 18.13353157043457
		endloop
	endfacet
	facet normal 0 0 -1
		outer loop
			vertex -415.9735107421875 126.30199432373047 16.933530807495117
			vertex -409.3215026855469 126.30199432373047 16.933530807495117
			vertex -409.3215026855469 117.99755859375 16.933530807495117
		endloop
	endfacet
	facet normal 0 0 -1
		outer loop
			vertex -415.9735107421875 126.30199432373047 16.933530807495117
			vertex -409.3215026855469 117.99755859375 16.933530807495117
			vertex -415.9735107421875 117.99755859375 16.933530807495117
		endloop
	endfacet
	facet normal 0 0 1
		outer loop
			vertex -409.3215026855469 126.30199432373047 18.13353157043457
			vertex -415.9735107421875 126.30199432373047 18.13353157043457
			vertex -415.9735107421875 117.99755859375 18.13353157043457
		endloop
	endfacet
	facet normal 0 0 1
		outer loop
			vertex -409.3215026855469 126.30199432373047 18.13353157043457
			vertex -415.9735107421875 117.99755859375 18.13353157043457
			vertex -409.3215026855469 117.99755859375 18.13353157043457
		endloop
	endfacet
endsolid exported
